"complexo","num","estrutura","operador","tipo","estrutura_maior","contrato","contrato_status","instalada","idade_anos","lamina_m","lat","lon"
"24103","1","C","Sanare Energy Partners, LLC","FIXED","Y","G05687","TERMIN","1992-03-27","34.4","375","28.71832","-89.393091"
"23932","1","A","Sanare Energy Partners, LLC","FIXED","Y","G05498","TERMIN","1990-01-01","36.6","80","28.732422","-91.607955"
"10128","1","A","Sanare Energy Partners, LLC","FIXED","Y","G03241","TERMIN","1979-01-01","47.6","182","28.355982","-93.955105"
"29040","1","JA","Sanare Energy Partners, LLC","FIXED","Y","G13563","TERMIN","1996-04-29","30.3","71","28.9240605","-93.15463911"
"1641","1","1","Sanare Energy Partners, LLC","CAIS","N","G23730","TERMIN","2005-01-26","21.5","26","29.70266672","-93.53982432"
"1641","2","G","Sanare Energy Partners, LLC","FIXED","Y","G23730","TERMIN","2005-10-06","20.8","26","29.70257243","-93.54003332"
"1639","1","2","Sanare Energy Partners, LLC","CAIS","N","G21534","TERMIN","2005-01-29","21.5","34","29.64665093","-93.56543151"
"783","1","B","Sanare Energy Partners, LLC","FIXED","N","G11383","TERMIN","2000-09-09","25.9","177","28.40485287","-93.94137798"
"1252","1","B","Sanare Energy Partners, LLC","FIXED","N","G21532","TERMIN","2003-05-24","23.2","34","29.65248163","-93.5690095"
"1398","1","2","Sanare Energy Partners, LLC","CAIS","N","G21532","TERMIN","2003-11-21","22.7","34","29.66092992","-93.56682698"
"1653","1","2","Sanare Energy Partners, LLC","CAIS","N","G23730","TERMIN","2005-03-13","21.4","26","29.70590878","-93.53052634"
"2050","1","A","Sanare Energy Partners, LLC","FIXED","N","G22268","TERMIN","2007-07-07","19.1","165","28.41132767","-93.88791867"
"2119","1","3","Sanare Energy Partners, LLC","CAIS","N","G21534","TERMIN","2008-07-17","18.1","37","29.63230887","-93.5656406"
"2275","1","D","Sanare Energy Partners, LLC","FIXED","Y","G25937","TERMIN","2009-10-03","16.9","55","29.33651852","-92.98828894"
"2469","1","B","Sanare Energy Partners, LLC","FIXED","N","G32207","RELINQ","2012-05-07","14.3","242","28.25926368","-91.06088608"
"21337","3","A-AUX2","Avocet LNG, LLC","FIXED","Y","G01997","TERMIN","1977-01-01","49.6","44","29.396268","-93.25159"
"20281","1","23","Nugulf Operating, L.L.C.","FIXED","N","00694","TERMIN","1960-01-01","66.6","35","28.970884","-89.241993"
"20284","1","38","Nugulf Operating, L.L.C.","FIXED","N","00694","TERMIN","1961-01-01","65.6","55","28.965606","-89.252423"
"20292","1","49","Nugulf Operating, L.L.C.","FIXED","N","00353","TERMIN","1958-01-01","68.6","36","28.978209","-89.24597"
"20297","1","5 Z","Nugulf Operating, L.L.C.","FIXED","N","00694","TERMIN","1959-01-01","67.6","45","28.976433","-89.248071"
"20300","1","9 Z","Nugulf Operating, L.L.C.","FIXED","N","00694","TERMIN","1959-01-01","67.6","35","28.97458","-89.246045"
"20302","1","Z","Nugulf Operating, L.L.C.","FIXED","Y","00694","TERMIN","1960-01-01","66.6","75","28.969785","-89.245275"
"20312","1","13 V","Nugulf Operating, L.L.C.","FIXED","N","00694","TERMIN","1966-01-01","60.6","65","28.971302","-89.266766"
"20313","1","10","Nugulf Operating, L.L.C.","FIXED","N","00694","TERMIN","1961-01-01","65.6","40","28.974491","-89.241906"
"20314","1","12","Nugulf Operating, L.L.C.","FIXED","N","00694","TERMIN","1960-01-01","66.6","35","28.971236","-89.26264"
"20315","1","15","Nugulf Operating, L.L.C.","FIXED","N","00694","TERMIN","1960-01-01","66.6","40","28.970951","-89.24612"
"20316","1","16","Nugulf Operating, L.L.C.","FIXED","N","00694","TERMIN","1960-01-01","66.6","35","28.974646","-89.250172"
"20317","1","21 V","Nugulf Operating, L.L.C.","FIXED","N","00694","TERMIN","1960-01-01","66.6","35","28.968475","-89.266812"
"20318","1","18","Nugulf Operating, L.L.C.","FIXED","N","00694","TERMIN","1960-01-01","66.6","35","28.967585","-89.262702"
"20359","1","66","Nugulf Operating, L.L.C.","FIXED","N","00694","TERMIN","1962-01-01","64.6","55","28.962832","-89.26305"
"20360","1","A71","Nugulf Operating, L.L.C.","FIXED","N","00694","TERMIN","1962-01-01","64.6","45","28.965617","-89.244511"
"20366","1","130","Nugulf Operating, L.L.C.","FIXED","N","00353","TERMIN","1964-01-01","62.6","36","28.979663","-89.264674"
"20399","1","93","Nugulf Operating, L.L.C.","FIXED","N","00694","TERMIN","1967-01-01","59.6","50","28.972683","-89.257287"
"20400","1","79","Nugulf Operating, L.L.C.","FIXED","N","00694","TERMIN","1964-01-01","62.6","45","28.968552","-89.262495"
"20403","1","24","Nugulf Operating, L.L.C.","FIXED","N","00694","TERMIN","1960-01-01","66.6","60","28.967321","-89.246195"
"20405","1","A17","Nugulf Operating, L.L.C.","FIXED","N","00694","TERMIN","1960-01-01","66.6","35","28.971169","-89.259814"
"20407","1","1 V","Nugulf Operating, L.L.C.","FIXED","N","00694","TERMIN","1959-01-01","67.6","36","28.976691","-89.264579"
"20478","1","AA WEST","Nugulf Operating, L.L.C.","FIXED","N","00694","TERMIN","1960-01-01","66.6","65","28.96232","-89.238668"
"20478","2","AA East","Nugulf Operating, L.L.C.","FIXED","N","00694","TERMIN","1960-01-01","66.6","65","28.96260697","-89.23792"
"20544","1","37","Nugulf Operating, L.L.C.","FIXED","N","00694","TERMIN","1961-01-01","65.6","35","28.9607","-89.238077"
"20546","1","33","Nugulf Operating, L.L.C.","FIXED","N","00694","TERMIN","1960-01-01","66.6","35","28.964792","-89.237679"
"20547","1","60","Nugulf Operating, L.L.C.","FIXED","N","00694","TERMIN","1962-01-01","64.6","65","28.964773","-89.236522"
"20549","1","99","Nugulf Operating, L.L.C.","FIXED","N","00694","TERMIN","1968-01-01","58.6","35","28.966156","-89.229344"
"20550","1","30","Nugulf Operating, L.L.C.","FIXED","N","00694","TERMIN","1960-01-01","66.6","50","28.961594","-89.246326"
"20681","1","48","Nugulf Operating, L.L.C.","FIXED","N","00694","TERMIN","1967-01-01","59.6","70","28.962224","-89.252493"
"2027","1","A","Bennu Oil & Gas, LLC","FIXED","Y","G27532","TERMIN","2007-07-15","19.1","477","27.8930966","-94.32367099"
"24139","1","102(T) (SL 1012","Whitney Oil & Gas, LLC","CAIS","N","00353","TERMIN","1968-01-01","58.6","36","28.98208683","-89.26059005"
"24140","1","160 (SL 1012)","Whitney Oil & Gas, LLC","CAIS","N","00353","TERMIN","1968-01-01","58.6","36","28.986981","-89.235785"
"24249","1","257(SL 1012)","Whitney Oil & Gas, LLC","WP","N","00353","TERMIN","1987-01-01","39.6","37","28.98732499","-89.24655966"
"24250","1","225 (SL 1012)T","Whitney Oil & Gas, LLC","WP","N","00353","TERMIN","1975-01-01","51.6","48","28.98788823","-89.24069244"
"24251","1","85(SL 1012)(w)","Whitney Oil & Gas, LLC","WP","N","00353","TERMIN","1974-01-01","52.6","43","28.98440146","-89.26277242"
"24252","1","98(SL 1012)(M)","Whitney Oil & Gas, LLC","WP","N","00353","TERMIN","1977-01-01","49.6","47","28.9818061","-89.26577837"
"24253","1","271(SL 1012)M","Whitney Oil & Gas, LLC","WP","N","00353","TERMIN","1977-01-01","49.6","45","28.9824498","-89.22475996"
"20278","1","35-SL 1011","Whitney Oil & Gas, LLC","FIXED","N","00352","TERMIN","1959-01-01","67.6","35","28.98158704","-89.27329902"
"31029","1","47(SL 1012)","Whitney Oil & Gas, LLC","CAIS","N","00353","TERMIN","1966-01-01","60.6","38","28.98486531","-89.24581925"
"31028","1","52 (SL1012)T","Whitney Oil & Gas, LLC","CAIS","N","00353","TERMIN","1962-01-01","64.6","36","28.98493137","-89.24994667"
"22383","1","CB","Talos Energy Offshore LLC","FIXED","N","G02316","TERMIN","1980-01-01","46.6","40","28.989249","-91.863618"
"32030","1","A","Talos Energy Offshore LLC","FIXED","Y","G11881","TERMIN","1996-08-10","30","180","28.44849806","-92.50992514"
"90020","1","CD/FMER CAIS.#1","Talos Energy Offshore LLC","FIXED","N","G02316","TERMIN","1998-08-05","28","60","29.002","-91.877"
"1281","1","A","Talos Energy Offshore LLC","CAIS","N","G18054","TERMIN","2003-04-21","23.3","60","28.84680452","-90.68844742"
"1342","1","B","Talos Energy Offshore LLC","FIXED","Y","G18054","TERMIN","2003-11-10","22.8","59","28.84488184","-90.69391569"
"1745","1","B","Talos Energy Offshore LLC","CAIS","Y","G22738","TERMIN","2005-11-08","20.8","64","28.76955709","-90.74085664"
"2018","1","C","Talos Energy Offshore LLC","CAIS","N","G22738","TERMIN","2007-06-06","19.2","63","28.77455346","-90.73364092"
"2594","1","C","Talos Energy Offshore LLC","FIXED","N","G33604","TERMIN","2014-08-21","12","188","28.41478296","-92.48895825"
"20219","1","A","Renaissance Offshore, LLC","FIXED","Y","G01604","TERMIN","1972-01-01","54.6","373","28.587231","-89.6998"
"20604","1","B","Renaissance Offshore, LLC","FIXED","Y","00829","RELINQ","1969-01-01","57.6","110","28.492212","-91.099923"
"20622","1","A-QRT","Renaissance Offshore, LLC","FIXED","Y","00829","RELINQ","1969-01-01","57.6","112","28.507043","-91.101953"
"20622","2","A-PRD","Renaissance Offshore, LLC","FIXED","Y","00829","RELINQ","1970-01-01","56.6","112","28.506768","-91.101953"
"20622","3","A-CMP","Renaissance Offshore, LLC","FIXED","Y","00829","RELINQ","1973-01-01","53.6","112","28.507043","-91.102264"
"21476","1","A","Renaissance Offshore, LLC","FIXED","Y","G01034","RELINQ","1968-01-01","58.6","180","28.356955","-91.088269"
"21477","1","B","Renaissance Offshore, LLC","FIXED","Y","G01034","RELINQ","1971-01-01","55.6","178","28.356369","-91.069778"
"21665","1","B","Renaissance Offshore, LLC","FIXED","Y","G01036","TERMIN","1972-01-01","54.6","205","28.334738","-91.194185"
"619","1","A","Renaissance Offshore, LLC","FIXED","N","G14585","TERMIN","2000-03-02","26.4","240","29.32724991","-88.24009019"
"1076","1","A","Renaissance Offshore, LLC","FIXED","Y","G15349","RELINQ","2002-12-13","23.7","460","28.08805437","-90.67218588"
"2537","1","DD","Renaissance Offshore, LLC","CAIS","N","G34355","RELINQ","2013-12-24","12.6","45","29.11922218","-89.56113344"
"24201","1","A","High Point Gas Gathering, L.L.C.","FIXED","Y","G09743","TERMIN","1995-07-27","31","673","29.16740033","-88.45586715"
"20928","1","A","Transcontinental Gas Pipe Line Company, LLC","FIXED","N","00558","TERMIN","1958-01-01","68.6","27","29.300422","-92.395344"
"21929","2","Junction","Transcontinental Gas Pipe Line Company, LLC","FIXED","N","G02279","TERMIN","1980-01-01","46.6","193","28.41118287","-92.05439075"
"1855","1","B","Arena Offshore, LP","FIXED","Y","G36211","EXPIR","2006-04-10","20.3","252","28.25529001","-91.43369287"
"1946","1","1","Arena Offshore, LP","CAIS","N","G27851","TERMIN","2007-01-24","19.5","23","29.28573067","-92.20606215"
"2208","1","2","Arena Offshore, LP","CAIS","N","G27851","TERMIN","2008-10-16","17.8","23","29.26056512","-92.20380517"
"2233","1","E","Arena Offshore, LP","FIXED","N","G02955","TERMIN","2009-06-13","17.2","178","29.41988333","-88.59310084"
"2234","1","D","Arena Offshore, LP","FIXED","N","G02955","TERMIN","2009-06-13","17.2","176","29.43413937","-88.57574942"
"2346","1","JE","Arena Offshore, LP","CAIS","N","00796","TERMIN","2010-04-09","16.3","25","29.06317729","-91.44833501"
"2370","1","E","Arena Offshore, LP","CAIS","N","G31369","TERMIN","2010-03-06","16.4","26","29.08160619","-91.48825921"
"1958","1","3","Matagorda Island Gas Operations,LLC","CAIS","N","G03096","TERMIN","2007-02-27","19.5","75","28.04181371","-96.57569825"
"1950","1","2","Matagorda Island Gas Operations,LLC","CAIS","N","G03096","TERMIN","2006-06-11","20.2","72","28.03386318","-96.5764048"
"1976","1","4","Matagorda Island Gas Operations,LLC","CAIS","N","G03096","TERMIN","2007-03-01","19.4","72","28.02690776","-96.58366572"
"1985","1","7","Matagorda Island Gas Operations,LLC","CAIS","N","G03091","TERMIN","2007-05-18","19.2","74","28.0614146","-96.5522601"
"2127","1","D","Matagorda Island Gas Operations,LLC","FIXED","N","G04139","TERMIN","2008-05-15","18.2","72","28.0420848","-96.60496724"
"2161","1","8","Matagorda Island Gas Operations,LLC","CAIS","N","G03091","TERMIN","2008-07-03","18.1","75","28.07304345","-96.56643707"
"2178","1","9","Matagorda Island Gas Operations,LLC","CAIS","N","G03091","TERMIN","2008-07-11","18.1","75","28.08733667","-96.54329571"
"20739","1","B","Kinetica Partners, LLC","FIXED","Y","G02105","TERMIN","1972-01-01","54.6","214","28.342558","-91.537566"
"20917","2","A-CG","Kinetica Partners, LLC","FIXED","N","00437","TERMIN","1958-01-01","68.6","108","28.704729","-91.764334"
"21830","1","CA","Talos Energy Offshore LLC","FIXED","Y","G02316","TERMIN","1973-01-01","53.6","40","28.990786","-91.874465"
"21830","2","A-PRD","Talos Energy Offshore LLC","FIXED","Y","G02316","TERMIN","1978-01-01","48.6","40","28.990648","-91.87462"
"22085","1","A","Talos Energy Offshore LLC","FIXED","Y","G02130","TERMIN","1978-01-01","48.6","190","28.422152","-91.973082"
"22085","2","A-PRD","Talos Energy Offshore LLC","FIXED","Y","G02130","TERMIN","1978-01-01","48.6","190","28.421841","-91.97308"
"674","1","25","Cox Operating, L.L.C.","FIXED","N","G01351","RELINQ","2000-02-20","26.5","25","29.68297973","-93.74735992"
"1867","1","GB","Cox Operating, L.L.C.","CAIS","N","00263","RELINQ","2006-05-27","20.2","51","28.99189028","-90.2421021"
"2107","1","37","Cox Operating, L.L.C.","CAIS","N","00385","RELINQ","2007-09-01","18.9","38","29.14780122","-89.61130261"
"2129","1","18","Cox Operating, L.L.C.","CAIS","N","00384","RELINQ","2008-04-20","18.3","37","29.13637703","-89.55453818"
"2468","1","B","Cox Operating, L.L.C.","FIXED","N","G04473","RELINQ","2012-11-01","13.8","41","29.13413305","-89.5423115"
"2535","1","19","Cox Operating, L.L.C.","CAIS","N","00384","RELINQ","2014-04-02","12.4","35","29.1456123","-89.57257283"
"2569","1","J","Cox Operating, L.L.C.","FIXED","N","00385","RELINQ","2014-03-06","12.4","43","29.13597158","-89.61064369"
"2570","1","C","Cox Operating, L.L.C.","FIXED","N","G32257","TERMIN","2014-12-14","11.7","200","29.357874","-88.26519037"
"22296","1","G","Arena Offshore, LP","FIXED","Y","G35951","TERMIN","1979-01-01","47.6","211","28.804811","-89.801788"
"23848","1","A","Arena Offshore, LP","FIXED","Y","G05052","RELINQ","1990-01-01","36.6","467","28.783336","-89.242226"
"20848","1","JB24","Arena Offshore, LP","FIXED","Y","00796","TERMIN","1971-01-01","55.6","25","29.051333","-91.448634"
"20849","1","JC19","Arena Offshore, LP","FIXED","N","00796","TERMIN","1961-01-01","65.6","23","29.055419","-91.452457"
"20850","1","18","Arena Offshore, LP","FIXED","N","00796","TERMIN","1961-01-01","65.6","23","29.059544","-91.452462"
"20854","1","13","Arena Offshore, LP","FIXED","N","00796","TERMIN","1960-01-01","66.6","23","29.06318","-91.448335"
"20870","2","B-PRD","Arena Offshore, LP","FIXED","Y","00796","TERMIN","1961-01-01","65.6","23","29.06096","-91.446298"
"20870","3","C-CMP","Arena Offshore, LP","FIXED","Y","00796","TERMIN","1962-01-01","64.6","23","29.061922","-91.446456"
"20870","4","D-QTR","Arena Offshore, LP","FIXED","Y","00796","TERMIN","1962-01-01","64.6","23","29.06192222","-91.44645573"
"22679","1","A","Arena Offshore, LP","FIXED","Y","G03332","TERMIN","1982-01-01","44.6","268","28.177835","-91.732779"
"23027","1","D","Arena Offshore, LP","FIXED","Y","G03783","TERMIN","1984-01-01","42.6","298","28.136093","-91.666895"
"23961","1","B","Arena Offshore, LP","FIXED","N","G05505","RELINQ","1991-01-01","35.6","123","28.588273","-91.524652"
"10074","1","A","Arena Offshore, LP","FIXED","Y","G02366","TERMIN","1976-01-01","50.6","173","28.255102","-94.208829"
"10088","2","C-AUX","Arena Offshore, LP","FIXED","Y","G02697","TERMIN","1979-01-01","47.6","200","28.049029","-94.438226"
"26111","1","38","Arena Offshore, LP","CAIS","N","00796","TERMIN","1995-01-12","31.6","25","29.05788221","-91.46980803"
"26111","2","JD","Arena Offshore, LP","CAIS","N","00796","TERMIN","2008-04-05","18.4","25","29.0579619","-91.4698676"
"753","1","A","Arena Offshore, LP","FIXED","N","G00977","RELINQ","2000-07-30","26","108","28.61276672","-91.46160156"
"1711","1","1","Arena Offshore, LP","CAIS","N","G21592","TERMIN","2005-06-05","21.2","25","29.29530942","-92.17882915"
"1685","1","F","Arena Offshore, LP","FIXED","N","G01106","TERMIN","2005-08-08","21","294","28.71137746","-89.70182855"
"21786","7","CC","Chevron U.S.A. Inc.","FIXED","N","00814","RELINQ","1961-01-01","65.6","26","28.859491","-91.130599"
"21786","1","CQRTS","Chevron U.S.A. Inc.","FIXED","N","00814","RELINQ","1973-01-01","53.6","26","28.85937","-91.130693"
"21786","2","B","Chevron U.S.A. Inc.","FIXED","Y","00814","RELINQ","1961-01-01","65.6","26","28.85937","-91.13038"
"21786","4","CA","Chevron U.S.A. Inc.","FIXED","N","00814","RELINQ","1961-01-01","65.6","26","28.859645","-91.130692"
"21786","5","11","Chevron U.S.A. Inc.","CAIS","N","00814","RELINQ","1961-01-01","65.6","26","28.85992","-91.130692"
"21786","8","D","Chevron U.S.A. Inc.","FIXED","Y","00814","RELINQ","1989-01-01","37.6","26","28.859204","-91.131668"
"21788","1","CB","Chevron U.S.A. Inc.","CAIS","N","00814","RELINQ","1960-01-01","66.6","20","28.85638209","-91.12250607"
"21788","2","CP","Chevron U.S.A. Inc.","FIXED","N","00814","RELINQ","1986-01-01","40.6","20","28.85629383","-91.12234383"
"21960","1","A","Chevron U.S.A. Inc.","FIXED","Y","G02923","TERMIN","1976-01-01","50.6","232","28.274631","-91.092698"
"23578","1","DA","Chevron U.S.A. Inc.","FIXED","N","G07750","RELINQ","1989-01-01","37.6","22","28.879032","-91.174234"
"23580","1","42","Chevron U.S.A. Inc.","CAIS","N","00814","RELINQ","1989-01-01","37.6","23","28.859931","-91.121811"
"21037","3","E-AUX","Chevron U.S.A. Inc.","FIXED","Y","G01146","RELINQ","1981-01-01","45.6","132","28.576831","-92.461162"
"21037","4","G","Chevron U.S.A. Inc.","FIXED","N","G01146","RELINQ","2007-05-11","19.3","132","28.57733761","-92.46073164"
"20108","1","B","Chevron U.S.A. Inc.","FIXED","Y","00385","RELINQ","1952-01-01","74.6","38","29.14719","-89.607103"
"20182","1","D","Chevron U.S.A. Inc.","FIXED","Y","00385","RELINQ","1952-01-01","74.6","39","29.137757","-89.595909"
"20183","1","C","Chevron U.S.A. Inc.","FIXED","N","00385","RELINQ","1952-01-01","74.6","39","29.129681","-89.605154"
"20184","1","CD","Chevron U.S.A. Inc.","FIXED","N","00385","RELINQ","1963-01-01","63.6","42","29.125855","-89.61179694"
"20185","1","CC","Chevron U.S.A. Inc.","FIXED","N","00385","RELINQ","1961-01-01","65.6","44","29.119526","-89.601977"
"20190","1","33","Chevron U.S.A. Inc.","CAIS","N","00384","RELINQ","1967-01-01","59.6","35","29.139881","-89.579135"
"20192","1","10","Chevron U.S.A. Inc.","CAIS","N","00384","RELINQ","1972-01-01","54.6","37","29.136373","-89.554654"
"20192","2","16","Chevron U.S.A. Inc.","CAIS","N","00384","RELINQ","2001-02-28","25.5","37","29.13637739","-89.55458516"
"21273","3","F","Chevron U.S.A. Inc.","FIXED","Y","00385","RELINQ","1955-01-01","71.6","23","29.142439","-89.610574"
"21273","4","E","Chevron U.S.A. Inc.","FIXED","Y","00385","RELINQ","1956-01-01","70.6","23","29.139644","-89.610496"
"21273","5","H","Chevron U.S.A. Inc.","FIXED","Y","00385","RELINQ","1956-01-01","70.6","23","29.142743","-89.611311"
"21273","2","I-QRT","Chevron U.S.A. Inc.","FIXED","N","00385","RELINQ","1956-01-01","70.6","23","29.14078","-89.607986"
"21273","1","A","Chevron U.S.A. Inc.","FIXED","Y","00385","RELINQ","1952-01-01","74.6","23","29.140784","-89.608299"
"21895","1","A","Chevron U.S.A. Inc.","FIXED","Y","G02445","RELINQ","1975-01-01","51.6","340","29.084538","-88.704538"
"22123","1","A","Chevron U.S.A. Inc.","FIXED","Y","G02184","RELINQ","1977-01-01","49.6","220","28.83066825","-89.40606141"
"22564","1","A","Chevron U.S.A. Inc.","FIXED","Y","G02937","RELINQ","1977-01-01","49.6","184","28.834041","-89.453156"
"22602","1","D","Chevron U.S.A. Inc.","FIXED","N","G02941","RELINQ","1981-01-01","45.6","180","28.839175","-89.412629"
"22763","1","C","Chevron U.S.A. Inc.","FIXED","Y","G02184","RELINQ","1980-01-01","46.6","240","28.822233","-89.394955"
"22776","1","B","Chevron U.S.A. Inc.","FIXED","Y","G02940","RELINQ","1980-01-01","46.6","194","28.84389378","-89.39659466"
"23005","1","A","Chevron U.S.A. Inc.","FIXED","Y","G04481","RELINQ","1983-01-01","43.6","160","29.180795","-88.90307"
"23022","1","A","Chevron U.S.A. Inc.","FIXED","Y","G04473","RELINQ","1984-01-01","42.6","39","29.121449","-89.547345"
"23863","1","14","Chevron U.S.A. Inc.","FIXED","N","00384","RELINQ","1991-01-01","35.6","35","29.131147","-89.579021"
"20914","2","12","Chevron U.S.A. Inc.","CAIS","N","00814","RELINQ","1961-01-01","65.6","20","28.857987","-91.113401"
"24260","1","A","Apache Corporation","CAIS","Y","G14576","TERMIN","1996-03-13","30.4","37","29.65291839","-88.84936577"
"27044","1","CF#2","Apache Corporation","FIXED","N","G13572","TERMIN","1995-08-15","31","34","29.58838265","-92.89972007"
"20662","1","8","Union Oil Company of California","CAIS","N","00196","RELINQ","1964-01-01","62.6","12","29.311445","-91.527196"
"20664","1","16","Union Oil Company of California","CAIS","N","00196","RELINQ","1964-01-01","62.6","12","29.302503","-91.529297"
"20674","1","22","Union Oil Company of California","CAIS","N","00196","RELINQ","1973-01-01","53.6","12","29.310026","-91.532113"
"20692","1","12","Union Oil Company of California","FIXED","N","00196","RELINQ","1957-01-01","69.6","12","29.307643","-91.531268"
"20693","1","H","Union Oil Company of California","CAIS","N","00196","RELINQ","1957-01-01","69.6","12","29.307211","-91.525714"
"20695","1","20","Union Oil Company of California","CAIS","N","00196","RELINQ","1972-01-01","54.6","12","29.30696","-91.529698"
"20696","1","10","Union Oil Company of California","CAIS","N","00196","RELINQ","1965-01-01","61.6","12","29.31244457","-91.52289982"
"20700","1","5","Union Oil Company of California","CAIS","N","00196","RELINQ","1959-01-01","67.6","12","29.310919","-91.529705"
"20701","1","E","Union Oil Company of California","FIXED","N","00196","RELINQ","1954-01-01","72.6","12","29.30077019","-91.52968549"
"20701","2","E-PRD","Union Oil Company of California","FIXED","Y","00196","RELINQ","1954-01-01","72.6","12","29.30104519","-91.52968603"
"20701","4","27","Union Oil Company of California","CAIS","N","00196","RELINQ","1994-01-01","32.6","12","29.30053659","-91.52949682"
"20721","2","F-CMP","Union Oil Company of California","FIXED","Y","00196","RELINQ","1972-01-01","54.6","12","29.306604","-91.534356"
"20721","3","F-TANK","Union Oil Company of California","FIXED","Y","00196","RELINQ","1954-01-01","72.6","12","29.306603","-91.53467"
"20721","4","F-TRT","Union Oil Company of California","FIXED","N","00196","RELINQ","1954-01-01","72.6","12","29.306604","-91.534042"
"20721","1","F PROD","Union Oil Company of California","FIXED","Y","00196","RELINQ","1954-01-01","72.6","12","29.30707667","-91.53463606"
"21798","1","A","Union Oil Company of California","FIXED","Y","00196","RELINQ","1949-01-01","77.6","10","29.31081","-91.536375"
"21798","6","24","Union Oil Company of California","CAIS","N","00196","RELINQ","1979-01-01","47.6","10","29.311301","-91.535692"
"21798","9","30","Union Oil Company of California","CAIS","N","00196","RELINQ","1999-02-12","27.5","10","29.31140241","-91.53568011"
"21798","2","A-PRD","Union Oil Company of California","FIXED","Y","00196","RELINQ","1949-01-01","77.6","10","29.310809","-91.536689"
"21798","3","A-TNK","Union Oil Company of California","FIXED","N","00196","RELINQ","1949-01-01","77.6","10","29.31081","-91.536062"
"21798","4","A-QRT","Union Oil Company of California","FIXED","N","00196","RELINQ","1949-01-01","77.6","10","29.310535","-91.536375"
"21798","5","23","Union Oil Company of California","CAIS","N","00196","RELINQ","1979-01-01","47.6","10","29.311223","-91.53584"
"21798","7","25","Union Oil Company of California","CAIS","N","00196","RELINQ","1979-01-01","47.6","10","29.311405","-91.535548"
"21798","8","26","Union Oil Company of California","FIXED","N","00196","RELINQ","1993-01-01","33.6","10","29.31151009","-91.53540109"
"10071","1","A","Union Oil Company of California","FIXED","Y","G01757","TERMIN","1975-01-01","51.6","188","27.902779","-95.987635"
"10212","1","A","Union Oil Company of California","FIXED","Y","G02646","TERMIN","1982-01-01","44.6","924","27.827395","-94.626023"
"10572","1","B","Union Oil Company of California","FIXED","Y","G01757","TERMIN","1994-12-30","31.6","188","27.882169","-95.965506"
"32038","1","CAIS.#29","Union Oil Company of California","FIXED","N","00196","RELINQ","1996-08-15","30","10","29.31148501","-91.53561753"
"21725","1","A","Chevron U.S.A. Inc.","FIXED","Y","G02076","RELINQ","1971-01-01","55.6","127","28.696263","-92.262275"
"21908","1","B","Chevron U.S.A. Inc.","FIXED","Y","G02076","RELINQ","1975-01-01","51.6","127","28.689201","-92.266576"
"21992","1","1","Chevron U.S.A. Inc.","CAIS","N","G02868","RELINQ","1975-01-01","51.6","12","29.43305","-92.18772"
"22619","1","3","Chevron U.S.A. Inc.","CAIS","N","G02868","RELINQ","1982-01-01","44.6","15","29.447243","-92.193643"
"22664","1","A","Chevron U.S.A. Inc.","FIXED","Y","G02868","RELINQ","1982-01-01","44.6","15","29.447858","-92.192885"
"22664","2","A-QTR","Chevron U.S.A. Inc.","FIXED","Y","G02868","RELINQ","1984-01-01","42.6","15","29.446129","-92.192864"
"22664","3","A-PRD","Chevron U.S.A. Inc.","FIXED","Y","G02868","RELINQ","1984-01-01","42.6","15","29.447586","-92.192877"
"22664","4","A-CMP","Chevron U.S.A. Inc.","FIXED","Y","G02868","RELINQ","1984-01-01","42.6","15","29.447861","-92.192879"
"22704","1","6","Chevron U.S.A. Inc.","CAIS","N","G02868","RELINQ","1982-01-01","44.6","14","29.447289","-92.18667"
"22805","1","8","Chevron U.S.A. Inc.","CAIS","N","G02868","RELINQ","1983-01-01","43.6","17","29.438278","-92.176615"
"22843","1","9","Chevron U.S.A. Inc.","CAIS","N","G02868","RELINQ","1983-01-01","43.6","15","29.448476","-92.173161"
"22937","1","14","Chevron U.S.A. Inc.","CAIS","N","G02868","RELINQ","1984-01-01","42.6","16","29.445205","-92.168605"
"22961","1","13","Chevron U.S.A. Inc.","CAIS","N","G02868","RELINQ","1984-01-01","42.6","15","29.438517","-92.194825"
"23023","1","18","Chevron U.S.A. Inc.","CAIS","N","G02868","RELINQ","1984-01-01","42.6","14","29.43812","-92.169076"
"23631","1","F","Chevron U.S.A. Inc.","FIXED","Y","G01146","RELINQ","1985-01-01","41.6","133","28.570823","-92.445409"
"10091","1","B","Chevron U.S.A. Inc.","FIXED","Y","G02388","TERMIN","1977-01-01","49.6","305","27.964052","-94.388912"
"20592","1","10","Chevron U.S.A. Inc.","CAIS","N","G01351","RELINQ","1966-01-01","60.6","26","29.678151","-93.716455"
"20592","2","PROD","Chevron U.S.A. Inc.","FIXED","Y","G01351","RELINQ","1966-01-01","60.6","26","29.678146","-93.716691"
"20620","3","E","Chevron U.S.A. Inc.","FIXED","N","G01351","RELINQ","1983-01-01","43.6","20","29.685731","-93.73019"
"20620","1","A","Chevron U.S.A. Inc.","FIXED","N","G01351","RELINQ","1965-01-01","61.6","20","29.685317","-93.729541"
"20620","2","D","Chevron U.S.A. Inc.","FIXED","N","G01351","RELINQ","1972-01-01","54.6","20","29.686096","-93.729036"
"20620","4","A-AUX","Chevron U.S.A. Inc.","FIXED","Y","G01351","RELINQ","2003-11-15","22.7","20","29.68602118","-93.72924231"
"32041","1","C","Chevron U.S.A. Inc.","FIXED","Y","G02076","RELINQ","1996-03-26","30.4","130","28.68787669","-92.28009663"
"257","1","A","Chevron U.S.A. Inc.","FIXED","Y","G10930","TERMIN","1998-07-05","28.1","120","29.74576585","-88.15825087"
"346","1","AH","Chevron U.S.A. Inc.","FIXED","N","G04473","RELINQ","1998-11-01","27.8","32","29.15987176","-89.51632403"
"459","1","D","Chevron U.S.A. Inc.","FIXED","N","G02076","RELINQ","1999-07-01","27.1","128","28.70629363","-92.26931262"
"722","1","H","Chevron U.S.A. Inc.","FIXED","N","G01351","RELINQ","2000-06-09","26.2","21","29.67495294","-93.76040694"
"916","1","24","Chevron U.S.A. Inc.","CAIS","N","G02868","RELINQ","2001-04-26","25.3","16","29.4484924","-92.19643779"
"1274","1","I","Chevron U.S.A. Inc.","CAIS","N","G22501","RELINQ","2003-10-28","22.8","35","29.62470104","-93.67306854"
"1305","1","C","Chevron U.S.A. Inc.","CAIS","N","G04473","RELINQ","2003-09-29","22.9","33","29.13894509","-89.52171719"
"2410","1","H","Chevron U.S.A. Inc.","FIXED","N","G01146","RELINQ","2011-01-19","15.6","129","28.58943905","-92.44581651"
"22440","1","A","W & T Offshore, Inc.","FIXED","Y","00590","TERMIN","1981-01-01","45.6","90","28.602353","-91.278189"
"22529","1","B","W & T Offshore, Inc.","FIXED","Y","G01528","TERMIN","1981-01-01","45.6","127","28.445863","-90.893478"
"22210","1","A","McMoRan Oil & Gas LLC","FIXED","Y","G02947","RELINQ","1977-01-01","49.6","146","29.26643","-88.907959"
"22210","2","CF","McMoRan Oil & Gas LLC","FIXED","Y","G02947","RELINQ","1979-01-01","47.6","146","29.266851","-88.908755"
"22289","1","B","McMoRan Oil & Gas LLC","FIXED","Y","G03417","RELINQ","1979-01-01","47.6","120","29.25332419","-88.93064473"
"22576","1","C","McMoRan Oil & Gas LLC","FIXED","Y","G03417","RELINQ","1979-01-01","47.6","135","29.24449","-88.916251"
"21907","1","B","McMoRan Oil & Gas LLC","FIXED","Y","G02062","TERMIN","1975-01-01","51.6","275","28.145659","-92.979509"
"23347","1","B","McMoRan Oil & Gas LLC","FIXED","Y","G01210","TERMIN","1989-01-01","37.6","139","28.594798","-91.869782"
"23376","1","C","McMoRan Oil & Gas LLC","FIXED","Y","G07703","TERMIN","1990-01-01","36.6","140","28.599846","-91.880386"
"32037","1","E","McMoRan Oil & Gas LLC","FIXED","Y","G02062","TERMIN","1996-10-27","29.8","242","28.17172038","-92.99082483"
"26067","1","A","W & T Offshore, Inc.","FIXED","N","G09631","TERMIN","1994-01-01","32.6","285","28.19232372","-91.10260794"
"27017","1","JA","W & T Offshore, Inc.","FIXED","Y","G13607","TERMIN","1995-01-25","31.5","97","28.80942007","-92.05837548"
"1588","1","C","W & T Offshore, Inc.","CAIS","N","G24954","TERMIN","2004-10-22","21.8","70","28.93632816","-90.16560694"
"728","1","D (Lynx)","McMoRan Oil & Gas LLC","FIXED","N","G07703","TERMIN","2000-06-07","26.2","143","28.57765969","-91.88594128"
"408","1","A","W & T Offshore, Inc.","FIXED","Y","G13662","TERMIN","1999-08-15","27","300","29.2694096","-88.23751348"
"407","1","A","W & T Offshore, Inc.","FIXED","Y","G13672","TERMIN","1999-08-02","27","322","29.26908083","-88.19008"
"913","1","A","W & T Offshore, Inc.","CAIS","N","G15277","TERMIN","2002-01-01","24.6","28","28.94600287","-91.3209163"
"1263","1","16","W & T Offshore, Inc.","CAIS","N","G01848","TERMIN","2003-05-22","23.2","42","29.24039567","-93.79455531"
"1434","1","A","W & T Offshore, Inc.","FIXED","N","G24954","TERMIN","2004-01-25","22.5","68","28.93737697","-90.18116569"
"1490","1","B","W & T Offshore, Inc.","CAIS","N","G24954","TERMIN","2004-04-25","22.3","68","28.93860297","-90.17367087"
"1490","3","B PROD","W & T Offshore, Inc.","FIXED","Y","G24954","TERMIN","2006-09-23","19.9","68","28.93815376","-90.17356362"
"1490","4","B-AUX","W & T Offshore, Inc.","CAIS","N","G24954","TERMIN","2007-07-01","19.1","68","28.93848346","-90.17383792"
"1713","1","A","W & T Offshore, Inc.","CAIS","N","G24898","TERMIN","2005-04-23","21.3","33","28.93339443","-91.36006838"
"1755","1","E","W & T Offshore, Inc.","CAIS","N","G24954","TERMIN","2006-07-30","20","69","28.92978134","-90.15929363"
"20714","1","B","J. M. Huber Corporation","FIXED","Y","00165","RELINQ","1964-01-01","62.6","50","28.99628","-90.234397"
"20717","1","D","J. M. Huber Corporation","FIXED","Y","G27147","RELINQ","1966-01-01","60.6","50","28.986497","-90.202128"
"20717","2","E","J. M. Huber Corporation","FIXED","Y","G27147","RELINQ","1983-01-01","43.6","50","28.986642","-90.201344"
"20961","1","1","J. M. Huber Corporation","CAIS","N","G01362","RELINQ","1964-01-01","62.6","50","28.988586","-90.251558"
"20966","1","G","J. M. Huber Corporation","FIXED","Y","00263","RELINQ","1956-01-01","70.6","46","28.995238","-90.25108"
"20967","1","109","J. M. Huber Corporation","FIXED","N","00263","RELINQ","1970-01-01","56.6","47","29.001539","-90.252551"
"20968","1","101","J. M. Huber Corporation","FIXED","N","00263","RELINQ","1967-01-01","59.6","50","28.991875","-90.250184"
"20969","1","100","J. M. Huber Corporation","FIXED","N","00263","RELINQ","1967-01-01","59.6","46","28.998011","-90.258179"
"20972","1","92","J. M. Huber Corporation","FIXED","N","00263","RELINQ","1966-01-01","60.6","50","28.999078","-90.257517"
"20977","1","81","J. M. Huber Corporation","FIXED","N","00263","RELINQ","1965-01-01","61.6","48","28.991752","-90.242635"
"20978","1","80","J. M. Huber Corporation","FIXED","N","00263","RELINQ","1965-01-01","61.6","42","29.022674","-90.257612"
"20978","2","DB","J. M. Huber Corporation","CAIS","N","00263","RELINQ","2006-01-21","20.6","42","29.02255061","-90.25765724"
"20990","1","15","J. M. Huber Corporation","FIXED","N","00263","RELINQ","1959-01-01","67.6","40","29.013558","-90.258948"
"20993","1","WG#6 & 115","J. M. Huber Corporation","FIXED","N","00263","RELINQ","1958-01-01","68.6","37","29.016967","-90.265563"
"21070","1","116","J. M. Huber Corporation","FIXED","N","00263","RELINQ","1963-01-01","63.6","46","28.9966","-90.260227"
"23051","1","A","Taylor Energy Company LLC","FIXED","Y","G04935","RELINQ","1984-01-01","42.6","475","28.938022","-88.970963"
"1837","1","F","W & T Offshore, Inc.","CAIS","N","G24954","TERMIN","2006-04-11","20.3","71","28.93404087","-90.15987546"
"2180","1","B","W & T Offshore, Inc.","CAIS","N","G24898","TERMIN","2008-09-17","17.9","40","28.94884027","-91.34155845"
"2374","1","B-Newfield","W & T Offshore, Inc.","FIXED","Y","G01082","TERMIN","2010-05-13","16.2","156","28.95651957","-89.75198128"
"21090","1","87","J. M. Huber Corporation","FIXED","N","00263","RELINQ","1965-01-01","61.6","48","29.000851","-90.241964"
"21090","2","GE","J. M. Huber Corporation","CAIS","N","00263","RELINQ","2007-12-23","18.6","48","29.00089627","-90.24205773"
"21098","1","H","J. M. Huber Corporation","FIXED","Y","00263","RELINQ","1956-01-01","70.6","36","29.0194959","-90.27587943"
"21098","2","D","J. M. Huber Corporation","FIXED","Y","00263","RELINQ","1956-01-01","70.6","36","29.019496","-90.275879"
"21100","1","48","J. M. Huber Corporation","FIXED","N","00263","RELINQ","1962-01-01","64.6","50","28.999592","-90.25789"
"21108","1","F","J. M. Huber Corporation","FIXED","Y","G01362","RELINQ","1964-01-01","62.6","49","28.986569","-90.250391"
"21108","2","PRD","J. M. Huber Corporation","FIXED","Y","G01362","RELINQ","1964-01-01","62.6","49","28.98780936","-90.25069085"
"21161","1","88","J. M. Huber Corporation","FIXED","N","00263","RELINQ","1966-01-01","60.6","46","28.994901","-90.242038"
"21935","1","DA","J. M. Huber Corporation","CAIS","N","00263","RELINQ","1966-01-01","60.6","42","29.01654003","-90.27830687"
"21935","2","DA-Aux","J. M. Huber Corporation","CAIS","N","00263","RELINQ","2005-04-18","21.3","42","29.01644342","-90.27827659"
"22966","1","F","J. M. Huber Corporation","FIXED","Y","00165","RELINQ","1984-01-01","42.6","50","28.996691","-90.238703"
"23801","1","124","J. M. Huber Corporation","FIXED","N","00263","RELINQ","1989-01-01","37.6","40","29.021826","-90.271312"
"1911","1","GC","J. M. Huber Corporation","CAIS","N","00263","RELINQ","1965-01-01","61.6","55","28.99462809","-90.24722392"
"10285","1","A","Noble Energy, Inc.","FIXED","Y","G04081","RELINQ","1985-01-01","41.6","276","28.006372","-94.102363"
"24085","1","A","Noble Energy, Inc.","FIXED","Y","G09478","TERMIN","1994-07-26","32","250","28.164072","-92.862457"
"27028","1","A","Noble Energy, Inc.","FIXED","Y","G09514","TERMIN","1995-08-26","31","219","28.2648941","-92.20941753"
"23872","1","B","Freeport-McMoRan Energy LLC","FIXED","Y","G12362","TERMIN","1991-01-01","35.6","209","29.268639","-88.75596"
"23873","1","BW-CONTROL","Freeport-McMoRan Energy LLC","FIXED","Y","G09372","TERMIN","1991-01-01","35.6","209","29.27927","-88.75804"
"23874","1","PRD1RIG","Freeport-McMoRan Energy LLC","FIXED","N","G09372","TERMIN","1991-01-01","35.6","210","29.265656","-88.758138"
"23874","2","PRD2RIG","Freeport-McMoRan Energy LLC","FIXED","N","G09372","TERMIN","1991-01-01","35.6","210","29.267543","-88.763203"
"23874","4","STR","Freeport-McMoRan Energy LLC","FIXED","N","G09372","TERMIN","1991-01-01","35.6","210","29.26073","-88.77481"
"23876","1","FP","Freeport-McMoRan Energy LLC","FIXED","Y","G12362","TERMIN","1991-01-01","35.6","209","29.264714","-88.772089"
"23896","1","A","Freeport-McMoRan Energy LLC","FIXED","Y","G12362","TERMIN","1991-01-01","35.6","212","29.263202","-88.759226"
"24248","2","BS","Freeport-McMoRan Energy LLC","FIXED","N","G09372","TERMIN","1992-01-01","34.6","212","29.262356","-88.767815"
"24248","7","BS-Y","Freeport-McMoRan Energy LLC","FIXED","N","G09372","TERMIN","1991-01-01","35.6","212","29.26651","-88.760735"
"24248","8","BS","Freeport-McMoRan Energy LLC","FIXED","N","G09372","TERMIN","1991-01-01","35.6","212","29.267495","-88.761852"
"24248","9","BS","Freeport-McMoRan Energy LLC","FIXED","N","G09372","TERMIN","1991-01-01","35.6","212","29.265649","-88.75949"
"1288","1","A (Gunnison)","Anadarko Petroleum Corporation","SPAR","Y","G17407","TERMIN","2003-12-09","22.7","3150","27.30383941","-93.53830635"
"21654","2","E-AUX","Ridgelake Energy, Inc.","FIXED","Y","00420","TERMIN","1956-01-01","70.6","54","28.697428","-91.193065"
"21654","1","E","Ridgelake Energy, Inc.","FIXED","Y","00420","TERMIN","1956-01-01","70.6","54","28.69742808","-91.1927535"
"20055","1","B","Exxon Mobil Corporation","FIXED","N","00020","RELINQ","1956-01-01","70.6","65","28.813497","-90.39431"
"20056","1","H","Exxon Mobil Corporation","FIXED","N","00020","RELINQ","1967-01-01","59.6","66","28.798935","-90.414521"
"20082","1","J","Exxon Mobil Corporation","FIXED","Y","00034","RELINQ","1955-01-01","71.6","53","29.100774","-89.99444"
"20084","1","T","Exxon Mobil Corporation","FIXED","Y","00034","RELINQ","1962-01-01","64.6","48","29.110924","-90.023942"
"20085","1","Q","Exxon Mobil Corporation","FIXED","Y","00031","RELINQ","1961-01-01","65.6","55","29.094551","-89.989758"
"20087","1","P","Exxon Mobil Corporation","FIXED","Y","00031","RELINQ","1957-01-01","69.6","55","29.10864021","-89.96921566"
"20088","1","R","Exxon Mobil Corporation","FIXED","Y","00031","RELINQ","1962-01-01","64.6","55","29.122691","-89.966184"
"20089","1","W","Exxon Mobil Corporation","FIXED","Y","G01445","RELINQ","1966-01-01","60.6","65","29.094778","-89.942114"
"21655","1","J","Ridgelake Energy, Inc.","FIXED","N","00420","TERMIN","1966-01-01","60.6","62","28.689342","-91.203189"
"23972","1","B","Ridgelake Energy, Inc.","FIXED","N","00419","TERMIN","1992-01-01","34.6","51","28.72320393","-91.24154011"
"196","1","C","Ridgelake Energy, Inc.","FIXED","Y","00419","TERMIN","1998-05-10","28.3","51","28.73911778","-91.253181"
"2091","1","A","Ridgelake Energy, Inc.","FIXED","N","G24881","TERMIN","2007-10-12","18.8","27","29.21522613","-92.01013652"
"20203","1","E","Exxon Mobil Corporation","FIXED","N","00421","RELINQ","1958-01-01","68.6","65","28.855683","-90.37717"
"20486","1","U","Exxon Mobil Corporation","FIXED","Y","00031","RELINQ","1963-01-01","63.6","60","29.096877","-89.964525"
"22172","1","A","Exxon Mobil Corporation","FIXED","Y","G01619","RELINQ","1978-01-01","48.6","446","28.66291441","-89.40816289"
"22663","1","B","Exxon Mobil Corporation","FIXED","Y","G01096","TERMIN","1982-01-01","44.6","200","28.83174","-89.780082"
"22695","1","G","Exxon Mobil Corporation","FIXED","Y","00019","RELINQ","1982-01-01","44.6","66","28.833484","-90.416705"
"22695","2","G-QTR","Exxon Mobil Corporation","FIXED","N","00019","RELINQ","1987-01-01","39.6","66","28.832922","-90.416214"
"23151","1","B","Exxon Mobil Corporation","FIXED","Y","G01619","RELINQ","1985-01-01","41.6","450","28.669635","-89.393492"
"23893","1","A (Alabaster)","Exxon Mobil Corporation","FIXED","Y","G04939","RELINQ","1991-10-03","34.9","476","28.546431","-89.929614"
"24030","1","A","Exxon Mobil Corporation","FIXED","Y","G06668","RELINQ","1992-05-25","34.2","95","28.902763","-92.488892"
"10170","1","A","Exxon Mobil Corporation","FIXED","Y","G03091","TERMIN","1981-01-01","45.6","69","28.06623645","-96.57157688"
"10228","1","B","Exxon Mobil Corporation","FIXED","Y","G04139","TERMIN","1982-01-01","44.6","72","28.041196","-96.586114"
"1600","1","B","Exxon Mobil Corporation","FIXED","N","G06668","RELINQ","2004-12-17","21.7","96","28.90966806","-92.52163538"
"183","1","A (Hoover)","Exxon Mobil Corporation","SPAR","Y","G10380","TERMIN","2000-04-25","26.3","4825","26.93905139","-94.68872137"
"1866","1","H","Anglo-Suisse Offshore Partners, LLC","FIXED","N","G01101","RELINQ","2006-06-20","20.1","199","28.81720753","-89.79848105"
"2222","1","A","Peregrine Oil & Gas, LP","FIXED","Y","G30654","TERMIN","2009-01-14","17.6","180","28.16048463","-94.73975396"
"10297","1","A","Walter Oil & Gas Corporation","FIXED","Y","G06280","RELINQ","1985-01-01","41.6","863","27.818735","-94.322836"
"2014","1","J","Walter Oil & Gas Corporation","CAIS","N","00422","RELINQ","2007-06-07","19.2","69","28.85270706","-90.39444191"
"20221","1","B","GOM Shelf LLC","FIXED","Y","G01106","TERMIN","1966-01-01","60.6","285","28.731548","-89.693004"
"27032","1","A","Manta Ray Gathering Company, L.L.C.","FIXED","Y","G13363","TERMIN","1995-12-17","30.7","541","27.92248336","-92.55396793"
"21433","1","A","GOM Shelf LLC","FIXED","Y","G01039","TERMIN","1964-01-01","62.6","235","28.320828","-91.212833"
"23229","1","A","GOM Shelf LLC","FIXED","Y","G04232","TERMIN","1983-01-01","43.6","78","28.564446","-90.803085"
"23563","1","C","GOM Shelf LLC","FIXED","Y","G01039","TERMIN","1989-01-01","37.6","210","28.311042","-91.208915"
"23591","1","A","GOM Shelf LLC","FIXED","Y","G09627","TERMIN","1989-01-01","37.6","218","28.299314","-91.087579"
"23906","1","B","GOM Shelf LLC","FIXED","Y","00479","TERMIN","1990-01-01","36.6","22","29.216772","-91.604263"
"23939","1","8","GOM Shelf LLC","CAIS","N","00479","TERMIN","1991-01-01","35.6","18","29.218997","-91.610661"
"23939","2","9","GOM Shelf LLC","FIXED","N","00479","TERMIN","1993-02-08","33.5","18","29.2189591","-91.6106323"
"21741","1","B","GOM Shelf LLC","FIXED","Y","G02311","TERMIN","1974-01-01","52.6","30","29.131186","-91.892132"
"10075","1","A","GOM Shelf LLC","FIXED","Y","G02665","TERMIN","1976-01-01","50.6","200","27.854496","-96.036418"
"10144","1","C","GOM Shelf LLC","FIXED","Y","G02719","TERMIN","1980-01-01","46.6","327","27.946333","-94.397567"
"10249","1","B","GOM Shelf LLC","FIXED","Y","G02665","TERMIN","1984-01-01","42.6","204","27.835135","-96.013057"
"10249","2","C-AUX","GOM Shelf LLC","FIXED","N","G02665","TERMIN","1986-01-01","40.6","204","27.835174","-96.013944"
"10249","3","E","GOM Shelf LLC","FIXED","N","G02665","TERMIN","1990-01-01","36.6","204","27.835125","-96.01263"
"10461","1","D","GOM Shelf LLC","FIXED","Y","G02665","TERMIN","1987-01-01","39.6","204","27.838765","-96.02819"
"26050","2","A-PRD","GOM Shelf LLC","FIXED","Y","G13917","TERMIN","1995-01-01","31.6","87","28.59312327","-91.01489041"
"26050","1","A","GOM Shelf LLC","FIXED","Y","G13917","TERMIN","1993-01-01","33.6","87","28.59305032","-91.01994045"
"2623","1","A (Appomattox)","Shell Offshore Inc.","SEMI","Y","G33733","EXPIR","2018-06-07","8.2","7400","28.57350034","-87.93421264"
"2503","1","A (Turritella)","Shell Offshore Inc.","FPSO","Y","G21861","TERMIN","2016-01-01","10.6","9560","26.42774525","-90.83349094"
"2690","1","A (Vito)","Shell Offshore Inc.","SEMI","Y","G35348","EXPIR","2022-10-29","3.8","4050","28.02538187","-89.20920265"
"2689","1","A (Whale)","Shell Offshore Inc.","SEMI","N","G36499","RELINQ","2024-02-25","2.5","8600","26.22344022","-94.67357195"
"23021","1","A","Manta Ray Offshore Gathering Company, L.L.C.","FIXED","Y","G04888","TERMIN","1984-01-01","42.6","283","28.214128","-90.420252"
"33032","1","P","Garden Banks Gas Pipeline, L.L.C.","FIXED","Y","G01208","TERMIN","1996-01-01","30.6","140","28.57249471","-91.95945007"
"86","1","12","GOM Shelf LLC","CAIS","N","00479","TERMIN","1997-11-19","28.7","21","29.21617566","-91.59209002"
"228","1","C","GOM Shelf LLC","FIXED","Y","00479","TERMIN","1998-10-05","27.9","22","29.21140388","-91.59512751"
"228","2","10","GOM Shelf LLC","CAIS","N","00479","TERMIN","1997-06-04","29.2","22","29.2114284","-91.59524355"
"693","1","D","GOM Shelf LLC","CAIS","N","00479","TERMIN","2000-04-01","26.4","17","29.22359084","-91.58009925"
"791","1","CAIS.F","GOM Shelf LLC","CAIS","N","G02311","TERMIN","2001-02-28","25.5","36","29.10919088","-91.89602131"
"1052","1","D (Cyrus)","GOM Shelf LLC","FIXED","Y","G02719","TERMIN","2002-05-11","24.3","440","27.91022528","-94.39643889"
"1702","1","G","GOM Shelf LLC","CAIS","N","00479","TERMIN","2005-09-09","20.9","19","29.22700774","-91.60303359"
"1822","1","M","GOM Shelf LLC","FIXED","N","G13917","TERMIN","2006-02-10","20.5","87","28.57070309","-91.01020194"
"21799","1","A","Talos ERT LLC","FIXED","Y","G02280","TERMIN","1974-01-01","52.6","215","28.310013","-92.009141"
"21800","1","C","Talos ERT LLC","FIXED","Y","G02280","TERMIN","1975-01-01","51.6","216","28.299618","-91.992497"
"21842","1","B","Talos ERT LLC","FIXED","Y","G02280","TERMIN","1974-01-01","52.6","215","28.29795625","-92.01181311"
"21842","2","D","Talos ERT LLC","FIXED","Y","G02280","TERMIN","1978-01-01","48.6","215","28.29896948","-92.01101537"
"21930","1","A","Talos ERT LLC","FIXED","Y","G02572","TERMIN","1976-01-01","50.6","218","28.270285","-92.263555"
"23096","1","E","Talos ERT LLC","FIXED","Y","G02280","TERMIN","1985-01-01","41.6","214","28.309757","-91.988931"
"23666","1","A","Talos ERT LLC","FIXED","Y","G06655","TERMIN","1988-01-01","38.6","313","28.07403","-92.698957"
"10093","1","A","Talos Energy Ventures, LLC","FIXED","Y","G03061","TERMIN","1977-01-01","49.6","260","27.727052","-96.191056"
"276","1","A","Talos Energy Ventures, LLC","FIXED","Y","G10910","TERMIN","1999-01-03","27.6","307","29.28542746","-88.17948374"
"289","1","C","Talos Energy Ventures, LLC","FIXED","N","G16515","TERMIN","1998-11-26","27.7","302","29.28882774","-88.21179237"
"23970","1","#8","Talos Petroleum LLC","CAIS","N","G05541","TERMIN","1992-03-12","34.4","24","28.89258579","-90.79569786"
"2531","1","G","Talos Energy Ventures, LLC","FIXED","N","G27083","TERMIN","2013-06-05","13.2","106","28.72885577","-91.87601258"
"20285","3","G","Guardian Decommissioning I, LLC","FIXED","Y","G01608","RELINQ","1985-01-01","41.6","185","29.056754","-88.964269"
"20285","2","D","Guardian Decommissioning I, LLC","FIXED","Y","G01608","RELINQ","1977-01-01","49.6","185","29.0569402","-88.96363215"
"20285","1","A","Guardian Decommissioning I, LLC","FIXED","Y","G01608","RELINQ","1971-01-01","55.6","185","29.05791912","-88.96421657"
"20319","1","B","Guardian Decommissioning I, LLC","FIXED","Y","G01608","RELINQ","1972-01-01","54.6","206","29.044284","-88.9666"
"20319","2","E","Guardian Decommissioning I, LLC","FIXED","Y","G01608","RELINQ","1980-01-01","46.6","206","29.04404954","-88.96686821"
"22717","1","A","Guardian Decommissioning I, LLC","FIXED","Y","G01612","RELINQ","1982-01-01","44.6","258","29.054785","-88.936622"
"10178","1","A (Cerveza)","Guardian Decommissioning I, LLC","FIXED","Y","G02647","TERMIN","1981-01-01","45.6","935","27.832726","-94.551311"
"20106","1","F","White Fleet Operating, LLC","FIXED","N","G01085","RELINQ","1968-01-01","58.6","180","28.96861","-89.655322"
"20114","1","A","White Fleet Operating, LLC","FIXED","Y","G01089","RELINQ","1964-01-01","62.6","183","28.93836154","-89.66049595"
"20114","2","E","White Fleet Operating, LLC","FIXED","Y","G01089","RELINQ","1973-01-01","53.6","183","28.938358","-89.660202"
"20114","3","B","White Fleet Operating, LLC","FIXED","Y","G01089","RELINQ","1968-01-01","58.6","183","28.93789519","-89.65973151"
"20226","1","D","White Fleet Operating, LLC","FIXED","Y","00841","RELINQ","1967-01-01","59.6","228","28.864884","-89.607329"
"20227","1","C","White Fleet Operating, LLC","FIXED","Y","00841","RELINQ","1965-01-01","61.6","228","28.861435","-89.631954"
"20228","1","B","White Fleet Operating, LLC","FIXED","Y","00840","RELINQ","1965-01-01","61.6","228","28.865498","-89.644076"
"20229","1","A","White Fleet Operating, LLC","FIXED","N","00840","RELINQ","1965-01-01","61.6","223","28.861953","-89.65684"
"20493","1","D","White Fleet Operating, LLC","FIXED","Y","G01085","RELINQ","1964-01-01","62.6","172","28.959757","-89.663233"
"20632","1","A","White Fleet Operating, LLC","FIXED","Y","G01361","RELINQ","1965-01-01","61.6","55","28.985354","-90.161417"
"20632","2","A-QRT","White Fleet Operating, LLC","FIXED","N","G01361","RELINQ","1971-01-01","55.6","55","28.985357","-90.16173"
"21590","1","A","White Fleet Operating, LLC","FIXED","Y","G02193","TERMIN","1973-01-01","53.6","165","29.293869","-88.861681"
"21749","1","E","White Fleet Operating, LLC","FIXED","N","G02620","RELINQ","1974-01-01","52.6","62","28.965362","-90.170736"
"21776","1","A","White Fleet Operating, LLC","FIXED","Y","G02161","RELINQ","1973-01-01","53.6","150","28.738287","-90.026164"
"21778","1","B","White Fleet Operating, LLC","FIXED","Y","G02193","TERMIN","1973-01-01","53.6","150","29.295539","-88.842289"
"21782","1","C","White Fleet Operating, LLC","FIXED","Y","G01870","RELINQ","1971-01-01","55.6","53","28.97847448","-90.17630189"
"21782","2","D-QTRS","White Fleet Operating, LLC","FIXED","Y","G01870","RELINQ","1971-01-01","55.6","53","28.97936435","-90.17586323"
"21782","4","BS-1","White Fleet Operating, LLC","FIXED","N","G01870","RELINQ","1981-01-01","45.6","53","28.9825","-90.17527778"
"21782","5","BS-2","White Fleet Operating, LLC","FIXED","N","G01870","RELINQ","1981-01-01","45.6","53","28.9825","-90.17527778"
"21782","3","F","White Fleet Operating, LLC","FIXED","Y","G01870","RELINQ","1979-01-01","47.6","53","28.98207136","-90.17504402"
"22087","1","C","White Fleet Operating, LLC","FIXED","Y","G01614","RELINQ","1974-01-01","52.6","264","29.029458","-88.94272"
"22087","2","D","White Fleet Operating, LLC","FIXED","Y","G01614","RELINQ","1977-01-01","49.6","264","29.02894475","-88.94369973"
"22224","1","A","White Fleet Operating, LLC","FIXED","Y","G02968","TERMIN","1978-01-01","48.6","428","28.642636","-89.794241"
"22662","1","B","White Fleet Operating, LLC","FIXED","Y","G01618","TERMIN","1982-02-09","44.5","422","28.680464","-89.387596"
"23407","1","G","White Fleet Operating, LLC","FIXED","N","G01085","RELINQ","1968-01-01","58.6","162","28.975714","-89.655291"
"23415","1","E","White Fleet Operating, LLC","FIXED","Y","00842","RELINQ","1987-01-01","39.6","237","28.851336","-89.601086"
"23439","1","A","White Fleet Operating, LLC","FIXED","Y","G05051","TERMIN","1986-01-01","40.6","356","28.801633","-89.299976"
"23826","1","B","White Fleet Operating, LLC","FIXED","N","G05612","TERMIN","1990-01-01","36.6","161","28.433669","-90.346932"
"20558","1","D","White Fleet Operating, LLC","FIXED","Y","G01523","TERMIN","1973-01-01","53.6","100","28.536636","-90.980598"
"20630","1","A","White Fleet Operating, LLC","FIXED","Y","G01520","TERMIN","1968-01-01","58.6","108","28.52923","-91.099355"
"20630","2","A-GEN","White Fleet Operating, LLC","FIXED","Y","G01520","TERMIN","1968-01-01","58.6","108","28.529231","-91.099667"
"20630","3","A-PRD","White Fleet Operating, LLC","FIXED","Y","G01520","TERMIN","1970-01-01","56.6","108","28.52923","-91.099044"
"20687","1","B","White Fleet Operating, LLC","FIXED","Y","00423","TERMIN","1964-01-01","62.6","65","28.747864","-91.367972"
"20806","1","F","White Fleet Operating, LLC","FIXED","Y","00071","RELINQ","1957-01-01","69.6","37","28.93022474","-90.71171911"
"20885","2","PRD","White Fleet Operating, LLC","FIXED","Y","00050","TERMIN","1955-01-01","71.6","37","28.979049","-91.4727"
"20885","4","CMP1","White Fleet Operating, LLC","FIXED","Y","00050","TERMIN","1955-01-01","71.6","37","28.978445","-91.472074"
"21206","1","C","White Fleet Operating, LLC","FIXED","Y","G01524","TERMIN","1970-01-01","56.6","110","28.505567","-90.970183"
"21301","1","C","White Fleet Operating, LLC","FIXED","Y","G02103","RELINQ","1972-01-01","54.6","152","28.474792","-91.364842"
"21303","1","D","White Fleet Operating, LLC","FIXED","Y","G02103","RELINQ","1972-01-01","54.6","155","28.483668","-91.349733"
"21304","1","A","White Fleet Operating, LLC","FIXED","Y","G01959","RELINQ","1970-01-01","56.6","158","28.464936","-91.390146"
"21304","2","B","White Fleet Operating, LLC","FIXED","Y","G01959","RELINQ","1971-01-01","55.6","158","28.464936","-91.390457"
"21452","1","B","White Fleet Operating, LLC","FIXED","Y","G01220","TERMIN","1964-01-01","62.6","80","28.832456","-91.730164"
"21566","1","A","White Fleet Operating, LLC","FIXED","Y","G00985","RELINQ","1964-01-01","62.6","170","28.453565","-91.456432"
"21567","1","B","White Fleet Operating, LLC","FIXED","Y","G00985","RELINQ","1966-01-01","60.6","170","28.459091","-91.464851"
"21568","1","C","White Fleet Operating, LLC","FIXED","Y","G00985","RELINQ","1968-01-01","58.6","160","28.477573","-91.440893"
"21962","1","A","White Fleet Operating, LLC","FIXED","Y","G02910","TERMIN","1976-01-01","50.6","262","28.22304","-91.537403"
"21988","4","B","White Fleet Operating, LLC","FIXED","Y","G02925","TERMIN","1979-01-01","47.6","30","28.947982","-90.723508"
"22428","1","JA","White Fleet Operating, LLC","FIXED","Y","G03152","TERMIN","1980-01-01","46.6","67","28.910908","-91.74479"
"22441","2","B","White Fleet Operating, LLC","FIXED","Y","G02919","TERMIN","1982-01-01","44.6","35","28.91866537","-90.77403776"
"22441","1","A","White Fleet Operating, LLC","FIXED","Y","G02919","TERMIN","1981-01-01","45.6","35","28.919239","-90.774377"
"23167","1","A","White Fleet Operating, LLC","FIXED","Y","G05551","TERMIN","1985-01-01","41.6","85","28.5989704","-91.20642684"
"23289","1","C","White Fleet Operating, LLC","FIXED","Y","G02319","TERMIN","1986-01-01","40.6","287","28.184442","-91.506652"
"26018","2","A-AUX","White Fleet Operating, LLC","FIXED","N","G12941","TERMIN","1997-01-01","29.6","50","28.75067962","-91.23938723"
"26018","1","A","White Fleet Operating, LLC","MOPU","Y","G12941","TERMIN","1993-03-21","33.4","50","28.750669","-91.239418"
"20066","2","D","White Fleet Operating, LLC","FIXED","Y","G01198","TERMIN","1977-01-01","49.6","128","28.64419","-91.948172"
"20067","1","C","White Fleet Operating, LLC","FIXED","Y","G01198","TERMIN","1967-01-01","59.6","129","28.64671","-91.937446"
"20507","1","CF","White Fleet Operating, LLC","FIXED","Y","G01440","TERMIN","1969-01-01","57.6","35","29.588333","-92.899719"
"20706","1","A","White Fleet Operating, LLC","FIXED","Y","G01181","TERMIN","1969-01-01","57.6","65","28.973223","-91.961746"
"20734","1","A-DRL","White Fleet Operating, LLC","FIXED","Y","G01955","EXPIR","1971-01-01","55.6","165","28.51245403","-92.45182498"
"20734","2","A-PRD","White Fleet Operating, LLC","FIXED","Y","G01955","EXPIR","1972-01-01","54.6","165","28.51162919","-92.45181587"
"21459","1","E","White Fleet Operating, LLC","FIXED","Y","00786","EXPIR","1969-01-01","57.6","98","28.770067","-91.890446"
"21843","1","C","White Fleet Operating, LLC","FIXED","Y","G02600","TERMIN","1975-01-01","51.6","30","29.085762","-91.873676"
"22040","1","E","White Fleet Operating, LLC","FIXED","Y","G02600","TERMIN","1977-01-01","49.6","43","29.065775","-91.872364"
"22107","1","A","White Fleet Operating, LLC","FIXED","Y","G03328","TERMIN","1979-01-01","47.6","153","28.533561","-92.592241"
"22355","1","A","White Fleet Operating, LLC","FIXED","Y","G02580","TERMIN","1980-01-01","46.6","340","28.06001","-92.271206"
"10042","1","1","White Fleet Operating, LLC","CAIS","N","G01848","TERMIN","1968-01-01","58.6","40","29.244801","-93.792391"
"10058","1","A","White Fleet Operating, LLC","FIXED","Y","G02393","TERMIN","1975-01-01","51.6","327","27.925918","-93.944508"
"10066","1","B","White Fleet Operating, LLC","FIXED","Y","G02393","TERMIN","1975-01-01","51.6","336","27.90341","-93.958929"
"10070","1","5","White Fleet Operating, LLC","FIXED","N","G01848","TERMIN","1976-01-01","50.6","49","29.27174134","-93.78466137"
"10070","2","CPF","White Fleet Operating, LLC","FIXED","Y","G01848","TERMIN","1976-01-01","50.6","49","29.27174122","-93.78465823"
"10082","1","A","White Fleet Operating, LLC","FIXED","Y","G03236","TERMIN","1976-01-01","50.6","54","29.180518","-94.521214"
"10135","1","A","White Fleet Operating, LLC","FIXED","Y","G02433","TERMIN","1979-10-31","46.8","314","28.001381","-93.525042"
"10140","1","D","White Fleet Operating, LLC","FIXED","Y","G02721","TERMIN","1980-01-01","46.6","395","27.867269","-93.991029"
"10140","2","CF","White Fleet Operating, LLC","FIXED","N","G02721","TERMIN","1983-01-01","43.6","395","27.866694","-93.991113"
"10175","1","A","White Fleet Operating, LLC","FIXED","Y","G02754","TERMIN","1981-01-01","45.6","328","27.961968","-93.67089"
"10223","1","A-PROCESS","White Fleet Operating, LLC","FIXED","Y","G17182","RELINQ","1982-09-20","43.9","182","28.26514945","-94.07738521"
"10265","1","E","White Fleet Operating, LLC","FIXED","Y","G02722","TERMIN","1985-01-01","41.6","348","27.886119","-93.984389"
"10300","1","F","White Fleet Operating, LLC","FIXED","Y","G02757","TERMIN","1986-01-01","40.6","345","27.913191","-93.9351"
"10464","1","A","White Fleet Operating, LLC","FIXED","Y","G06069","TERMIN","1988-01-01","38.6","70","28.396653","-95.861906"
"21142","2","A-AUX1","White Fleet Operating, LLC","FIXED","Y","00081","TERMIN","1958-01-01","68.6","40","29.51829","-93.284043"
"21142","1","A","White Fleet Operating, LLC","FIXED","Y","00081","TERMIN","1955-01-01","71.6","40","29.518285","-93.284358"
"21142","3","H","White Fleet Operating, LLC","FIXED","N","00081","TERMIN","2006-12-01","19.7","40","29.51904121","-93.28400419"
"21700","1","G","White Fleet Operating, LLC","FIXED","Y","00247","TERMIN","1973-01-01","53.6","42","29.55915936","-93.14566008"
"21700","2","H","White Fleet Operating, LLC","FIXED","N","00247","TERMIN","1984-01-01","42.6","42","29.559392","-93.145696"
"21700","3","G-AUX","White Fleet Operating, LLC","FIXED","Y","00247","TERMIN","1990-01-01","36.6","42","29.55898","-93.145858"
"21714","1","A","White Fleet Operating, LLC","FIXED","Y","G02015","TERMIN","1973-01-01","53.6","192","28.258487","-93.371036"
"21755","1","A","White Fleet Operating, LLC","FIXED","Y","G01860","TERMIN","1976-01-01","50.6","31","29.652047","-93.121848"
"21997","1","B","White Fleet Operating, LLC","FIXED","Y","G02826","RELINQ","1976-01-01","50.6","31","29.646302","-93.142043"
"22021","1","JA","White Fleet Operating, LLC","FIXED","Y","G02825","RELINQ","1977-01-01","49.6","35","29.627548","-93.172415"
"22021","2","JA-AUX","White Fleet Operating, LLC","FIXED","N","G02825","RELINQ","2003-04-22","23.3","35","29.62776427","-93.17214134"
"22286","1","E","White Fleet Operating, LLC","FIXED","Y","G02826","RELINQ","1979-01-01","47.6","36","29.616882","-93.150945"
"10225","1","C","White Fleet Operating, LLC","FIXED","Y","G05000","TERMIN","1983-01-01","43.6","87","28.101776","-96.381066"
"10310","1","A","White Fleet Operating, LLC","FIXED","Y","G33388","TERMIN","1987-01-01","39.6","156","26.832681","-96.939898"
"10345","1","JA","White Fleet Operating, LLC","FIXED","Y","G05953","TERMIN","1989-01-01","37.6","155","26.8421376","-96.98003924"
"24159","1","F","White Fleet Operating, LLC","FIXED","Y","G12360","RELINQ","1993-12-07","32.7","213","28.880468","-89.663137"
"10597","1","B","White Fleet Operating, LLC","FIXED","Y","G02754","TERMIN","1994-01-01","32.6","341","27.933598","-93.669386"
"10391","1","D","White Fleet Operating, LLC","FIXED","N","G05000","TERMIN","1995-01-01","31.6","86","28.10214157","-96.36986722"
"24216","1","D","White Fleet Operating, LLC","FIXED","Y","G07799","TERMIN","1995-03-19","31.4","390","28.72001853","-89.43078669"
"32026","1","E","White Fleet Operating, LLC","FIXED","Y","G01522","TERMIN","1995-06-24","31.1","100","28.55044303","-91.00018995"
"28036","1","A","White Fleet Operating, LLC","FIXED","N","G14188","RELINQ","1996-02-14","30.5","183","28.29094093","-94.08953005"
"27066","1","G","White Fleet Operating, LLC","CAIS","N","G14456","RELINQ","1996-04-03","30.4","44","29.07364429","-91.89925014"
"80002","1","A","White Fleet Operating, LLC","FIXED","N","G15288","TERMIN","1997-01-02","29.6","80","28.59330114","-91.0697027"
"50010","1","B","White Fleet Operating, LLC","FIXED","Y","G03520","TERMIN","1998-03-13","28.4","159","28.45387506","-93.47170393"
"50010","2","B-AUX","White Fleet Operating, LLC","FIXED","Y","G03520","TERMIN","1998-03-13","28.4","159","28.45313676","-93.47144876"
"209","1","JA","White Fleet Operating, LLC","FIXED","N","G17199","TERMIN","1998-07-11","28.1","235","28.05664117","-94.02297862"
"70016","1","A (Spirit)","White Fleet Operating, LLC","FIXED","Y","G06884","TERMIN","1998-07-03","28.1","722","29.23724893","-88.10836682"
"410","1","A","White Fleet Operating, LLC","FIXED","Y","G13645","TERMIN","1999-07-22","27.1","269","28.75091405","-89.71540328"
"463","1","B","White Fleet Operating, LLC","FIXED","Y","G02433","TERMIN","1999-08-28","27","342","27.97170418","-93.51782321"
"900","1","A","White Fleet Operating, LLC","FIXED","N","G15395","TERMIN","2001-05-19","25.2","231","29.28452837","-88.44334494"
"952","1","H","White Fleet Operating, LLC","FIXED","Y","G14456","RELINQ","2002-03-07","24.4","42","29.08340423","-91.89156028"
"1013","1","G","White Fleet Operating, LLC","FIXED","N","G05612","TERMIN","2001-08-17","25","165","28.45372522","-90.38341283"
"1069","1","I","White Fleet Operating, LLC","CAIS","N","G14456","RELINQ","2002-07-08","24.1","44","29.07917263","-91.88686639"
"1153","1","A","White Fleet Operating, LLC","FIXED","N","G17754","TERMIN","2002-10-14","23.8","32","29.65965057","-93.66732611"
"1216","1","B","White Fleet Operating, LLC","CAIS","N","G20660","TERMIN","2003-02-11","23.5","55","29.09359814","-94.38575542"
"1337","1","17","White Fleet Operating, LLC","CAIS","N","G01848","TERMIN","2003-11-17","22.7","51","29.24273559","-93.80873435"
"1332","1","G","White Fleet Operating, LLC","CAIS","N","G01870","RELINQ","2004-01-21","22.6","60","28.98149476","-90.18946797"
"1748","1","A","White Fleet Operating, LLC","CAIS","N","G24730","TERMIN","2005-08-11","21","49","29.31747051","-93.70118847"
"1762","1","D","White Fleet Operating, LLC","FIXED","N","G15263","TERMIN","2006-03-07","20.4","280","28.2145257","-91.82481316"
"1812","1","B","White Fleet Operating, LLC","FIXED","Y","G25605","RELINQ","2006-04-24","20.3","242","28.09530821","-93.86948936"
"1917","1","C","White Fleet Operating, LLC","FIXED","Y","G02429","TERMIN","2007-02-19","19.5","284","28.04333667","-93.49524099"
"2245","1","C","White Fleet Operating, LLC","FIXED","N","G02754","TERMIN","2009-06-04","17.2","332","27.96213302","-93.644578"
"2343","1","A","White Fleet Operating, LLC","FIXED","N","G32268","TERMIN","2010-02-26","16.5","128","29.71974488","-88.38333547"
"2534","1","H","White Fleet Operating, LLC","CAIS","N","G01870","RELINQ","2013-09-09","12.9","60","28.9845536","-90.17957538"
"22771","1","A","DANOS, L.L.C.","FIXED","Y","G02893","RELINQ","1982-01-01","44.6","17","29.355288","-91.779683"
"20682","1","122","Nugulf Operating, L.L.C.","FIXED","N","00694","TERMIN","1962-01-01","64.6","24","28.975867","-89.242271"
"20742","1","T","Nugulf Operating, L.L.C.","FIXED","N","00353","TERMIN","1966-01-01","60.6","36","28.983881","-89.248229"
"21042","1","8","Nugulf Operating, L.L.C.","FIXED","N","00694","TERMIN","1959-01-01","67.6","35","28.974909","-89.26668"
"21165","1","6 V","Nugulf Operating, L.L.C.","FIXED","N","00694","TERMIN","1959-01-01","67.6","14","28.974843","-89.262553"
"21166","1","3","Nugulf Operating, L.L.C.","FIXED","N","00694","TERMIN","1973-01-01","53.6","14","28.97636139","-89.24394373"
"21167","1","201 V","Nugulf Operating, L.L.C.","FIXED","N","00353","TERMIN","1973-01-01","53.6","14","28.977237","-89.262598"
"21229","2","VV-AUX","Nugulf Operating, L.L.C.","FIXED","Y","00694","TERMIN","1968-01-01","58.6","56","28.970721","-89.265155"
"21229","1","V","Nugulf Operating, L.L.C.","FIXED","Y","00694","TERMIN","1960-01-01","66.6","56","28.970704","-89.264139"
"21669","1","5","Nugulf Operating, L.L.C.","FIXED","N","00693","TERMIN","1968-01-01","58.6","60","28.97198563","-89.27539055"
"21797","1","229 T","Nugulf Operating, L.L.C.","FIXED","N","00353","TERMIN","1975-01-01","51.6","40","28.97932","-89.250085"
"21942","1","157","Nugulf Operating, L.L.C.","FIXED","N","00694","TERMIN","1976-01-01","50.6","45","28.971891","-89.246613"
"22247","1","193","Nugulf Operating, L.L.C.","FIXED","N","00694","TERMIN","1979-01-01","47.6","48","28.97475948","-89.25780698"
"22401","1","235 T","Nugulf Operating, L.L.C.","FIXED","N","00353","TERMIN","1980-01-01","46.6","36","28.98250911","-89.23884617"
"22403","1","267 V","Nugulf Operating, L.L.C.","FIXED","N","00353","TERMIN","1980-01-01","46.6","36","28.97998773","-89.25935071"
"22433","1","189","Nugulf Operating, L.L.C.","FIXED","N","00694","TERMIN","1979-01-01","47.6","36","28.96691122","-89.2396645"
"23880","1","45","Nugulf Operating, L.L.C.","FIXED","N","00353","TERMIN","1965-01-01","61.6","50","28.978473","-89.262478"
"20741","1","TT","Nugulf Operating, L.L.C.","FIXED","Y","00353","TERMIN","1966-01-01","60.6","36","28.984026","-89.248695"
"19","1","11""A""","Nugulf Operating, L.L.C.","FIXED","N","00693","TERMIN","1996-04-10","30.3","82","28.9599389","-89.27467968"
"90028","1","A","Talos ERT LLC","FIXED","Y","G15161","TERMIN","1997-12-05","28.7","446","27.93867412","-92.96392415"
"932","1","A","Talos ERT LLC","FIXED","N","G15156","TERMIN","2001-06-02","25.2","322","28.06801472","-92.65965014"
"993","1","A","Talos ERT LLC","CAIS","N","G21618","TERMIN","2001-07-17","25.1","156","28.52734159","-91.88439633"
"21862","1","A","Deepwater Abandonment Alternatives, Inc.","FIXED","Y","G01216","TERMIN","1975-01-01","51.6","239","28.251497","-91.863301"
"21754","1","A","Deepwater Abandonment Alternatives, Inc.","FIXED","Y","G02220","TERMIN","1974-01-01","52.6","148","28.481196","-93.075494"
"24","1","C","Deepwater Abandonment Alternatives, Inc.","FIXED","Y","G01216","TERMIN","1997-08-02","29","228","28.27304944","-91.86598694"
"20138","1","B","Talos Third Coast LLC","FIXED","Y","G01140","TERMIN","1969-01-01","57.6","140","28.704108","-92.315478"
"20638","1","A","Talos Third Coast LLC","FIXED","Y","G01140","TERMIN","1965-01-01","61.6","122","28.71789","-92.331302"
"20638","2","CF","Talos Third Coast LLC","FIXED","Y","G01140","TERMIN","1968-01-01","58.6","122","28.717893","-92.33099"
"703","1","A","Talos Third Coast LLC","FIXED","N","G17942","TERMIN","2000-04-20","26.3","205","28.33639746","-92.04999329"
"1914","1","G","Talos Third Coast LLC","FIXED","Y","G16500","TERMIN","2006-10-15","19.8","157","29.33592248","-88.80535829"
"581","1","A","Promethean Operating II LLC","FIXED","Y","G15239","TERMIN","2000-05-01","26.3","12","29.26034686","-91.46038359"
"581","2","#4","Promethean Operating II LLC","FIXED","N","G15239","TERMIN","2004-12-20","21.6","12","29.26030558","-91.46040549"
"630","1","2","Promethean Operating II LLC","CAIS","N","G15239","TERMIN","2000-05-21","26.2","10","29.25495278","-91.44619167"
