"instalacao","fase","superficie","operador","tipo","inicio","parada","removida","lamina_m","vida_projeto"
"1/2-1 IM Blane","IN SERVICE","N","Repsol Norge AS","SINGLE WELL TEMPLATE","2007-09-12","","","74","15"
"1/2-1 PE Blane","IN SERVICE","N","Repsol Norge AS","SINGLE WELL TEMPLATE","2007-09-12","","","74","15"
"1/2-1 PW Blane","IN SERVICE","N","Repsol Norge AS","SINGLE WELL TEMPLATE","2007-09-12","","","74","15"
"10/1-CDP1","PARTLY REMOVED","Y","","CONCRETE STRUCTURE","1979-09-01","","","100",""
"15/12-C Rev","SHUT DOWN","N","Repsol Norge AS","SINGLE WELL TEMPLATE","2009-01-26","2013-06-01","","113","10"
"15/12-D Rev","SHUT DOWN","N","Repsol Norge AS","SINGLE WELL TEMPLATE","2009-09-01","2013-06-01","","113","10"
"15/12-E-1 H Gaupe","REMOVED","N","","SINGLE WELL TEMPLATE","2012-03-31","","2025-06-30","87","15"
"15/5-A-5 H Glitne","REMOVED","N","Equinor Energy AS","SINGLE WELL TEMPLATE","","","2015-08-01","0",""
"15/5-A-7 H Glitne","REMOVED","N","Equinor Energy AS","SINGLE WELL TEMPLATE","2007-11-30","","2015-08-01","109",""
"15/5-B-1 H Glitne","REMOVED","N","Equinor Energy AS","SINGLE WELL TEMPLATE","2001-08-29","","2015-08-01","110",""
"15/6-A-1 H Glitne","REMOVED","N","Equinor Energy AS","SINGLE WELL TEMPLATE","2001-08-29","","2015-08-01","112",""
"15/6-A-2 H Glitne","REMOVED","N","Equinor Energy AS","SINGLE WELL TEMPLATE","2001-08-29","","2015-08-01","112",""
"15/6-A-3 H Glitne","REMOVED","N","Equinor Energy AS","SINGLE WELL TEMPLATE","2001-08-29","","2015-08-01","112",""
"15/6-A-4 H Glitne","REMOVED","N","Equinor Energy AS","SINGLE WELL TEMPLATE","2001-08-29","","2015-08-01","112",""
"15/6-A-5 H Glitne","REMOVED","N","Equinor Energy AS","SINGLE WELL TEMPLATE","2003-09-30","","2015-08-01","112",""
"15/6-A-6 H Glitne","REMOVED","N","Equinor Energy AS","SINGLE WELL TEMPLATE","2004-08-01","","2015-08-01","112",""
"15/9-E","IN SERVICE","N","Equinor Energy AS","MULTI WELL TEMPLATE","2004-10-11","","","110","20"
"16/1-CA TROLDHAUGEN","IN SERVICE","N","Aker BP ASA","SINGLE WELL TEMPLATE","2021-06-30","","","106","25"
"16/1-CB TROLDHAUGEN","FUTURE","N","Aker BP ASA","MULTI WELL TEMPLATE","","","","0",""
"16/4 SOLVEIG BA","IN SERVICE","N","Aker BP ASA","SINGLE WELL TEMPLATE","2021-09-30","","","100","25"
"16/4 SOLVEIG BB","IN SERVICE","N","Aker BP ASA","SINGLE WELL TEMPLATE","2021-09-30","","","100","25"
"16/4 SOLVEIG BC","IN SERVICE","N","Aker BP ASA","SINGLE WELL TEMPLATE","2021-09-30","","","100","25"
"16/4 SOLVEIG BD","IN SERVICE","N","Aker BP ASA","SINGLE WELL TEMPLATE","2021-09-30","","","100","25"
"16/4 SOLVEIG BE","IN SERVICE","N","Aker BP ASA","SINGLE WELL TEMPLATE","2021-09-30","","","100","25"
"16/4 SOLVEIG BF","IN SERVICE","N","Aker BP ASA","MULTI WELL TEMPLATE","2026-02-02","","","90","25"
"16/4 SOLVEIG BG","IN SERVICE","N","Aker BP ASA","SINGLE WELL TEMPLATE","2026-02-02","","","92","25"
"16/4 SOLVEIG MANIFOLD","IN SERVICE","N","Aker BP ASA","SUBSEA STRUCTURE","2026-02-02","","","95","25"
"24/6-A-5 Alvheim","IN SERVICE","N","Aker BP ASA","SINGLE WELL TEMPLATE","2016-04-01","","","125","20"
"24/6-A-6 H Alvheim","IN SERVICE","N","Aker BP ASA","SINGLE WELL TEMPLATE","2018-02-01","","","121",""
"24/6-A-7 Alvheim","IN SERVICE","N","Aker BP ASA","SINGLE WELL TEMPLATE","2018-02-01","","","121",""
"24/6-B-5 Alvheim","IN SERVICE","N","Aker BP ASA","SINGLE WELL TEMPLATE","2012-12-01","","","124","20"
"24/6-B-6 KIS","IN SERVICE","N","Aker BP ASA","SINGLE WELL TEMPLATE","2018-10-01","","","124",""
"24/9-M5","IN SERVICE","N","Aker BP ASA","SINGLE WELL TEMPLATE","2023-03-13","","","120","20"
"24/9-M6","IN SERVICE","N","Aker BP ASA","SINGLE WELL TEMPLATE","2023-03-13","","","120","20"
"24/9-M7","INSTALLATION","N","Aker BP ASA","SINGLE WELL TEMPLATE","","","","119","20"
"24/9-P-10 H","IN SERVICE","N","Aker BP ASA","SINGLE WELL TEMPLATE","2017-08-01","","","123",""
"24/9-P-6 AH Volund","IN SERVICE","N","Aker BP ASA","SINGLE WELL TEMPLATE","2013-01-24","","","124",""
"24/9-P-7 VIPER","IN SERVICE","N","Aker BP ASA","SINGLE WELL TEMPLATE","2016-11-10","","","124","20"
"24/9-P-8 KOBRA","IN SERVICE","N","Aker BP ASA","SINGLE WELL TEMPLATE","2016-11-10","","","124","20"
"24/9-P-9 H","IN SERVICE","N","Aker BP ASA","SINGLE WELL TEMPLATE","2017-07-01","","","123",""
"25/10-B-1 H HANZ","IN SERVICE","N","Aker BP ASA","SINGLE WELL TEMPLATE","2024-04-22","","","106","25"
"25/10-C-1 H HANZ","IN SERVICE","N","Aker BP ASA","SINGLE WELL TEMPLATE","2024-04-22","","","106","25"
"25/11 BALDER BT","IN SERVICE","N","Vår Energi ASA","MULTI WELL TEMPLATE","2025-06-23","","","125","25"
"25/11 BALDER DT","IN SERVICE","N","Vår Energi ASA","MULTI WELL TEMPLATE","2025-06-23","","","125","25"
"25/11 BALDER FT","IN SERVICE","N","Vår Energi ASA","MULTI WELL TEMPLATE","2025-06-23","","","125","25"
"25/11 BALDER GT","IN SERVICE","N","Vår Energi ASA","MULTI WELL TEMPLATE","2025-06-23","","","125","25"
"25/11 BALDER HT","IN SERVICE","N","Vår Energi ASA","MULTI WELL TEMPLATE","2025-06-23","","","129","25"
"25/11 M4W BALDER","IN SERVICE","N","Vår Energi ASA","SINGLE WELL TEMPLATE","2025-06-23","","","125","25"
"25/11-A-19 H BALDER","IN SERVICE","N","Vår Energi ASA","SINGLE WELL TEMPLATE","2001-06-25","","","127","25"
"25/11-A-20 H BALDER","SHUT DOWN","N","Vår Energi ASA","SINGLE WELL TEMPLATE","2001-10-10","2010-01-01","","127","25"
"25/11-A-21 H BALDER","IN SERVICE","N","Vår Energi ASA","SINGLE WELL TEMPLATE","2013-09-01","","","127","25"
"25/11-A-22 H BALDER","IN SERVICE","N","Vår Energi ASA","SINGLE WELL TEMPLATE","2013-10-31","","","127","25"
"25/11-A-23 H BALDER","IN SERVICE","N","Vår Energi ASA","SINGLE WELL TEMPLATE","2014-02-28","","","126","25"
"25/11-A-27 H BALDER","IN SERVICE","N","Vår Energi ASA","SINGLE WELL TEMPLATE","2015-06-30","","","127","25"
"25/11-A-4 H BALDER","IN SERVICE","N","Vår Energi ASA","SINGLE WELL TEMPLATE","1999-11-13","","","127","20"
"25/11-A-5 H BALDER","IN SERVICE","N","Vår Energi ASA","SINGLE WELL TEMPLATE","1999-11-15","","","127","20"
"25/11-A-6 H BALDER","IN SERVICE","N","Vår Energi ASA","SINGLE WELL TEMPLATE","1999-11-13","","","127","20"
"25/11-A-8 H BALDER","SHUT DOWN","N","Vår Energi ASA","SINGLE WELL TEMPLATE","","2010-01-01","","127","20"
"25/11-B-11 H BALDER","IN SERVICE","N","Vår Energi ASA","SINGLE WELL TEMPLATE","1999-10-15","","","127","20"
"25/11-B-14 H BALDER","SHUT DOWN","N","Vår Energi ASA","SINGLE WELL TEMPLATE","1999-10-04","2010-01-01","","127","20"
"25/11-B-18 H BALDER","IN SERVICE","N","Vår Energi ASA","SINGLE WELL TEMPLATE","2001-04-01","","","127","25"
"25/11-B-24 H","SHUT DOWN","N","Vår Energi ASA","SINGLE WELL TEMPLATE","2013-11-18","2015-01-01","","127",""
"25/11-B-28 H BALDER","IN SERVICE","N","Vår Energi ASA","SINGLE WELL TEMPLATE","2016-04-01","","","127","20"
"25/11-B-7 H BALDER","IN SERVICE","N","Vår Energi ASA","SINGLE WELL TEMPLATE","1999-10-14","","","127","20"
"25/11-C-12 H BALDER","IN SERVICE","N","Vår Energi ASA","SINGLE WELL TEMPLATE","1999-10-04","","","127","20"
"25/11-C-13 H BALDER","IN SERVICE","N","Vår Energi ASA","SINGLE WELL TEMPLATE","1999-10-19","","","127","20"
"25/11-C-17 H BALDER","SHUT DOWN","N","Vår Energi ASA","SINGLE WELL TEMPLATE","1999-10-18","2010-01-01","","127","20"
"25/11-C-3 H BALDER","IN SERVICE","N","Vår Energi ASA","SINGLE WELL TEMPLATE","1999-10-14","","","127","20"
"25/11-D-1 H BALDER","IN SERVICE","N","Vår Energi ASA","SINGLE WELL TEMPLATE","1999-10-04","","","127","20"
"25/11-D-10 H BALDER","IN SERVICE","N","Vår Energi ASA","SINGLE WELL TEMPLATE","1999-11-02","","","127","20"
"25/11-D-2 H BALDER","IN SERVICE","N","Vår Energi ASA","SINGLE WELL TEMPLATE","1999-09-30","","","127","20"
"25/11-D-25 H BALDER","IN SERVICE","N","Vår Energi ASA","SINGLE WELL TEMPLATE","2015-04-15","","","127",""
"25/11-D-26 H BALDER","IN SERVICE","N","Vår Energi ASA","SINGLE WELL TEMPLATE","2015-04-15","","","127",""
"25/11-E-29 H BALDER","IN SERVICE","N","Vår Energi ASA","SINGLE WELL TEMPLATE","2016-08-31","","","127",""
"25/11-I-1 H BALDER","IN SERVICE","N","Vår Energi ASA","SINGLE WELL TEMPLATE","2025-06-23","","","125","25"
"25/1-S SKOGUL","IN SERVICE","N","Aker BP ASA","SINGLE WELL TEMPLATE","2020-03-01","","","110","20"
"25/4-B-1 GEKKO NORD","IN SERVICE","N","Aker BP ASA","SINGLE WELL TEMPLATE","2023-10-26","","","120","25"
"25/4-D1 H VILJE D1","IN SERVICE","N","Aker BP ASA","SINGLE WELL TEMPLATE","2008-08-01","","","122",""
"25/4-E1 H VILJE E1","IN SERVICE","N","Aker BP ASA","SINGLE WELL TEMPLATE","2008-08-01","","","122",""
"25/4-F-1 H VILJE F1","IN SERVICE","N","Aker BP ASA","SINGLE WELL TEMPLATE","2014-04-10","","","122",""
"25/4-J-1 H","IN SERVICE","N","Aker BP ASA","SINGLE WELL TEMPLATE","2008-06-08","","","123","20"
"25/4-J-2 H","IN SERVICE","N","Aker BP ASA","SINGLE WELL TEMPLATE","2008-06-08","","","123","20"
"25/4-K-7","IN SERVICE","N","Aker BP ASA","SINGLE WELL TEMPLATE","2020-05-01","","","119",""
"25/4-L-1 H","IN SERVICE","N","Aker BP ASA","SINGLE WELL TEMPLATE","2011-01-31","","","123","20"
"25/4-L-2 H","IN SERVICE","N","Aker BP ASA","SINGLE WELL TEMPLATE","2011-05-30","","","123","20"
"25/4-L-3 H","IN SERVICE","N","Aker BP ASA","SINGLE WELL TEMPLATE","2011-07-31","","","123","20"
"25/4-L-4 H","SHUT DOWN","N","Aker BP ASA","SINGLE WELL TEMPLATE","2015-10-31","2023-10-01","","123","20"
"25/4-L-5 H","INSTALLATION","N","Aker BP ASA","SINGLE WELL TEMPLATE","","","","120","20"
"25/5-D-1 H ATLA","SHUT DOWN","N","","SINGLE WELL TEMPLATE","2012-10-07","2023-06-30","","119","15"
"25/5-H-1 TRELL","IN SERVICE","N","Aker BP ASA","SINGLE WELL TEMPLATE","2024-09-03","","","120","20"
"25/5-H-2 TRELL NORD","IN SERVICE","N","Aker BP ASA","SINGLE WELL TEMPLATE","2024-09-03","","","120","20"
"25/5-I-1 TRINE","IN SERVICE","N","Aker BP ASA","SINGLE WELL TEMPLATE","2024-09-03","","","118","20"
"25/7-A-1 GEKKO SØR 1","IN SERVICE","N","Aker BP ASA","SINGLE WELL TEMPLATE","2023-10-26","","","124","25"
"25/7-A-2 GEKKO SØR 2","IN SERVICE","N","Aker BP ASA","SINGLE WELL TEMPLATE","2023-10-26","","","124","25"
"25/7-A-3 KOBRA EAST","IN SERVICE","N","Aker BP ASA","SINGLE WELL TEMPLATE","2023-10-26","","","124","25"
"25/8-D-1 AH JETTE","REMOVED","N","","SINGLE WELL TEMPLATE","2013-05-19","","2019-08-01","127","10"
"25/8-E-1 H JETTE","REMOVED","N","","SINGLE WELL TEMPLATE","2013-05-22","","2019-08-01","127","10"
"25/8-N-1","INSTALLATION","N","Vår Energi ASA","SINGLE WELL TEMPLATE","","","","128",""
"30/4-D-1 AH","SHUT DOWN","N","Equinor Energy AS","SINGLE WELL TEMPLATE","","2013-01-01","","119",""
"30/6-B-51 H OSEBERG B-51","SHUT DOWN","N","Equinor Energy AS","SINGLE WELL TEMPLATE","1996-08-20","2013-06-02","","110","21"
"30/6-C-27 H","SHUT DOWN","N","Equinor Energy AS","SINGLE WELL TEMPLATE","1991-10-01","1997-01-01","","106",""
"30/8-A-21 H TUNE SOUTH","SHUT DOWN","N","Equinor Energy AS","SINGLE WELL TEMPLATE","2009-07-18","2025-11-01","","93","15"
"30/9-B-49 H","SHUT DOWN","N","Equinor Energy AS","SINGLE WELL TEMPLATE","1988-12-01","2000-01-21","","102",""
"30/9-B-50 H OSEBERG B-50","IN SERVICE","N","Equinor Energy AS","SINGLE WELL TEMPLATE","1988-12-01","","","103",""
"31/2-B-3 H TROLL B-3","IN SERVICE","N","Equinor Energy AS","SINGLE WELL TEMPLATE","1995-09-19","","","330","27"
"31/2-D-1 H TROLL D-1","IN SERVICE","N","Equinor Energy AS","SINGLE WELL TEMPLATE","1998-10-01","","","338","27"
"31/2-D-2 H TROLL D-2","IN SERVICE","N","Equinor Energy AS","SINGLE WELL TEMPLATE","1996-02-14","","","338","27"
"31/2-D-3 H TROLL D-3","FUTURE","N","Equinor Energy AS","SINGLE WELL TEMPLATE","","","","330",""
"31/2-D-4 H TROLL D-4","IN SERVICE","N","Equinor Energy AS","SINGLE WELL TEMPLATE","2003-07-01","","","330","25"
"31/2-D-5 H TROLL D-5","IN SERVICE","N","Equinor Energy AS","SINGLE WELL TEMPLATE","1997-11-30","","","330","27"
"31/2-D-6 H TROLL D-6","IN SERVICE","N","Equinor Energy AS","SINGLE WELL TEMPLATE","1995-10-31","","","330","27"
"31/2-D-7 H TROLL D-7","IN SERVICE","N","Equinor Energy AS","SINGLE WELL TEMPLATE","1996-04-19","","","338","27"
"31/2-D-8 H TROLL D-8","IN SERVICE","N","Equinor Energy AS","SINGLE WELL TEMPLATE","1995-09-25","","","330","27"
"31/2-E-1 H TROLL E-1","IN SERVICE","N","Equinor Energy AS","SINGLE WELL TEMPLATE","1995-09-19","","","317","27"
"31/2-E-3 H TROLL E-3","IN SERVICE","N","Equinor Energy AS","SINGLE WELL TEMPLATE","2003-04-01","","","330","25"
"31/2-E-4 H TROLL E-4","IN SERVICE","N","Equinor Energy AS","SINGLE WELL TEMPLATE","1995-09-19","","","330","27"
"31/2-E-5 H TROLL E-5","IN SERVICE","N","Equinor Energy AS","SINGLE WELL TEMPLATE","1996-04-12","","","318","27"
"31/2-E-6 H TROLL E-6","IN SERVICE","N","Equinor Energy AS","SINGLE WELL TEMPLATE","1997-04-18","","","330","27"
"31/2-F-1 H TROLL F-1","IN SERVICE","N","Equinor Energy AS","SINGLE WELL TEMPLATE","1996-10-19","","","317","27"
"31/2-F-4 H TROLL F-4","IN SERVICE","N","Equinor Energy AS","SINGLE WELL TEMPLATE","1997-04-13","","","330","27"
"31/2-F-5 H TROLL F-5","IN SERVICE","N","Equinor Energy AS","SINGLE WELL TEMPLATE","1995-09-23","","","317","27"
"31/2-F-6 H TROLL F-6","IN SERVICE","N","Equinor Energy AS","SINGLE WELL TEMPLATE","1995-09-23","","","330","27"
"31/2-G-1 H TROLL G-1","IN SERVICE","N","Equinor Energy AS","SINGLE WELL TEMPLATE","1996-12-03","","","330","27"
"31/2-G-3 H TROLL G-3","IN SERVICE","N","Equinor Energy AS","SINGLE WELL TEMPLATE","1995-09-21","","","330","27"
"31/2-G-4 H TROLL G-4","IN SERVICE","N","Equinor Energy AS","SINGLE WELL TEMPLATE","1995-09-22","","","330","27"
"31/2-G-6 H TROLL G-6","SHUT DOWN","N","Equinor Energy AS","SINGLE WELL TEMPLATE","1995-12-10","2014-06-01","","317","27"
"31/3-Q-21 H TROLL Q-21","IN SERVICE","N","Equinor Energy AS","SINGLE WELL TEMPLATE","2004-04-01","","","333","25"
"31/5-A7 EOS","IN SERVICE","N","","SINGLE WELL TEMPLATE","2025-08-21","","","307","25"
"31/5-C-1 H","INSTALLATION","N","","SINGLE WELL TEMPLATE","","","","307",""
"31/5-H-1 H TROLL H-1","IN SERVICE","N","Equinor Energy AS","SINGLE WELL TEMPLATE","1996-09-01","","","317","27"
"31/5-H-2 H TROLL H-2","IN SERVICE","N","Equinor Energy AS","SINGLE WELL TEMPLATE","1997-01-19","","","317","27"
"31/5-H-3 H TROLL H-3","IN SERVICE","N","Equinor Energy AS","SINGLE WELL TEMPLATE","1997-07-15","","","317","27"
"31/5-H-4 H TROLL H-4","IN SERVICE","N","Equinor Energy AS","SINGLE WELL TEMPLATE","1996-09-04","","","317","27"
"31/5-H-5 H TROLL H-5","IN SERVICE","N","Equinor Energy AS","SINGLE WELL TEMPLATE","1996-01-01","","","317","27"
"31/5-H-6 H TROLL H-6","IN SERVICE","N","Equinor Energy AS","SINGLE WELL TEMPLATE","1995-12-23","","","317","27"
"31/5-I-32 H TROLL I-32","IN SERVICE","N","Equinor Energy AS","SINGLE WELL TEMPLATE","2003-03-01","","","315","25"
"31/5-S-4H","FUTURE","N","","SINGLE WELL TEMPLATE","","","","310","25"
"31/5-Z-1H TROLL Z-1","IN SERVICE","N","Equinor Energy AS","SINGLE WELL TEMPLATE","2011-03-01","","","320",""
"31/5-Z-2H TROLL Z-2","IN SERVICE","N","Equinor Energy AS","SINGLE WELL TEMPLATE","2011-03-01","","","318",""
"31/8-V-2H","FUTURE","N","","SINGLE WELL TEMPLATE","","","","310","25"
"33/12-N-5","IN SERVICE","N","Equinor Energy AS","SINGLE WELL TEMPLATE","2007-01-27","","","140","20"
"34/10-A-1 H","SHUT DOWN","N","Equinor Energy AS","SINGLE WELL TEMPLATE","1986-12-22","1994-01-01","","135",""
"34/10-A-2 A","SHUT DOWN","N","Equinor Energy AS","SINGLE WELL TEMPLATE","1986-12-23","1994-01-01","","138",""
"34/10-A-3 H","SHUT DOWN","N","Equinor Energy AS","SINGLE WELL TEMPLATE","1987-02-12","","","138",""
"34/10-A-4 H","SHUT DOWN","N","Equinor Energy AS","SINGLE WELL TEMPLATE","1986-12-23","","","144",""
"34/10-A-5 H","SHUT DOWN","N","Equinor Energy AS","SINGLE WELL TEMPLATE","1987-04-04","1998-01-01","","136",""
"34/10-A-9 H","SHUT DOWN","N","Equinor Energy AS","SINGLE WELL TEMPLATE","1988-05-15","1998-01-01","","136",""
"34/4-C H SNORRE","IN SERVICE","N","Equinor Energy AS","MULTI WELL TEMPLATE","2001-06-27","","","340","25"
"34/4-D H SNORRE","IN SERVICE","N","Equinor Energy AS","MULTI WELL TEMPLATE","2001-06-27","","","340","25"
"34/4-E H SNORRE","FUTURE","N","Equinor Energy AS","MULTI WELL TEMPLATE","","","","340",""
"34/4-F H SNORRE","FUTURE","N","Equinor Energy AS","MULTI WELL TEMPLATE","","","","340",""
"34/4-I-1 H SNORRE","INSTALLATION","N","Equinor Energy AS","SINGLE WELL TEMPLATE","","","","350","20"
"34/4-K H SNORRE","IN SERVICE","N","Equinor Energy AS","MULTI WELL TEMPLATE","2001-06-27","","","340","25"
"34/4-L H SNORRE","IN SERVICE","N","Equinor Energy AS","MULTI WELL TEMPLATE","2001-06-27","","","340","25"
"34/4-M H SNORRE","FUTURE","N","Equinor Energy AS","MULTI WELL TEMPLATE","","","","340",""
"34/7 HY01","IN SERVICE","Y","Equinor Energy AS","OFFSHORE WIND TURBINE","2022-11-13","","","340","25"
"34/7 HY02","IN SERVICE","Y","Equinor Energy AS","OFFSHORE WIND TURBINE","2023-06-01","","","340","25"
"34/7 HY03","IN SERVICE","Y","Equinor Energy AS","OFFSHORE WIND TURBINE","2023-06-01","","","340","25"
"34/7 HY04","IN SERVICE","Y","Equinor Energy AS","OFFSHORE WIND TURBINE","2023-06-01","","","340","25"
"34/7 HY05","IN SERVICE","Y","Equinor Energy AS","OFFSHORE WIND TURBINE","2023-06-01","","","340","25"
"34/7 HY06","IN SERVICE","Y","Equinor Energy AS","OFFSHORE WIND TURBINE","","","","340","25"
"34/7 HY07","IN SERVICE","Y","Equinor Energy AS","OFFSHORE WIND TURBINE","2022-11-13","","","340","25"
"34/7 HY08","IN SERVICE","Y","Equinor Energy AS","OFFSHORE WIND TURBINE","","","","340","25"
"34/7 HY09","IN SERVICE","Y","Equinor Energy AS","OFFSHORE WIND TURBINE","","","","340","25"
"34/7 HY10","IN SERVICE","Y","Equinor Energy AS","OFFSHORE WIND TURBINE","","","","340","25"
"34/7 HY11","IN SERVICE","Y","Equinor Energy AS","OFFSHORE WIND TURBINE","","","","340","25"
"34/7-C-5 H VIGDIS C5","IN SERVICE","N","Equinor Energy AS","SINGLE WELL TEMPLATE","2003-10-18","","","280",""
"34/7-E-5 H VIGDIS E5","IN SERVICE","N","Equinor Energy AS","SINGLE WELL TEMPLATE","2003-10-18","","","280",""
"34/7-I-1 H TORDIS I-1","IN SERVICE","N","Equinor Energy AS","SINGLE WELL TEMPLATE","1994-06-03","","","200","12"
"34/7-I-10 H TORDIS I-10","IN SERVICE","N","Equinor Energy AS","SINGLE WELL TEMPLATE","1999-11-01","","","200","12"
"34/7-I-11 H TORDIS I-11","IN SERVICE","N","Equinor Energy AS","SINGLE WELL TEMPLATE","1999-01-01","","","200","12"
"34/7-I-2 H TORDIS I-2","IN SERVICE","N","Equinor Energy AS","SINGLE WELL TEMPLATE","1994-06-03","","","200","12"
"34/7-I-3 H TORDIS I-3","IN SERVICE","N","Equinor Energy AS","SINGLE WELL TEMPLATE","1994-06-03","","","200","12"
"34/7-I-4 H TORDIS I-4","IN SERVICE","N","Equinor Energy AS","SINGLE WELL TEMPLATE","1994-06-03","","","200","12"
"34/7-I-5 H TORDIS I-5","IN SERVICE","N","Equinor Energy AS","SINGLE WELL TEMPLATE","1994-06-03","","","200","12"
"34/7-R-1 H TORDIS R-1","IN SERVICE","N","Equinor Energy AS","SINGLE WELL TEMPLATE","2008-02-14","","","229",""
"34/8-A-1 H","IN SERVICE","N","Equinor Energy AS","SINGLE WELL TEMPLATE","1999-05-26","","","335","20"
"34/8-A-10 H","IN SERVICE","N","Equinor Energy AS","SINGLE WELL TEMPLATE","2000-01-01","","","335","20"
"34/8-A-11 H","INSTALLATION","N","Equinor Energy AS","SINGLE WELL TEMPLATE","2000-01-01","","","335","20"
"34/8-A-13 H","IN SERVICE","N","Equinor Energy AS","SINGLE WELL TEMPLATE","2000-01-01","","","335","20"
"34/8-A-14 H","IN SERVICE","N","Equinor Energy AS","SINGLE WELL TEMPLATE","2000-01-01","","","335","20"
"34/8-A-16 H","FUTURE","N","Equinor Energy AS","SINGLE WELL TEMPLATE","","","","335","20"
"34/8-A-17 H","FUTURE","N","Equinor Energy AS","SINGLE WELL TEMPLATE","","","","335","20"
"34/8-A-18 AH/H","INSTALLATION","N","Equinor Energy AS","SINGLE WELL TEMPLATE","","","","335","20"
"34/8-A-19 H","IN SERVICE","N","Equinor Energy AS","SINGLE WELL TEMPLATE","2004-05-25","","","335","20"
"34/8-A-2 H","IN SERVICE","N","Equinor Energy AS","SINGLE WELL TEMPLATE","1999-05-26","","","335","20"
"34/8-A-20 H","INSTALLATION","N","Equinor Energy AS","SINGLE WELL TEMPLATE","","","","335","20"
"34/8-A-21 H/AH","IN SERVICE","N","Equinor Energy AS","SINGLE WELL TEMPLATE","2003-06-01","","","335","20"
"34/8-A-22 H/AH","IN SERVICE","N","Equinor Energy AS","SINGLE WELL TEMPLATE","2004-01-16","","","335","20"
"34/8-A-23 H","IN SERVICE","N","Equinor Energy AS","SINGLE WELL TEMPLATE","2002-01-01","","","335","20"
"34/8-A-24 H","IN SERVICE","N","Equinor Energy AS","SINGLE WELL TEMPLATE","","","","335","20"
"34/8-A-25 H/AH","IN SERVICE","N","Equinor Energy AS","SINGLE WELL TEMPLATE","2003-01-01","","","335","20"
"34/8-A-26  H","IN SERVICE","N","Equinor Energy AS","SINGLE WELL TEMPLATE","2001-01-01","","","335","20"
"34/8-A-3 H","IN SERVICE","N","Equinor Energy AS","SINGLE WELL TEMPLATE","1999-05-26","","","335","20"
"34/8-A-30 H","IN SERVICE","N","Equinor Energy AS","SINGLE WELL TEMPLATE","2000-01-01","","","335","20"
"34/8-A-33 H","IN SERVICE","N","Equinor Energy AS","SINGLE WELL TEMPLATE","2005-10-18","","","335","20"
"34/8-A-4 H/AH","IN SERVICE","N","Equinor Energy AS","SINGLE WELL TEMPLATE","2001-01-01","","","335","20"
"34/8-A-5 H","IN SERVICE","N","Equinor Energy AS","SINGLE WELL TEMPLATE","2000-08-05","","","335","20"
"34/8-A-6 H","IN SERVICE","N","Equinor Energy AS","SINGLE WELL TEMPLATE","1999-05-26","","","335","20"
"34/8-A-8 H","IN SERVICE","N","Equinor Energy AS","SINGLE WELL TEMPLATE","2010-01-01","","","335","20"
"34/8-A-9 H","IN SERVICE","N","Equinor Energy AS","SINGLE WELL TEMPLATE","2012-06-01","","","335","20"
"35/11-B-31 H","INSTALLATION","N","Equinor Energy AS","SINGLE WELL TEMPLATE","","","","356",""
"36/22","REMOVED","Y","ConocoPhillips Skandinavia AS","JACKET 8 LEGS","1975-10-14","","2010-07-18","73","20"
"36/22-BP","IN SERVICE","N","ConocoPhillips Skandinavia AS","SUBSEA STRUCTURE","1983-01-01","","","73",""
"37/4","REMOVED","Y","ConocoPhillips Skandinavia AS","JACKET 8 LEGS","1975-10-14","","2010-07-17","85","20"
"37/4-BP","IN SERVICE","N","ConocoPhillips Skandinavia AS","SUBSEA STRUCTURE","1987-01-01","","","85",""
"6/3-A-1 H GAUPE","REMOVED","N","","SINGLE WELL TEMPLATE","2012-03-31","","2025-06-30","85","15"
"6407/2-VA NONA","IN SERVICE","N","Equinor Energy AS","MULTI WELL TEMPLATE","2025-03-17","","","260","20"
"6407/2-VB FLYNDRETIND","IN SERVICE","N","Equinor Energy AS","MULTI WELL TEMPLATE","2025-03-17","","","260","20"
"6407/6-VC GAMMA/HAREPUS","IN SERVICE","N","Equinor Energy AS","MULTI WELL TEMPLATE","2025-03-17","","","234","20"
"6407/7-A-1 H","DECOMMISSIONED","N","Equinor Energy AS","SINGLE WELL TEMPLATE","1997-10-01","","","330",""
"6407/7-A-10 H","IN SERVICE","N","Equinor Energy AS","SINGLE WELL TEMPLATE","1997-10-01","","","330",""
"6407/7-A-11 H","IN SERVICE","N","Equinor Energy AS","SINGLE WELL TEMPLATE","1997-10-01","","","330",""
"6407/7-A-12 H","DECOMMISSIONED","N","Equinor Energy AS","SINGLE WELL TEMPLATE","1997-10-01","","","330",""
"6407/7-A-13 H","IN SERVICE","N","Equinor Energy AS","SINGLE WELL TEMPLATE","2002-01-01","","","330","20"
"6407/7-A-14 H","IN SERVICE","N","Equinor Energy AS","SINGLE WELL TEMPLATE","1997-10-01","","","330",""
"6407/7-A-16 H","IN SERVICE","N","Equinor Energy AS","SINGLE WELL TEMPLATE","1997-10-01","","","330",""
"6407/7-A-17 H","IN SERVICE","N","Equinor Energy AS","SINGLE WELL TEMPLATE","1997-10-01","","","330",""
"6407/7-A-18 H","DECOMMISSIONED","N","Equinor Energy AS","SINGLE WELL TEMPLATE","1997-10-01","","","330",""
"6407/7-A-19 H","IN SERVICE","N","Equinor Energy AS","SINGLE WELL TEMPLATE","1997-10-01","","","330",""
"6407/7-A-4 H","IN SERVICE","N","Equinor Energy AS","SINGLE WELL TEMPLATE","2004-01-31","","","330",""
"6407/7-A-5 H","IN SERVICE","N","Equinor Energy AS","SINGLE WELL TEMPLATE","1997-10-01","","","330",""
"6407/7-A-6 H","IN SERVICE","N","Equinor Energy AS","SINGLE WELL TEMPLATE","1997-10-01","","","330",""
"6407/7-A-7 H","IN SERVICE","N","Equinor Energy AS","SINGLE WELL TEMPLATE","1997-10-01","","","330",""
"6407/7-A-8 H","IN SERVICE","N","Equinor Energy AS","SINGLE WELL TEMPLATE","1997-10-01","","","330",""
"6407/7-A-9 H","IN SERVICE","N","Equinor Energy AS","SINGLE WELL TEMPLATE","1997-10-01","","","330",""
"6407/9-A-53 H","SHUT DOWN","N","OKEA ASA","SINGLE WELL TEMPLATE","1993-10-19","2012-01-01","","277","20"
"6407/9-A-55 H","SHUT DOWN","N","OKEA ASA","SINGLE WELL TEMPLATE","1993-10-19","2012-01-01","","286","20"
"6407/9-A-58 H","SHUT DOWN","N","OKEA ASA","SINGLE WELL TEMPLATE","1993-10-19","2012-01-01","","243","20"
"6407/9-D-1 H","IN SERVICE","N","OKEA ASA","SINGLE WELL TEMPLATE","2001-12-13","","","265","20"
"6407/9-D-2 H","IN SERVICE","N","OKEA ASA","SINGLE WELL TEMPLATE","2002-04-22","","","265","20"
"6407/9-D-3 H","IN SERVICE","N","OKEA ASA","SINGLE WELL TEMPLATE","2008-09-27","","","254","20"
"6407/9-E-1 H","IN SERVICE","N","OKEA ASA","SINGLE WELL TEMPLATE","2002-11-30","","","293","20"
"6407/9-E-2 H","IN SERVICE","N","OKEA ASA","SINGLE WELL TEMPLATE","2002-11-30","","","293","12"
"6407/9-E-3 H","IN SERVICE","N","OKEA ASA","SINGLE WELL TEMPLATE","2008-06-15","","","293","20"
"6407/9-E-4 H","IN SERVICE","N","OKEA ASA","SINGLE WELL TEMPLATE","2014-12-01","","","296",""
"6407/9-G-1 H","IN SERVICE","N","OKEA ASA","SINGLE WELL TEMPLATE","2014-11-01","","","259",""
"6407/9-G-2 H","IN SERVICE","N","OKEA ASA","SINGLE WELL TEMPLATE","2016-06-12","","","245",""
"6407/9-G-3 H","IN SERVICE","N","OKEA ASA","SINGLE WELL TEMPLATE","2016-06-23","","","268",""
"6407/9-G-5 H","IN SERVICE","N","OKEA ASA","SINGLE WELL TEMPLATE","2017-06-01","","","289",""
"6407/9-H-1","IN SERVICE","N","OKEA ASA","SINGLE WELL TEMPLATE","2023-10-01","","","244","25"
"6507/11-V H YTTERGRYTA","SHUT DOWN","N","Equinor Energy AS","SINGLE WELL TEMPLATE","2009-01-06","2011-01-01","","297","15"
"6507/11-WA SIGRID","IN SERVICE","N","Equinor Energy AS","MULTI WELL TEMPLATE","2025-03-17","","","260","20"
"6507/11-WB NATALIA","IN SERVICE","N","Equinor Energy AS","MULTI WELL TEMPLATE","2025-03-17","","","260","20"
"6507/3-G-1H ÆRFUGL","IN SERVICE","N","Aker BP ASA","SINGLE WELL TEMPLATE","2021-11-03","","","368","25"
"6507/3-H-1H ÆRFUGL","IN SERVICE","N","Aker BP ASA","SINGLE WELL TEMPLATE","2021-11-03","","","356","25"
"6507/5-K-1H ÆRFUGL","IN SERVICE","N","Aker BP ASA","SINGLE WELL TEMPLATE","2020-11-12","","","409","25"
"6507/5-L-1H ÆRFUGL","IN SERVICE","N","Aker BP ASA","SINGLE WELL TEMPLATE","2020-11-12","","","406","25"
"6507/5-M-1H ÆRFUGL","IN SERVICE","N","Aker BP ASA","SINGLE WELL TEMPLATE","2020-11-12","","","420","25"
"6507/8-D-5 H","IN SERVICE","N","Equinor Energy AS","SINGLE WELL TEMPLATE","2007-02-01","","","357","20"
"ALBUSKJELL A","REMOVED","Y","ConocoPhillips Skandinavia AS","JACKET 12 LEGS","1979-05-01","","2013-08-01","71","20"
"ALBUSKJELL A-BS","REMOVED","Y","ConocoPhillips Skandinavia AS","JACKET TRIPOD","1979-05-01","","2007-06-15","70","20"
"ALBUSKJELL A-FL","REMOVED","Y","ConocoPhillips Skandinavia AS","JACKET TRIPOD","1979-05-01","","2007-06-15","70","20"
"ALBUSKJELL F","REMOVED","Y","ConocoPhillips Skandinavia AS","JACKET 12 LEGS","1979-05-01","","2011-07-01","71","20"
"ALBUSKJELL F-BS","REMOVED","Y","ConocoPhillips Skandinavia AS","JACKET TRIPOD","1979-05-01","","2007-06-30","70","20"
"ALBUSKJELL F-FL","REMOVED","Y","ConocoPhillips Skandinavia AS","JACKET TRIPOD","1979-05-01","","2007-06-30","70","20"
"ALVE","IN SERVICE","N","Equinor Energy AS","MULTI WELL TEMPLATE","2009-03-19","","","390","20"
"ALVE NORD","INSTALLATION","N","Aker BP ASA","MULTI WELL TEMPLATE","","","","370",""
"ALVHEIM EAST RISER BASE","IN SERVICE","N","Aker BP ASA","SUBSEA STRUCTURE","2008-06-08","","","125","20"
"ALVHEIM FPSO","IN SERVICE","Y","Aker BP ASA","FPSO","2008-06-08","","","125","20"
"ALVHEIM SOUTH RISER BASE","IN SERVICE","N","Aker BP ASA","SUBSEA STRUCTURE","2008-06-08","","","125","20"
"ALVHEIM WEST RISER BASE","IN SERVICE","N","Aker BP ASA","SUBSEA STRUCTURE","2008-06-08","","","125","20"
"ALWYN NORTH B","IN SERVICE","Y","","JACKET 8 LEGS","1987-11-01","","","126",""
"ARMADA","IN SERVICE","Y","","JACKET 4 LEGS","1997-10-01","","","110",""
"ASKELADD NORD (J)","IN SERVICE","N","Equinor Energy AS","MULTI WELL TEMPLATE","2022-12-12","","","340",""
"ASKELADD SØR (L)","IN SERVICE","N","Equinor Energy AS","MULTI WELL TEMPLATE","2022-12-12","","","340",""
"ASKELADD VEST (K)","IN SERVICE","N","Equinor Energy AS","MULTI WELL TEMPLATE","2025-09-19","","","233",""
"ASKJA A","INSTALLATION","N","Aker BP ASA","MULTI WELL TEMPLATE","","","","99","25"
"ASKJA B","INSTALLATION","N","Aker BP ASA","MULTI WELL TEMPLATE","","","","98","25"
"B-11","REMOVED","Y","Gassco AS","JACKET 8 LEGS","1977-09-17","","2015-06-01","33","20"
"BALDER FPU","IN SERVICE","Y","Vår Energi ASA","FPSO","1999-09-30","","","127","20"
"BALDER GASLIFT MANIFOLD","IN SERVICE","N","Vår Energi ASA","SUBSEA STRUCTURE","2016-06-30","","","127",""
"BALDER SDU A","IN SERVICE","N","Vår Energi ASA","SUBSEA STRUCTURE","2013-06-01","","","127",""
"BALDER SDU B","IN SERVICE","N","Vår Energi ASA","SUBSEA STRUCTURE","2013-11-18","","","127",""
"BALDER SDU D","IN SERVICE","N","Vår Energi ASA","SUBSEA STRUCTURE","2015-04-15","","","127",""
"BAUGE","IN SERVICE","N","Equinor Energy AS","MULTI WELL TEMPLATE","2023-04-06","","","282","25"
"BERLING","INSTALLATION","N","OMV (Norge) AS","MULTI WELL TEMPLATE","","","","365","25"
"BESTLA","INSTALLATION","N","OKEA ASA","MULTI WELL TEMPLATE","2021-01-01","","","120","25"
"BLAREGNIES","IN SERVICE","Y","","ONSHORE FACILITY","","","","0",""
"BOA","IN SERVICE","N","Aker BP ASA","MULTI WELL TEMPLATE","2008-06-08","","","125","20"
"BRAE A","IN SERVICE","Y","Bridge Petroleum 3 Limited","JACKET 8 LEGS","1983-07-12","","","112",""
"BRAEFOOT BAY","IN SERVICE","Y","","ONSHORE FACILITY","","","","0",""
"BRAGE","IN SERVICE","Y","OKEA ASA","JACKET 8 LEGS","1993-09-23","","","136","20"
"BRAGE-T","IN SERVICE","N","Gassco AS","SUBSEA STRUCTURE","1993-09-23","","","136",""
"BRASSE WI Satellite","FUTURE","N","OKEA ASA","SINGLE WELL TEMPLATE","2021-01-01","","","120","25"
"BREIDABLIKK J","IN SERVICE","N","Equinor Energy AS","MULTI WELL TEMPLATE","2023-10-20","","","127","25"
"BREIDABLIKK K","IN SERVICE","N","Equinor Energy AS","MULTI WELL TEMPLATE","2023-10-20","","","127","25"
"BREIDABLIKK L","IN SERVICE","N","Equinor Energy AS","MULTI WELL TEMPLATE","2023-10-20","","","130","25"
"BREIDABLIKK M","IN SERVICE","N","Equinor Energy AS","MULTI WELL TEMPLATE","2023-10-20","","","129","25"
"BRYNHILD","REMOVED","N","","MULTI WELL TEMPLATE","2014-12-25","","2021-06-30","82","15"
"BYGGVE","SHUT DOWN","N","","SINGLE WELL TEMPLATE","2004-03-01","2012-04-01","","120","15"
"BYGNES","IN SERVICE","Y","","ONSHORE FACILITY","","","","0",""
"BØYLA","IN SERVICE","N","Aker BP ASA","MULTI WELL TEMPLATE","2015-01-19","","","120","20"
"CATS","IN SERVICE","Y","","ONSHORE FACILITY","","","","0",""
"COD","REMOVED","Y","","JACKET 8 LEGS","1977-11-01","","2013-08-01","73","20"
"COD FL","REMOVED","Y","","JACKET TRIPOD","1977-11-01","","2007-07-30","78","20"
"COL DE LARRAU","IN SERVICE","Y","","ONSHORE FACILITY","","","","0",""
"CRUDEN BAY","IN SERVICE","Y","","ONSHORE FACILITY","","","","0",""
"DALMENY","IN SERVICE","Y","","ONSHORE FACILITY","","","","0",""
"DEN HELDER","IN SERVICE","Y","","ONSHORE FACILITY","","","","0",""
"DOMPAP S","IN SERVICE","N","Equinor Energy AS","MULTI WELL TEMPLATE","2014-04-01","","","343","20"
"DORNUM","IN SERVICE","Y","","ONSHORE FACILITY","","","","0",""
"DRAUGEN","IN SERVICE","Y","OKEA ASA","CONDEEP MONOSHAFT","1993-10-19","","","252","30"
"DRAUGEN B","IN SERVICE","N","OKEA ASA","MULTI WELL TEMPLATE","1993-10-19","","","263","20"
"DRAUGEN C","IN SERVICE","N","OKEA ASA","MULTI WELL TEMPLATE","1993-10-19","","","276","20"
"DRAUGEN D","IN SERVICE","N","OKEA ASA","SUBSEA STRUCTURE","2001-11-01","","","265","20"
"DRAUGEN FLP","REMOVED","Y","OKEA ASA","LOADING SYSTEM","1993-10-19","","2012-08-17","258","30"
"DRAUGEN FSL","IN SERVICE","N","OKEA ASA","LOADING SYSTEM","2012-10-15","","","258","25"
"DRAUGEN PLEM 105","IN SERVICE","N","OKEA ASA","SUBSEA STRUCTURE","1993-10-19","","","257","30"
"DRAUGEN PLEM-106","IN SERVICE","N","OKEA ASA","SUBSEA STRUCTURE","1993-10-19","","","256","30"
"DRAUGEN SSBP","IN SERVICE","N","OKEA ASA","SUBSEA STRUCTURE","2016-11-24","","","259",""
"DRAUGEN T","IN SERVICE","N","Gassco AS","SUBSEA STRUCTURE","2000-10-10","","","345","50"
"DRAUPNER E","IN SERVICE","Y","","JACKET 4 LEGS","1995-08-13","","","69","50"
"DRAUPNER S","IN SERVICE","Y","Gassco AS","JACKET 4 LEGS","1985-07-01","","","70","30"
"DUNKERQUE","IN SERVICE","Y","Gassco AS","ONSHORE FACILITY","1998-07-01","","","0",""
"DUVA K","IN SERVICE","N","Vår Energi ASA","MULTI WELL TEMPLATE","2021-08-23","","","359","20"
"DVALIN","IN SERVICE","N","Harbour Energy Norge AS","MULTI WELL TEMPLATE","2020-12-01","","","380","25"
"DVALIN GAS EXPORT RISER BASE","IN SERVICE","N","Harbour Energy Norge AS","SUBSEA STRUCTURE","2020-10-01","","","345","25"
"DVALIN NORD","IN SERVICE","N","Harbour Energy Norge AS","MULTI WELL TEMPLATE","2026-06-30","","","412","25"
"DVALIN PLEM","IN SERVICE","N","Harbour Energy Norge AS","SUBSEA STRUCTURE","2020-10-01","","","345","25"
"DVALIN PRODUCTION RISER BASE SSIV","IN SERVICE","N","Harbour Energy Norge AS","SUBSEA STRUCTURE","2020-10-01","","","345","25"
"EASINGTON","IN SERVICE","Y","Gassco AS","ONSHORE FACILITY","2006-10-01","","","0",""
"EDDA","REMOVED","Y","ConocoPhillips Skandinavia AS","JACKET 12 LEGS","1979-12-01","","2012-07-30","71","20"
"EDDA FL","REMOVED","Y","ConocoPhillips Skandinavia AS","JACKET TRIPOD","1976-12-01","","2006-07-15","70","20"
"EDVARD GRIEG","IN SERVICE","Y","Aker BP ASA","JACKET 4 LEGS","2015-11-28","","","109","30"
"EIRIN","IN SERVICE","N","Equinor Energy AS","MULTI WELL TEMPLATE","2026-05-05","","","120","30"
"EKOFISK A","REMOVED","Y","ConocoPhillips Skandinavia AS","JACKET 8 LEGS","1974-01-01","","2020-07-01","74","20"
"EKOFISK B","IN SERVICE","Y","ConocoPhillips Skandinavia AS","JACKET 12 LEGS","1974-10-01","","","74","20"
"EKOFISK BS1","REMOVED","Y","ConocoPhillips Skandinavia AS","JACKET TRIPOD","1972-01-01","","2009-06-30","72","20"
"EKOFISK BS3","IN SERVICE","Y","ConocoPhillips Skandinavia AS","JACKET TRIPOD","1974-01-01","","","72","20"
"EKOFISK BS4","REMOVED","Y","ConocoPhillips Skandinavia AS","JACKET TRIPOD","1975-01-01","","2007-07-15","72","20"
"EKOFISK C","SHUT DOWN","Y","ConocoPhillips Skandinavia AS","JACKET 12 LEGS","1974-01-01","2021-12-31","","77","20"
"EKOFISK FTP","REMOVED","Y","ConocoPhillips Skandinavia AS","JACKET 8 LEGS","1974-04-01","","2019-10-01","77","20"
"EKOFISK G","REMOVED","Y","Aker BP ASA","JACKET 4 LEGS","1982-10-01","","2024-08-01","77","20"
"EKOFISK H","REMOVED","Y","ConocoPhillips Skandinavia AS","JACKET 4 LEGS","1979-01-01","","2021-09-30","77","20"
"EKOFISK J","IN SERVICE","Y","ConocoPhillips Skandinavia AS","JACKET 8 LEGS","1998-08-18","","","77","30"
"EKOFISK K","IN SERVICE","Y","ConocoPhillips Skandinavia AS","JACKET 8 LEGS","1987-01-01","","","74","20"
"EKOFISK L","IN SERVICE","Y","ConocoPhillips Skandinavia AS","JACKET 4 LEGS","2014-04-01","","","79","40"
"EKOFISK L-BS","IN SERVICE","Y","ConocoPhillips Skandinavia AS","JACKET 4 LEGS","2013-10-25","","","79","40"
"EKOFISK M","IN SERVICE","Y","ConocoPhillips Skandinavia AS","JACKET 4 LEGS","2005-10-23","","","78","30"
"EKOFISK M-BS","IN SERVICE","Y","ConocoPhillips Skandinavia AS","JACKET TRIPOD","2005-10-23","","","78","30"
"EKOFISK NORD FL","REMOVED","Y","ConocoPhillips Skandinavia AS","JACKET TRIPOD","1975-01-01","","2007-07-15","72","20"
"EKOFISK P","REMOVED","Y","ConocoPhillips Skandinavia AS","JACKET 4 LEGS","1975-10-14","","2010-07-01","77","20"
"EKOFISK Q","REMOVED","Y","ConocoPhillips Skandinavia AS","JACKET 4 LEGS","1973-01-01","","2021-09-30","77","20"
"EKOFISK R","REMOVED","Y","ConocoPhillips Skandinavia AS","JACKET 8 LEGS","1977-09-01","","2010-07-01","77","20"
"EKOFISK S","REMOVED","Y","Gassco AS","JACKET 4 LEGS","1986-01-01","","2014-08-01","77","30"
"EKOFISK SBM-1","REMOVED","Y","ConocoPhillips Skandinavia AS","LOADING SYSTEM","","","1975-01-01","74",""
"EKOFISK SBM-2","REMOVED","Y","ConocoPhillips Skandinavia AS","LOADING SYSTEM","","","1975-01-01","74",""
"EKOFISK S-BS","REMOVED","Y","Gassco AS","JACKET TRIPOD","1986-10-01","","2014-08-01","74","20"
"EKOFISK SØR FL","REMOVED","Y","ConocoPhillips Skandinavia AS","JACKET TRIPOD","1972-01-01","","2009-06-30","72","20"
"EKOFISK T","ABANDONED IN PLACE","Y","ConocoPhillips Skandinavia AS","DORIS","1974-12-01","","","77","20"
"EKOFISK T WALL","ABANDONED IN PLACE","Y","ConocoPhillips Skandinavia AS","CONCRETE STRUCTURE","1989-06-24","","","77",""
"EKOFISK VA","IN SERVICE","N","ConocoPhillips Skandinavia AS","MULTI WELL TEMPLATE","2010-04-30","","","73",""
"EKOFISK VB","IN SERVICE","N","ConocoPhillips Skandinavia AS","MULTI WELL TEMPLATE","2013-05-16","","","73","25"
"EKOFISK VB-T","IN SERVICE","N","ConocoPhillips Skandinavia AS","SUBSEA STRUCTURE","2013-05-16","","","73","25"
"EKOFISK VC","IN SERVICE","N","ConocoPhillips Skandinavia AS","MULTI WELL TEMPLATE","2018-12-01","","","72","25"
"EKOFISK W","REMOVED","Y","ConocoPhillips Skandinavia AS","JACKET TRIPOD","1989-01-01","","2011-08-01","72","20"
"EKOFISK X","IN SERVICE","Y","ConocoPhillips Skandinavia AS","JACKET 4 LEGS","1997-01-01","","","77","30"
"EKOFISK X-BS","IN SERVICE","Y","ConocoPhillips Skandinavia AS","JACKET TRIPOD","1997-01-01","","","76","30"
"EKOFISK Z","IN SERVICE","Y","ConocoPhillips Skandinavia AS","JACKET 4 LEGS","2013-10-25","","","79","40"
"ELDFISK A","IN SERVICE","Y","ConocoPhillips Skandinavia AS","JACKET 12 LEGS","1979-08-01","","","71","20"
"ELDFISK B","IN SERVICE","Y","ConocoPhillips Skandinavia AS","JACKET 12 LEGS","1979-08-01","","","71","20"
"ELDFISK B-FL","IN SERVICE","Y","ConocoPhillips Skandinavia AS","JACKET TRIPOD","1979-08-01","","","70","20"
"ELDFISK E","IN SERVICE","Y","ConocoPhillips Skandinavia AS","JACKET 4 LEGS","2000-01-01","","","72","20"
"ELDFISK FTP","IN SERVICE","Y","ConocoPhillips Skandinavia AS","JACKET 8 LEGS","1979-08-01","","","77","20"
"ELDFISK FTP-BS","REMOVED","Y","ConocoPhillips Skandinavia AS","JACKET TRIPOD","1979-08-01","","2024-07-01","70","20"
"ELDFISK FTP-FL","REMOVED","Y","ConocoPhillips Skandinavia AS","JACKET TRIPOD","1979-08-01","","2024-07-01","70","20"
"ELDFISK NA","IN SERVICE","N","ConocoPhillips Skandinavia AS","MULTI WELL TEMPLATE","2024-05-05","","","71","25"
"ELDFISK NB","IN SERVICE","N","ConocoPhillips Skandinavia AS","MULTI WELL TEMPLATE","2024-05-05","","","71","25"
"ELDFISK NC","IN SERVICE","N","ConocoPhillips Skandinavia AS","MULTI WELL TEMPLATE","2024-05-05","","","71","25"
"ELDFISK NC-T","IN SERVICE","N","ConocoPhillips Skandinavia AS","SUBSEA STRUCTURE","2024-05-05","","","71","25"
"ELDFISK S","IN SERVICE","Y","ConocoPhillips Skandinavia AS","JACKET 8 LEGS","2015-01-03","","","72",""
"ELDFISK S-BS","IN SERVICE","Y","ConocoPhillips Skandinavia AS","JACKET 4 LEGS","2015-01-03","","","72",""
"EMBLA","IN SERVICE","Y","ConocoPhillips Skandinavia AS","JACKET 4 LEGS","1993-05-13","","","70","20"
"EMDEN","IN SERVICE","Y","Gassco AS","ONSHORE FACILITY","1977-09-17","","","0",""
"EMDEN SSIV","IN SERVICE","N","Gassco AS","SUBSEA STRUCTURE","1998-08-18","","","77","33"
"ENERGIVERK MONGSTAD","IN SERVICE","Y","","ONSHORE FACILITY","2009-09-28","","","0","20"
"EUROPIPE","IN SERVICE","Y","","ONSHORE FACILITY","","","","0",""
"EUROPIPE-SCP","IN SERVICE","N","Gassco AS","SUBSEA STRUCTURE","1995-10-01","","","36","50"
"FENJA G","IN SERVICE","N","Vår Energi ASA","MULTI WELL TEMPLATE","2023-04-28","","","325",""
"FENJA GAS INJ/LIFT PLEM","INSTALLATION","N","Vår Energi ASA","SUBSEA STRUCTURE","2021-10-01","","","325","25"
"FENJA H","IN SERVICE","N","Vår Energi ASA","MULTI WELL TEMPLATE","2023-04-28","","","325",""
"FENJA PRODUCTION PLET","INSTALLATION","N","Vår Energi ASA","SUBSEA STRUCTURE","2021-10-01","","","325","25"
"FENJA WATER INJ RISER BASE","INSTALLATION","N","Vår Energi ASA","SUBSEA STRUCTURE","2021-10-01","","","325","25"
"FENRIS","INSTALLATION","Y","Aker BP ASA","JACKET 4 LEGS","","","","68","30"
"FLAGS TCS","SHUT DOWN","N","","SUBSEA STRUCTURE","","2022-05-01","","139","30"
"FLAGS-T","IN SERVICE","N","Gassco AS","SUBSEA STRUCTURE","2007-10-12","","","140","30"
"FLORØ T","INSTALLATION","N","Gassco AS","SUBSEA STRUCTURE","","","","345","50"
"FOSSEKALL P","IN SERVICE","N","Equinor Energy AS","MULTI WELL TEMPLATE","2013-03-13","","","358","20"
"FOSSEKALL R","IN SERVICE","N","Equinor Energy AS","MULTI WELL TEMPLATE","2013-03-13","","","358","20"
"FRAM A1","IN SERVICE","N","Equinor Energy AS","MULTI WELL TEMPLATE","2003-10-02","","","360",""
"FRAM A2","IN SERVICE","N","Equinor Energy AS","MULTI WELL TEMPLATE","2003-10-02","","","360",""
"FRAM B1","IN SERVICE","N","Equinor Energy AS","MULTI WELL TEMPLATE","2006-10-30","","","355","15"
"FRAM B2","IN SERVICE","N","Equinor Energy AS","MULTI WELL TEMPLATE","2006-10-30","","","355","15"
"FRAM H NORD","IN SERVICE","N","Equinor Energy AS","MULTI WELL TEMPLATE","2014-09-06","","","360","25"
"FRAM SØR B4","INSTALLATION","N","Equinor Energy AS","MULTI WELL TEMPLATE","","","","340","25"
"FRAM SØR B5","INSTALLATION","N","Equinor Energy AS","MULTI WELL TEMPLATE","","","","340","25"
"FRAM SØR C1","INSTALLATION","N","Equinor Energy AS","MULTI WELL TEMPLATE","","","","340","25"
"FRAM SØR C2","INSTALLATION","N","Equinor Energy AS","MULTI WELL TEMPLATE","","","","340","25"
"FRAM T-1","IN SERVICE","N","Equinor Energy AS","SUBSEA STRUCTURE","2006-10-30","","","360",""
"FRAM T-2","IN SERVICE","N","Equinor Energy AS","SUBSEA STRUCTURE","2006-10-30","","","360",""
"FRANPIPE T","INSTALLATION","N","Gassco AS","SUBSEA STRUCTURE","1998-07-01","","","30","50"
"FREDERICIA","IN SERVICE","Y","","ONSHORE FACILITY","","","","0",""
"FRIGG DP1","REMOVED","Y","Aker BP ASA","JACKET 8 LEGS","","","2009-09-30","98",""
"FRIGG DP2","REMOVED","Y","Aker BP ASA","JACKET 8 LEGS","1978-08-01","","2008-07-31","97","20"
"FRIGG QP","REMOVED","Y","","JACKET 4 LEGS","","","2009-08-31","102",""
"FRIGG TCP2","ABANDONED IN PLACE","Y","Aker BP ASA","CONDEEP 3 SHAFTS","1978-08-01","","","102","60"
"FRIGG TP1-Y","INSTALLATION","N","Equinor Energy AS","SUBSEA STRUCTURE","","","","105","30"
"FROSK TEST PRODUCER","IN SERVICE","N","Aker BP ASA","SINGLE WELL TEMPLATE","2019-08-26","","","120","20"
"FRØY","REMOVED","Y","Aker BP ASA","JACKET 4 LEGS","1995-05-11","","2002-08-01","119","20"
"FULLA","INSTALLATION","N","Aker BP ASA","MULTI WELL TEMPLATE","","","","105","25"
"GDANSK","IN SERVICE","Y","","LANDFALL","","","","0",""
"GEKKO NORD MANIFOLD","IN SERVICE","N","Aker BP ASA","SUBSEA STRUCTURE","2023-10-26","","","120","25"
"GEKKO SØR MANIFOLD","IN SERVICE","N","Aker BP ASA","SUBSEA STRUCTURE","2023-10-26","","","125","25"
"GINA KROG","IN SERVICE","Y","Equinor Energy AS","JACKET 4 LEGS","2017-06-30","","","116","30"
"GINA KROG FSO","REMOVED","Y","Equinor Energy AS","FSU","2017-10-03","","2024-09-01","116",""
"GINA KROG T","IN SERVICE","N","Equinor Energy AS","SUBSEA STRUCTURE","","","","116","30"
"GJØA","IN SERVICE","Y","Vår Energi ASA","SEMISUB STEEL","2010-11-07","","","360","30"
"GJØA B","IN SERVICE","N","Vår Energi ASA","MULTI WELL TEMPLATE","2010-11-07","","","350","20"
"GJØA C","IN SERVICE","N","Vår Energi ASA","MULTI WELL TEMPLATE","2010-11-07","","","350","20"
"GJØA D","IN SERVICE","N","Vår Energi ASA","MULTI WELL TEMPLATE","2010-11-07","","","350","20"
"GJØA E","IN SERVICE","N","Vår Energi ASA","MULTI WELL TEMPLATE","2010-11-07","","","370","20"
"GJØA F","IN SERVICE","N","Vår Energi ASA","SINGLE WELL TEMPLATE","2010-11-07","","","370","20"
"GJØA G","IN SERVICE","N","Vår Energi ASA","MULTI WELL TEMPLATE","2021-02-22","","","363","20"
"GJØA-T","IN SERVICE","N","Vår Energi ASA","SUBSEA STRUCTURE","2010-11-10","","","150","30"
"GOLIAT B","IN SERVICE","N","Vår Energi ASA","MULTI WELL TEMPLATE","2016-03-12","","","387","20"
"GOLIAT C","IN SERVICE","N","Vår Energi ASA","MULTI WELL TEMPLATE","2016-03-12","","","376","20"
"GOLIAT D","IN SERVICE","N","Vår Energi ASA","MULTI WELL TEMPLATE","2016-03-12","","","350","20"
"GOLIAT E","IN SERVICE","N","Vår Energi ASA","MULTI WELL TEMPLATE","2016-03-12","","","323","20"
"GOLIAT F","IN SERVICE","N","Vår Energi ASA","MULTI WELL TEMPLATE","2016-03-12","","","350","20"
"GOLIAT FPSO","IN SERVICE","Y","Vår Energi ASA","FPSO","2016-03-12","","","371","30"
"GOLIAT G","IN SERVICE","N","Vår Energi ASA","MULTI WELL TEMPLATE","2016-03-12","","","394","20"
"GOLIAT H","IN SERVICE","N","Vår Energi ASA","MULTI WELL TEMPLATE","2016-03-12","","","387","20"
"GOLIAT I","IN SERVICE","N","Vår Energi ASA","MULTI WELL TEMPLATE","2016-03-12","","","327","20"
"GRANE","IN SERVICE","Y","Equinor Energy AS","JACKET 8 LEGS","2003-09-23","","","127","30"
"GRANE SSIV","IN SERVICE","N","Equinor Energy AS","SUBSEA STRUCTURE","2003-09-23","","","127","30"
"GRANE-Y","IN SERVICE","N","Equinor Energy AS","SUBSEA STRUCTURE","2015-11-28","","","125","30"
"GUDRUN","IN SERVICE","Y","Equinor Energy AS","JACKET 4 LEGS","2014-04-07","","","109","20"
"GULLFAKS A","IN SERVICE","Y","Equinor Energy AS","CONDEEP 4 SHAFTS","1986-12-21","","","133","30"
"GULLFAKS A SSIV","IN SERVICE","N","Equinor Energy AS","SUBSEA STRUCTURE","2001-02-01","","","135","30"
"GULLFAKS A-SPM 1","REMOVED","Y","Equinor Energy AS","LOADING SYSTEM","1986-12-21","","2014-05-15","136","30"
"GULLFAKS A-SPM 2","REMOVED","Y","Equinor Energy AS","LOADING SYSTEM","1988-02-29","","2014-08-30","136","30"
"GULLFAKS B","IN SERVICE","Y","Equinor Energy AS","CONDEEP 4 SHAFTS","1988-02-29","","","141","30"
"GULLFAKS C","IN SERVICE","Y","Equinor Energy AS","CONDEEP 4 SHAFTS","1989-11-04","","","216","30"
"GULLFAKS C SSIV","IN SERVICE","N","Equinor Energy AS","SUBSEA STRUCTURE","2001-02-01","","","215","30"
"GULLFAKS OLS-1","IN SERVICE","N","Equinor Energy AS","LOADING SYSTEM","2014-06-01","","","136","30"
"GULLFAKS OLS-2","IN SERVICE","N","Equinor Energy AS","LOADING SYSTEM","2014-09-15","","","136","30"
"GULLFAKS SC","IN SERVICE","N","Equinor Energy AS","SUBSEA STRUCTURE","2015-10-11","","","135","20"
"GULLFAKS SØR D","IN SERVICE","N","Equinor Energy AS","MULTI WELL TEMPLATE","1998-10-08","","","135","20"
"GULLFAKS SØR E","IN SERVICE","N","Equinor Energy AS","MULTI WELL TEMPLATE","1998-10-08","","","135","20"
"GULLFAKS SØR F","IN SERVICE","N","Equinor Energy AS","MULTI WELL TEMPLATE","1998-10-08","","","135","20"
"GULLFAKS SØR G","IN SERVICE","N","Equinor Energy AS","MULTI WELL TEMPLATE","1998-10-08","","","135","20"
"GULLFAKS SØR H","IN SERVICE","N","Equinor Energy AS","MULTI WELL TEMPLATE","1998-10-08","","","135","20"
"GULLFAKS SØR I","IN SERVICE","N","Equinor Energy AS","MULTI WELL TEMPLATE","1998-10-08","","","135","20"
"GULLFAKS SØR J","IN SERVICE","N","Equinor Energy AS","MULTI WELL TEMPLATE","1998-10-08","","","135","20"
"GULLFAKS SØR K","IN SERVICE","N","Equinor Energy AS","MULTI WELL TEMPLATE","1998-10-08","","","135","20"
"GULLFAKS SØR L","IN SERVICE","N","Equinor Energy AS","MULTI WELL TEMPLATE","2001-10-01","","","135","20"
"GULLFAKS SØR M","IN SERVICE","N","Equinor Energy AS","MULTI WELL TEMPLATE","2001-10-01","","","135","20"
"GULLFAKS SØR O","IN SERVICE","N","Equinor Energy AS","MULTI WELL TEMPLATE","2015-07-27","","","135","25"
"GULLFAKS SØR P","IN SERVICE","N","Equinor Energy AS","MULTI WELL TEMPLATE","2015-07-27","","","135","25"
"GULLFAKS SØR Q","IN SERVICE","N","Equinor Energy AS","MULTI WELL TEMPLATE","2016-08-29","","","140","25"
"GULLFAKS T","IN SERVICE","N","Gassco AS","SUBSEA STRUCTURE","2001-02-01","","","136","30"
"GYDA","REMOVED","Y","","JACKET 6 LEGS","1990-06-22","","2022-08-01","66","20"
"GYDA-Y","INSTALLATION","N","","SUBSEA STRUCTURE","1990-04-22","","","71","30"
"H-7","REMOVED","Y","Gassco AS","JACKET 8 LEGS","1977-09-17","","2013-05-15","41","20"
"H-7 BP","IN SERVICE","N","Gassco AS","SUBSEA STRUCTURE","2007-06-25","","","40","28"
"HARALD A","IN SERVICE","Y","","JACKET 4 LEGS","","","","0",""
"HARALD-Y","IN SERVICE","N","","SUBSEA STRUCTURE","","","","0",""
"HAUGSNESET","IN SERVICE","Y","Equinor Energy AS","LANDFALL","2018-10-01","","","0",""
"HEIDRUN","IN SERVICE","Y","Equinor Energy AS","TLP CONCRETE","1995-10-19","","","345","50"
"HEIDRUN B","IN SERVICE","N","Equinor Energy AS","MULTI WELL TEMPLATE","1995-08-15","","","339","25"
"HEIDRUN C","IN SERVICE","N","Equinor Energy AS","MULTI WELL TEMPLATE","1995-08-15","","","327","25"
"HEIDRUN D","IN SERVICE","N","Equinor Energy AS","MULTI WELL TEMPLATE","2000-08-15","","","359","20"
"HEIDRUN E","IN SERVICE","N","Equinor Energy AS","MULTI WELL TEMPLATE","2000-08-15","","","363","20"
"HEIDRUN F","INSTALLATION","N","Equinor Energy AS","MULTI WELL TEMPLATE","","","","358","20"
"HEIDRUN FSU","IN SERVICE","Y","Equinor Energy AS","FSU","2015-06-01","","","0","30"
"HEIDRUN PLEM-1","IN SERVICE","N","Equinor Energy AS","SUBSEA STRUCTURE","1995-10-19","","","343","50"
"HEIDRUN PLEM-2","IN SERVICE","N","Equinor Energy AS","SUBSEA STRUCTURE","1995-10-19","","","345","50"
"HEIDRUN RISER-BASE","IN SERVICE","N","Equinor Energy AS","SUBSEA STRUCTURE","1995-08-15","","","350","25"
"HEIDRUN SDU","IN SERVICE","N","Equinor Energy AS","SUBSEA STRUCTURE","2000-08-15","","","345","25"
"HEIDRUN STL-I","REMOVED","N","Equinor Energy AS","LOADING SYSTEM","1995-10-19","","2022-09-15","343","25"
"HEIDRUN STL-II","IN SERVICE","N","Equinor Energy AS","LOADING SYSTEM","2014-08-20","","","353","30"
"HEIDRUN TEMPLATE","IN SERVICE","N","Equinor Energy AS","MULTI WELL TEMPLATE","1995-08-15","","","345","40"
"HEIDRUN UMBILCAL BASE","IN SERVICE","N","Equinor Energy AS","SUBSEA STRUCTURE","1995-08-15","","","350","25"
"HEIMDAL","PARTLY REMOVED","Y","Aker BP ASA","JACKET 8 LEGS","1985-10-15","","","120","30"
"HEIMDAL HRP","REMOVED","Y","Gassco AS","JACKET 4 LEGS","2000-09-30","","2025-05-31","120","30"
"HOD","REMOVED","Y","Aker BP ASA","JACKET 4 LEGS","1990-08-01","","2025-05-31","72","15"
"HOD B","IN SERVICE","Y","Aker BP ASA","JACKET 4 LEGS","2022-04-11","","","72","30"
"HOUND POINT","IN SERVICE","Y","","ONSHORE FACILITY","","","","0",""
"HUGIN A","INSTALLATION","Y","Aker BP ASA","JACKET 8 LEGS","","","","120","25"
"HUGIN B","INSTALLATION","Y","Aker BP ASA","JACKET 4 LEGS","","","","120","30"
"HULDRA","REMOVED","Y","Equinor Energy AS","JACKET 4 LEGS","2001-11-21","","2019-10-01","125","20"
"HYGGEVANNET","IN SERVICE","Y","Vår Energi ASA","LANDFALL","2016-03-12","","","0",""
"HYME","IN SERVICE","N","Equinor Energy AS","MULTI WELL TEMPLATE","2013-02-25","","","256","25"
"HÆWENE BRIM","IN SERVICE","Y","","FPSO","1999-01-01","","","82",""
"IDUN","IN SERVICE","N","Aker BP ASA","MULTI WELL TEMPLATE","2012-12-31","","","393","25"
"IDUN NORD","INSTALLATION","N","Aker BP ASA","MULTI WELL TEMPLATE","","","","377",""
"ILT EHTF Skarv","IN SERVICE","N","","SUBSEA STRUCTURE","","","","0",""
"INSPIRER","IN SERVICE","Y","Repsol Norge AS","JACK-UP 3 LEGS","2021-10-25","","","90","30"
"IRPA","INSTALLATION","N","Equinor Energy AS","MULTI WELL TEMPLATE","","","","1348","25"
"IVAR AASEN","IN SERVICE","Y","Aker BP ASA","JACKET 4 LEGS","2016-12-24","","","113","25"
"JOHAN CASTBERG CA","IN SERVICE","N","Equinor Energy AS","MULTI WELL TEMPLATE","2025-03-31","","","365","30"
"JOHAN CASTBERG CB","IN SERVICE","N","Equinor Energy AS","MULTI WELL TEMPLATE","2025-03-31","","","361","30"
"JOHAN CASTBERG CC","IN SERVICE","N","Equinor Energy AS","MULTI WELL TEMPLATE","2025-03-31","","","344","30"
"JOHAN CASTBERG CD","IN SERVICE","N","Equinor Energy AS","SINGLE WELL TEMPLATE","2025-03-31","","","345","30"
"JOHAN CASTBERG DA","IN SERVICE","N","Equinor Energy AS","MULTI WELL TEMPLATE","2025-03-31","","","373","30"
"JOHAN CASTBERG EA","IN SERVICE","N","Equinor Energy AS","MULTI WELL TEMPLATE","2025-03-31","","","378","30"
"JOHAN CASTBERG EB","IN SERVICE","N","Equinor Energy AS","MULTI WELL TEMPLATE","2025-03-31","","","389","30"
"JOHAN CASTBERG EC","IN SERVICE","N","Equinor Energy AS","MULTI WELL TEMPLATE","2025-03-31","","","392","30"
"JOHAN CASTBERG FPSO","IN SERVICE","Y","Equinor Energy AS","FPSO","2025-03-31","","","372","30"
"JOHAN CASTBERG UMBILICAL BASE","IN SERVICE","N","Equinor Energy AS","SUBSEA STRUCTURE","2025-03-31","","","360","30"
"JOHAN CASTBERG YA","IN SERVICE","N","Equinor Energy AS","MULTI WELL TEMPLATE","2025-03-31","","","371","30"
"JOHAN CASTBERG YB","IN SERVICE","N","Equinor Energy AS","MULTI WELL TEMPLATE","2025-03-31","","","390","30"
"JOHAN CASTBERG ZA","IN SERVICE","N","Equinor Energy AS","MULTI WELL TEMPLATE","2025-03-31","","","367","30"
"JOHAN CASTBERG ZB","IN SERVICE","N","Equinor Energy AS","SINGLE WELL TEMPLATE","2025-03-31","","","358","30"
"JOHAN SVERDRUP D","IN SERVICE","N","Equinor Energy AS","MULTI WELL TEMPLATE","2016-06-01","","","120","25"
"JOHAN SVERDRUP DP","IN SERVICE","Y","Equinor Energy AS","JACKET 8 LEGS","2018-11-08","","","113","50"
"JOHAN SVERDRUP E","IN SERVICE","N","Equinor Energy AS","MULTI WELL TEMPLATE","2019-10-05","","","120","50"
"JOHAN SVERDRUP F","IN SERVICE","N","Equinor Energy AS","MULTI WELL TEMPLATE","2019-10-05","","","120","50"
"JOHAN SVERDRUP G","IN SERVICE","N","Equinor Energy AS","MULTI WELL TEMPLATE","2019-10-05","","","120","50"
"JOHAN SVERDRUP H","IN SERVICE","N","Equinor Energy AS","MULTI WELL TEMPLATE","2024-03-31","","","115","50"
"JOHAN SVERDRUP J","INSTALLATION","N","Equinor Energy AS","MULTI WELL TEMPLATE","","","","110","50"
"JOHAN SVERDRUP K","IN SERVICE","N","Equinor Energy AS","MULTI WELL TEMPLATE","2022-12-15","","","109","50"
"JOHAN SVERDRUP LQ","IN SERVICE","Y","Equinor Energy AS","JACKET 4 LEGS","2019-05-01","","","113","50"
"JOHAN SVERDRUP N","INSTALLATION","N","Equinor Energy AS","MULTI WELL TEMPLATE","","","","115","50"
"JOHAN SVERDRUP O","IN SERVICE","N","Equinor Energy AS","MULTI WELL TEMPLATE","2022-12-15","","","116","50"
"JOHAN SVERDRUP P","IN SERVICE","N","Equinor Energy AS","MULTI WELL TEMPLATE","2022-12-15","","","116","50"
"JOHAN SVERDRUP P1","IN SERVICE","Y","Equinor Energy AS","JACKET 8 LEGS","2019-10-05","","","113","50"
"JOHAN SVERDRUP P2","IN SERVICE","Y","Equinor Energy AS","JACKET 8 LEGS","2022-12-15","","","114","50"
"JOHAN SVERDRUP Q","IN SERVICE","N","Equinor Energy AS","MULTI WELL TEMPLATE","2022-12-15","","","117","50"
"JOHAN SVERDRUP RP","IN SERVICE","Y","Equinor Energy AS","JACKET 8 LEGS","2019-10-05","","","115","50"
"JOHAN SVERDRUP STATPIPE HOT TAP","IN SERVICE","N","Equinor Energy AS","SUBSEA STRUCTURE","2019-10-05","","","0",""
"JOHAN SVERDRUP STATPIPE PLEM","IN SERVICE","N","Equinor Energy AS","SUBSEA STRUCTURE","2019-10-05","","","128",""
"JOTUN B","REMOVED","Y","Vår Energi ASA","JACKET 4 LEGS","1999-10-21","","2020-04-01","127","20"
"JOTUN FPSO","IN SERVICE","Y","Vår Energi ASA","FPSO","2025-06-23","","","126","25"
"JOTUN SSIV","REMOVED","N","Vår Energi ASA","SUBSEA STRUCTURE","1999-11-22","","2021-04-01","126","20"
"JOTUN T","IN SERVICE","N","Gassco AS","SUBSEA STRUCTURE","1999-11-22","","","120","20"
"KALSTØ","IN SERVICE","Y","Gassco AS","ONSHORE FACILITY","1985-10-01","","","0",""
"KALUNDBORG","IN SERVICE","Y","","LANDFALL","","","","0",""
"KINNEIL","IN SERVICE","Y","","ONSHORE FACILITY","","","","0",""
"KLAB","IN SERVICE","Y","","ONSHORE FACILITY","","","","0",""
"KNARR A","REMOVED","N","","MULTI WELL TEMPLATE","2015-03-16","","2025-06-30","412","20"
"KNARR B","REMOVED","N","","MULTI WELL TEMPLATE","2015-03-16","","2025-06-30","403","20"
"KNELER A","IN SERVICE","N","Aker BP ASA","MULTI WELL TEMPLATE","2008-06-08","","","119","20"
"KNELER B","IN SERVICE","N","Aker BP ASA","MULTI WELL TEMPLATE","2008-06-08","","","124","20"
"KOLLSNES","IN SERVICE","Y","Gassco AS","ONSHORE FACILITY","1996-10-01","","","0",""
"KOLLSNES NÆRINGSPARK","IN SERVICE","Y","","ONSHORE FACILITY","","","","0",""
"KOLLSNES T","INSTALLATION","N","Gassco AS","SUBSEA STRUCTURE","","","","308","50"
"KRAFLA A","INSTALLATION","N","Aker BP ASA","MULTI WELL TEMPLATE","","","","98","25"
"KRAFLA B","INSTALLATION","N","Aker BP ASA","MULTI WELL TEMPLATE","","","","98","25"
"KRISTIN","IN SERVICE","Y","Equinor Energy AS","SEMISUB STEEL","2005-11-03","","","360","30"
"KRISTIN N","IN SERVICE","N","Equinor Energy AS","MULTI WELL TEMPLATE","2005-11-03","","","368",""
"KRISTIN P","IN SERVICE","N","Equinor Energy AS","MULTI WELL TEMPLATE","2005-12-27","","","372",""
"KRISTIN Q","IN SERVICE","N","Equinor Energy AS","MULTI WELL TEMPLATE","2024-07-07","","","320","20"
"KRISTIN R","IN SERVICE","N","Equinor Energy AS","MULTI WELL TEMPLATE","2006-01-22","","","356",""
"KRISTIN S","IN SERVICE","N","Equinor Energy AS","MULTI WELL TEMPLATE","2005-11-03","","","364",""
"KRISTIN T","IN SERVICE","N","Gassco AS","SUBSEA STRUCTURE","2005-11-05","","","319","50"
"KVITEBJØRN","IN SERVICE","Y","Equinor Energy AS","JACKET 4 LEGS","2004-09-26","","","190","25"
"KVITEBJØRN HTT","INSTALLATION","N","Gassco AS","SUBSEA STRUCTURE","","","","319",""
"KÅRSTØ","IN SERVICE","Y","Gassco AS","ONSHORE FACILITY","1985-10-01","","","0",""
"LANGELED SSVS","IN SERVICE","N","Gassco AS","SUBSEA STRUCTURE","2007-09-13","","","83","50"
"LANGFJELLET NORD","INSTALLATION","N","Aker BP ASA","MULTI WELL TEMPLATE","","","","114","25"
"LANGFJELLET SØR","INSTALLATION","N","Aker BP ASA","MULTI WELL TEMPLATE","","","","115","25"
"LAVRANS","ABANDONED IN PLACE","N","Equinor Energy AS","MULTI WELL TEMPLATE","","","","270","20"
"LAVRANS L","IN SERVICE","N","Equinor Energy AS","MULTI WELL TEMPLATE","2024-07-07","","","270","20"
"LILLE-FRIGG","REMOVED","N","Aker BP ASA","MULTI WELL TEMPLATE","1994-05-01","","2001-07-01","113",""
"LILLE-FRIGG A","REMOVED","N","Aker BP ASA","SUBSEA STRUCTURE","1994-05-01","","2001-07-01","110",""
"LILLE-FRIGG B","REMOVED","N","Aker BP ASA","MULTI WELL TEMPLATE","1994-05-01","","2001-07-01","113",""
"LISTA","IN SERVICE","Y","","LANDFALL","2011-06-01","","","0",""
"MAINLINE I.V","IN SERVICE","N","","SUBSEA STRUCTURE","","","","0",""
"MARIA G","IN SERVICE","N","Harbour Energy Norge AS","MULTI WELL TEMPLATE","2017-12-17","","","304","25"
"MARIA H","IN SERVICE","N","Harbour Energy Norge AS","MULTI WELL TEMPLATE","2017-12-17","","","303","25"
"MARIA I","IN SERVICE","N","Harbour Energy Norge AS","MULTI WELL TEMPLATE","2025-05-23","","","303",""
"MARTIN LINGE A","IN SERVICE","Y","Equinor Energy AS","JACKET 8 LEGS","2021-06-30","","","114","30"
"MARTIN LINGE B","IN SERVICE","Y","Equinor Energy AS","FSU","2021-06-30","","","114",""
"MARULK","IN SERVICE","N","DNO Norge AS","MULTI WELL TEMPLATE","2012-04-02","","","368","20"
"MELKØYA","IN SERVICE","Y","Equinor Energy AS","ONSHORE FACILITY","2007-09-13","","","0",""
"MIKKEL A","IN SERVICE","N","Equinor Energy AS","MULTI WELL TEMPLATE","2003-10-01","","","220","20"
"MIKKEL B","IN SERVICE","N","Equinor Energy AS","MULTI WELL TEMPLATE","2003-10-01","","","220","20"
"MIME","REMOVED","N","","MULTI WELL TEMPLATE","1990-10-01","","1999-08-01","85",""
"MONGSTAD","IN SERVICE","Y","Equinor Energy AS","ONSHORE FACILITY","1986-01-01","","","0",""
"MOR-A","IN SERVICE","N","Equinor Energy AS","MULTI WELL TEMPLATE","2010-08-01","","","360","20"
"MOR-B","IN SERVICE","N","Equinor Energy AS","MULTI WELL TEMPLATE","2010-08-01","","","360","20"
"MTS SSIV","IN SERVICE","N","Equinor Energy AS","SUBSEA STRUCTURE","1992-03-01","","","108","10"
"MUNIN","INSTALLATION","Y","Aker BP ASA","JACKET 4 LEGS","","","","105","25"
"MUNIN SENTRAL","INSTALLATION","N","Aker BP ASA","MULTI WELL TEMPLATE","","","","99","25"
"MURCHISON A","SHUT DOWN","Y","","JACKET 12 LEGS","1980-09-28","2014-03-31","","156",""
"MØRE T","INSTALLATION","N","Gassco AS","SUBSEA STRUCTURE","","","","254","50"
"NATURGASS VEST","IN SERVICE","Y","","ONSHORE FACILITY","","","","0",""
"NATURKRAFT","IN SERVICE","Y","","ONSHORE FACILITY","2007-11-01","","","0",""
"NAVION SAGA","REMOVED","Y","Equinor Energy AS","FSU","2008-02-12","","2016-10-06","90","20"
"NBP","IN SERVICE","Y","","ONSHORE FACILITY","","","","0",""
"NCG","IN SERVICE","Y","","ONSHORE FACILITY","","","","0",""
"NJORD A","IN SERVICE","Y","Equinor Energy AS","SEMISUB STEEL","2022-12-27","","","330","25"
"NJORD BRAVO","IN SERVICE","Y","Equinor Energy AS","FSU","2022-12-27","","","330","25"
"NJORD SDU-1","IN SERVICE","N","Equinor Energy AS","SUBSEA STRUCTURE","1997-10-01","","","330",""
"NJORD SDU-2","IN SERVICE","N","Equinor Energy AS","SUBSEA STRUCTURE","1997-10-01","","","330",""
"NJORD STL","IN SERVICE","Y","Equinor Energy AS","LOADING SYSTEM","1997-10-01","","","101","25"
"NJORD T","IN SERVICE","N","OKEA ASA","SUBSEA STRUCTURE","2007-12-10","","","330","50"
"NORDØST FRIGG","REMOVED","N","Aker BP ASA","MULTI WELL TEMPLATE","1984-01-01","","1996-08-15","102",""
"NORDØST FRIGG A","REMOVED","Y","Aker BP ASA","MONOTOWER","1984-01-01","","1996-07-01","102",""
"NORNE B","IN SERVICE","N","Equinor Energy AS","MULTI WELL TEMPLATE","1997-11-05","","","374","25"
"NORNE C","IN SERVICE","N","Equinor Energy AS","MULTI WELL TEMPLATE","1997-11-14","","","375","25"
"NORNE D","IN SERVICE","N","Equinor Energy AS","MULTI WELL TEMPLATE","1997-11-05","","","378","25"
"NORNE E","IN SERVICE","N","Equinor Energy AS","MULTI WELL TEMPLATE","1997-11-05","","","379","25"
"NORNE ERB","IN SERVICE","N","Gassco AS","SUBSEA STRUCTURE","2000-10-01","","","378","50"
"NORNE F","IN SERVICE","N","Equinor Energy AS","MULTI WELL TEMPLATE","1998-07-02","","","380","25"
"NORNE FPSO","IN SERVICE","Y","Equinor Energy AS","FPSO","1997-11-05","","","378","25"
"NORNE G","IN SERVICE","N","Equinor Energy AS","MULTI WELL TEMPLATE","2005-11-08","","","390","15"
"NORNE H","IN SERVICE","N","Equinor Energy AS","MULTI WELL TEMPLATE","2005-11-08","","","390","15"
"NORNE J","IN SERVICE","N","Equinor Energy AS","MULTI WELL TEMPLATE","2005-11-08","","","390","15"
"NORNE K","IN SERVICE","N","Equinor Energy AS","MULTI WELL TEMPLATE","2006-10-18","","","376",""
"NORNE M","IN SERVICE","N","Equinor Energy AS","MULTI WELL TEMPLATE","2010-05-01","","","375","20"
"NORNE/HEIDRUN T","IN SERVICE","N","Gassco AS","SUBSEA STRUCTURE","2001-02-05","","","311","50"
"NORPIPE Y","IN SERVICE","N","Gassco AS","SUBSEA STRUCTURE","1998-08-18","","","69","33"
"NOVA W","IN SERVICE","N","Harbour Energy Norge AS","MULTI WELL TEMPLATE","2022-08-01","","","369","25"
"NOVA X","IN SERVICE","N","Harbour Energy Norge AS","MULTI WELL TEMPLATE","2022-08-01","","","368","25"
"NYBRO","IN SERVICE","Y","","ONSHORE FACILITY","","","","0",""
"NYBRO TEE","INSTALLATION","N","Gassco AS","SUBSEA STRUCTURE","","","","40",""
"NYHAMNA","IN SERVICE","Y","Gassco AS","ONSHORE FACILITY","2007-09-13","","","0",""
"NYHAMNA RESERVEKRAFTVERK","IN SERVICE","Y","","ONSHORE FACILITY","","","","0",""
"OBERKAPPEL","IN SERVICE","Y","","ONSHORE FACILITY","","","","0",""
"ODA","IN SERVICE","N","Aker BP ASA","MULTI WELL TEMPLATE","2019-03-16","","","66","20"
"ODIN","REMOVED","Y","Aker BP ASA","JACKET 4 LEGS","1984-04-01","","1997-02-13","103",""
"ORMEN LANGE A","IN SERVICE","N","A/S Norske Shell","MULTI WELL TEMPLATE","2007-09-13","","","850","50"
"ORMEN LANGE B","IN SERVICE","N","A/S Norske Shell","MULTI WELL TEMPLATE","2007-09-13","","","850","50"
"ORMEN LANGE C","IN SERVICE","N","A/S Norske Shell","MULTI WELL TEMPLATE","2012-11-15","","","925","50"
"ORMEN LANGE CMF","IN SERVICE","N","A/S Norske Shell","SUBSEA STRUCTURE","2025-06-27","","","850","25"
"ORMEN LANGE CS1","IN SERVICE","N","A/S Norske Shell","SUBSEA STRUCTURE","2025-06-27","","","850","25"
"ORMEN LANGE CS2","IN SERVICE","N","A/S Norske Shell","SUBSEA STRUCTURE","2025-06-27","","","850","25"
"ORMEN LANGE D","IN SERVICE","N","A/S Norske Shell","MULTI WELL TEMPLATE","2010-07-12","","","854","50"
"OSEBERG A","IN SERVICE","Y","Equinor Energy AS","CONDEEP 4 SHAFTS","1988-12-01","","","109","40"
"OSEBERG B","IN SERVICE","Y","Equinor Energy AS","JACKET 8 LEGS","1988-12-01","","","108","40"
"OSEBERG C","IN SERVICE","Y","Equinor Energy AS","JACKET 8 LEGS","1991-09-02","","","108","25"
"OSEBERG D","IN SERVICE","Y","Equinor Energy AS","JACKET 4 LEGS","2000-10-01","","","109","30"
"OSEBERG DELTA","IN SERVICE","N","Equinor Energy AS","MULTI WELL TEMPLATE","2008-06-27","","","101",""
"OSEBERG DELTA O","IN SERVICE","N","Equinor Energy AS","MULTI WELL TEMPLATE","2015-02-21","","","103","20"
"OSEBERG DELTA P","IN SERVICE","N","Equinor Energy AS","MULTI WELL TEMPLATE","2015-02-21","","","104","20"
"OSEBERG H","IN SERVICE","Y","Equinor Energy AS","JACKET 4 LEGS","2018-10-14","","","107","25"
"OSEBERG SØR","IN SERVICE","Y","Equinor Energy AS","JACKET 6 LEGS","2000-08-30","","","101","30"
"OSEBERG SØR J","IN SERVICE","N","Equinor Energy AS","MULTI WELL TEMPLATE","2005-06-15","","","101","20"
"OSEBERG SØR K","IN SERVICE","N","Equinor Energy AS","MULTI WELL TEMPLATE","2000-08-30","","","106","20"
"OSEBERG VESTFLANKE","IN SERVICE","N","Equinor Energy AS","MULTI WELL TEMPLATE","2006-02-09","","","108","15"
"OSEBERG ØST","IN SERVICE","Y","Equinor Energy AS","JACKET 4 LEGS","1999-05-03","","","157","20"
"OSEBERG-Y","IN SERVICE","N","Equinor Energy AS","SUBSEA STRUCTURE","1991-09-01","","","110","20"
"OSELVAR","REMOVED","N","","MULTI WELL TEMPLATE","2012-04-14","","2022-07-01","72","20"
"PETROJARL 1","REMOVED","Y","Equinor Energy AS","FPSO","2001-08-29","","2013-05-01","110","15"
"PETROJARL KNARR","REMOVED","Y","","FPSO","2015-03-16","","2022-07-01","410","20"
"PETROJARL VARG","REMOVED","Y","Repsol Norge AS","FPSO","1998-12-22","","2016-07-30","84","15"
"RIND","INSTALLATION","N","Aker BP ASA","MULTI WELL TEMPLATE","","","","110","25"
"RINGHORNE","IN SERVICE","Y","Vår Energi ASA","JACKET 4 LEGS","2003-02-10","","","129","25"
"ROGASS","IN SERVICE","Y","","ONSHORE FACILITY","","","","0",""
"ROGN SØR MANIFOLD","IN SERVICE","N","OKEA ASA","SUBSEA STRUCTURE","2013-12-01","","","293",""
"SAGE-T","IN SERVICE","N","","SUBSEA STRUCTURE","2009-06-08","","","120","20"
"SIGYN","IN SERVICE","N","Equinor Energy AS","MULTI WELL TEMPLATE","2002-12-22","","","70","20"
"SKARV A","IN SERVICE","N","Aker BP ASA","MULTI WELL TEMPLATE","2012-12-31","","","324","25"
"SKARV B/C VEST","IN SERVICE","N","Aker BP ASA","MULTI WELL TEMPLATE","2012-12-31","","","375","25"
"SKARV B/C ØST","IN SERVICE","N","Aker BP ASA","MULTI WELL TEMPLATE","2012-12-31","","","375","25"
"SKARV ERB","IN SERVICE","N","Aker BP ASA","SUBSEA STRUCTURE","2012-11-10","","","369","25"
"SKARV FPSO","IN SERVICE","Y","Aker BP ASA","FPSO","2012-12-31","","","368","25"
"SKINFAKS N","IN SERVICE","N","Equinor Energy AS","MULTI WELL TEMPLATE","2007-01-27","","","140","20"
"SKIRNE","SHUT DOWN","N","","SINGLE WELL TEMPLATE","2004-03-03","2021-04-01","","118","10"
"SKOGUL PLEM","IN SERVICE","N","Aker BP ASA","SUBSEA STRUCTURE","2020-03-01","","","120","20"
"SLAGENTANGEN","SHUT DOWN","Y","","ONSHORE FACILITY","","2021-06-30","","0",""
"SLEIPNER A","IN SERVICE","Y","Equinor Energy AS","CONDEEP 4 SHAFTS","1993-10-01","","","83","50"
"SLEIPNER B","IN SERVICE","Y","Equinor Energy AS","JACKET 4 LEGS","1997-04-01","","","108","30"
"SLEIPNER C","IN SERVICE","N","Equinor Energy AS","MULTI WELL TEMPLATE","1993-09-11","","","85","20"
"SLEIPNER D","IN SERVICE","N","Equinor Energy AS","MULTI WELL TEMPLATE","1993-08-24","","","84","20"
"SLEIPNER FL","IN SERVICE","Y","Equinor Energy AS","JACKET TRIPOD","1993-09-01","","","83","50"
"SLEIPNER R","IN SERVICE","Y","Equinor Energy AS","JACKET 4 LEGS","1993-10-01","","","83","50"
"SLEIPNER T","IN SERVICE","Y","Equinor Energy AS","JACKET 6 LEGS","1997-04-01","","","83","50"
"SMØRBUKK NORD","IN SERVICE","N","Equinor Energy AS","SINGLE WELL TEMPLATE","2024-11-28","","","300","25"
"SNORRE A","IN SERVICE","Y","Equinor Energy AS","TLP STEEL","1992-08-03","","","335","30"
"SNORRE B","IN SERVICE","Y","Equinor Energy AS","SEMISUB STEEL","2001-06-27","","","350","20"
"SNORRE B SBV","IN SERVICE","N","Equinor Energy AS","SUBSEA STRUCTURE","2001-06-27","","","350","25"
"SNORRE MDU","IN SERVICE","N","Equinor Energy AS","SUBSEA STRUCTURE","2001-06-27","","","340","25"
"SNORRE SDU-1","IN SERVICE","N","Equinor Energy AS","SUBSEA STRUCTURE","2001-06-27","","","340","25"
"SNORRE SDU-2","IN SERVICE","N","Equinor Energy AS","SUBSEA STRUCTURE","2001-06-27","","","340","25"
"SNORRE SEP M","IN SERVICE","N","Equinor Energy AS","MULTI WELL TEMPLATE","2020-12-12","","","362","20"
"SNORRE SEP N","IN SERVICE","N","Equinor Energy AS","MULTI WELL TEMPLATE","2020-12-12","","","377","20"
"SNORRE SEP V","IN SERVICE","N","Equinor Energy AS","MULTI WELL TEMPLATE","2020-12-12","","","327","20"
"SNORRE SEP W","IN SERVICE","N","Equinor Energy AS","MULTI WELL TEMPLATE","2020-12-12","","","329","20"
"SNORRE SEP X","IN SERVICE","N","Equinor Energy AS","MULTI WELL TEMPLATE","2020-12-12","","","329","20"
"SNORRE SEP Z","IN SERVICE","N","Equinor Energy AS","MULTI WELL TEMPLATE","2020-12-12","","","338","20"
"SNORRE UPA","IN SERVICE","N","Equinor Energy AS","MULTI WELL TEMPLATE","1992-08-03","","","335","20"
"SNURREVARDEN","IN SERVICE","Y","","ONSHORE FACILITY","","","","0",""
"SNØHVIT CDU-1","IN SERVICE","N","Equinor Energy AS","SUBSEA STRUCTURE","2007-08-21","","","325",""
"SNØHVIT D","IN SERVICE","N","Equinor Energy AS","MULTI WELL TEMPLATE","2007-08-21","","","337",""
"SNØHVIT E","IN SERVICE","N","Equinor Energy AS","MULTI WELL TEMPLATE","2007-08-21","","","336",""
"SNØHVIT F","IN SERVICE","N","Equinor Energy AS","MULTI WELL TEMPLATE","2008-04-22","","","318",""
"SNØHVIT G","INSTALLATION","N","Equinor Energy AS","MULTI WELL TEMPLATE","","","","316",""
"SNØHVIT N","IN SERVICE","N","Equinor Energy AS","MULTI WELL TEMPLATE","2007-08-21","","","325",""
"SNØHVIT PLEM-1","IN SERVICE","N","Equinor Energy AS","SUBSEA STRUCTURE","2007-08-21","","","325",""
"SSP MANIFOLD","INSTALLATION","N","Aker BP ASA","SUBSEA STRUCTURE","","","","325","25"
"SSP SDU","INSTALLATION","N","Aker BP ASA","SUBSEA STRUCTURE","","","","324","25"
"ST.FERGUS","IN SERVICE","Y","","ONSHORE FACILITY","1978-08-20","","","0",""
"STATFJ-NORD SSIV","IN SERVICE","N","Equinor Energy AS","SUBSEA STRUCTURE","1999-08-26","","","145","50"
"STATFJORD A","IN SERVICE","Y","Equinor Energy AS","CONDEEP 3 SHAFTS","1979-11-24","","","145","30"
"STATFJORD A-OLS","IN SERVICE","N","Equinor Energy AS","LOADING SYSTEM","1987-05-07","","","145",""
"STATFJORD B","IN SERVICE","Y","Equinor Energy AS","CONDEEP 4 SHAFTS","1982-11-05","","","145","30"
"STATFJORD B-OLS","IN SERVICE","N","Equinor Energy AS","LOADING SYSTEM","1990-08-01","","","146",""
"STATFJORD C","IN SERVICE","Y","Equinor Energy AS","CONDEEP 4 SHAFTS","1985-06-26","","","145","30"
"STATFJORD C-SPM","REMOVED","Y","Equinor Energy AS","LOADING SYSTEM","1984-07-01","","2012-07-15","145",""
"STATFJORD G","SHUT DOWN","N","Equinor Energy AS","MULTI WELL TEMPLATE","1999-08-26","2011-01-01","","157","20"
"STATFJORD H","SHUT DOWN","N","Equinor Energy AS","MULTI WELL TEMPLATE","","2000-01-01","","157","20"
"STATFJORD NORD D","IN SERVICE","N","Equinor Energy AS","MULTI WELL TEMPLATE","1995-06-16","","","272","20"
"STATFJORD NORD E","IN SERVICE","N","Equinor Energy AS","MULTI WELL TEMPLATE","1995-01-23","","","265","20"
"STATFJORD NORD F","IN SERVICE","N","Equinor Energy AS","MULTI WELL TEMPLATE","1995-04-15","","","285","20"
"STATFJORD ØST K","IN SERVICE","N","Equinor Energy AS","MULTI WELL TEMPLATE","1995-01-29","","","156","20"
"STATFJORD ØST L","IN SERVICE","N","Equinor Energy AS","MULTI WELL TEMPLATE","1994-10-04","","","153","20"
"STATFJORD ØST M","IN SERVICE","N","Equinor Energy AS","MULTI WELL TEMPLATE","1994-09-23","","","195","20"
"STATFJORD-A-ALP","REMOVED","Y","Equinor Energy AS","LOADING SYSTEM","1979-11-24","","1986-01-01","145",""
"STATFJORD-B-SPM","REMOVED","Y","Equinor Energy AS","LOADING SYSTEM","1982-11-05","","1990-01-01","145",""
"STATPIPE HTT","FABRICATION","N","Gassco AS","SUBSEA STRUCTURE","","","","0","25"
"STAT-SSTC","IN SERVICE","N","Gassco AS","SUBSEA STRUCTURE","1985-10-01","","","145","40"
"STJERNE","IN SERVICE","N","Equinor Energy AS","MULTI WELL TEMPLATE","2013-03-25","","","103","20"
"STRAUM TRAFOSTASJON","INSTALLATION","Y","","LANDFALL","","","","0",""
"STT-IN","IN SERVICE","N","Gassco AS","SUBSEA STRUCTURE","1990-03-01","","","110","40"
"STURE","IN SERVICE","Y","Equinor Energy AS","ONSHORE FACILITY","1988-12-22","","","0",""
"SULLOM VOE","IN SERVICE","Y","","ONSHORE FACILITY","","","","0",""
"SVALIN C","IN SERVICE","N","Equinor Energy AS","MULTI WELL TEMPLATE","2014-09-06","","","125","25"
"SYGNA N","IN SERVICE","N","Equinor Energy AS","MULTI WELL TEMPLATE","2000-08-02","","","299","20"
"SYMRA","IN SERVICE","N","Aker BP ASA","MULTI WELL TEMPLATE","2026-04-07","","","106","25"
"TAMBAR","IN SERVICE","Y","Aker BP ASA","JACKET TRIPOD","2001-07-16","","","70","15"
"TEESSIDE","IN SERVICE","Y","ConocoPhillips (U.K.) Limited.","ONSHORE FACILITY","1975-10-14","","","0",""
"TEESSIDE SSIV","IN SERVICE","N","ConocoPhillips Skandinavia AS","SUBSEA STRUCTURE","1998-08-18","","","76","33"
"TILJE","IN SERVICE","N","Aker BP ASA","MULTI WELL TEMPLATE","2012-12-31","","","324","25"
"TJELDBERGODDEN","IN SERVICE","Y","Equinor Energy AS","ONSHORE FACILITY","1996-11-11","","","0",""
"TOGI","REMOVED","N","Equinor Energy AS","MULTI WELL TEMPLATE","1991-01-22","","2012-06-15","302","18"
"TOMMELITEN","REMOVED","N","ConocoPhillips Skandinavia AS","MULTI WELL TEMPLATE","1988-10-03","","2001-06-01","72",""
"TOMMELITEN 1/9 AB","IN SERVICE","N","ConocoPhillips Skandinavia AS","MULTI WELL TEMPLATE","2023-10-13","","","74","25"
"TOMMELITEN 1/9 AA","IN SERVICE","N","ConocoPhillips Skandinavia AS","MULTI WELL TEMPLATE","2023-10-13","","","74","25"
"TOR","REMOVED","Y","ConocoPhillips Skandinavia AS","JACKET 8 LEGS","1978-08-01","","2024-07-01","70","20"
"TOR 2/4 YA","IN SERVICE","N","ConocoPhillips Skandinavia AS","MULTI WELL TEMPLATE","2020-12-03","","","67","25"
"TOR 2/4 YB","IN SERVICE","N","ConocoPhillips Skandinavia AS","MULTI WELL TEMPLATE","2020-12-03","","","68","25"
"TOR FL","REMOVED","Y","ConocoPhillips Skandinavia AS","JACKET TRIPOD","1977-08-01","","2024-07-01","70","20"
"TOR II Y","IN SERVICE","N","Equinor Energy AS","SUBSEA STRUCTURE","2004-10-01","","","340","50"
"TORDIS EXTENSION","IN SERVICE","N","Equinor Energy AS","MULTI WELL TEMPLATE","1997-07-01","","","200","17"
"TORDIS SSIB","IN SERVICE","N","Equinor Energy AS","SUBSEA STRUCTURE","2008-02-14","","","210","20"
"TORDIS ØST K","IN SERVICE","N","Equinor Energy AS","MULTI WELL TEMPLATE","2000-07-25","","","200","20"
"TORDIS-MS","IN SERVICE","N","Equinor Energy AS","SUBSEA STRUCTURE","1994-06-03","","","200","12"
"TRESTAKK A","IN SERVICE","N","Equinor Energy AS","MULTI WELL TEMPLATE","2019-07-16","","","300","15"
"TRESTAKK B","IN SERVICE","N","Equinor Energy AS","SINGLE WELL TEMPLATE","2019-07-16","","","297","15"
"TROLL A","IN SERVICE","Y","Equinor Energy AS","CONDEEP 4 SHAFTS","1996-05-15","","","302","70"
"TROLL B","IN SERVICE","Y","Equinor Energy AS","SEMISUB CONCRETE","1995-09-21","","","320","25"
"TROLL C","IN SERVICE","Y","Equinor Energy AS","SEMISUB STEEL","1999-11-01","","","339","25"
"TROLL D","IN SERVICE","N","Equinor Energy AS","SUBSEA STRUCTURE","1995-09-25","","","338","27"
"TROLL E","IN SERVICE","N","Equinor Energy AS","SUBSEA STRUCTURE","1995-09-19","","","331","27"
"TROLL ERB","IN SERVICE","N","Equinor Energy AS","SUBSEA STRUCTURE","1995-09-21","","","324","27"
"TROLL ERS","IN SERVICE","N","Equinor Energy AS","SUBSEA STRUCTURE","1995-04-11","","","324","27"
"TROLL F","IN SERVICE","N","Equinor Energy AS","SUBSEA STRUCTURE","1995-09-23","","","330","27"
"TROLL G","IN SERVICE","N","Equinor Energy AS","SUBSEA STRUCTURE","1995-09-21","","","327","27"
"TROLL H","IN SERVICE","N","Equinor Energy AS","SUBSEA STRUCTURE","1995-12-31","","","317","27"
"TROLL I1","IN SERVICE","N","Equinor Energy AS","MULTI WELL TEMPLATE","1998-04-14","","","315","25"
"TROLL I2","IN SERVICE","N","Equinor Energy AS","MULTI WELL TEMPLATE","1998-04-14","","","315","25"
"TROLL J1","IN SERVICE","N","Equinor Energy AS","MULTI WELL TEMPLATE","1999-03-17","","","315","25"
"TROLL J2","IN SERVICE","N","Equinor Energy AS","MULTI WELL TEMPLATE","1999-03-17","","","315","25"
"TROLL K1","IN SERVICE","N","Equinor Energy AS","MULTI WELL TEMPLATE","1999-07-24","","","320","25"
"TROLL K2","IN SERVICE","N","Equinor Energy AS","MULTI WELL TEMPLATE","1999-07-24","","","320","25"
"TROLL L1","IN SERVICE","N","Equinor Energy AS","MULTI WELL TEMPLATE","2000-11-14","","","327","25"
"TROLL L2","IN SERVICE","N","Equinor Energy AS","MULTI WELL TEMPLATE","2000-11-14","","","333","25"
"TROLL M1","IN SERVICE","N","Equinor Energy AS","MULTI WELL TEMPLATE","2000-07-15","","","344","25"
"TROLL M2","IN SERVICE","N","Equinor Energy AS","MULTI WELL TEMPLATE","2000-07-15","","","346","25"
"TROLL N1","IN SERVICE","N","Equinor Energy AS","MULTI WELL TEMPLATE","2000-01-06","","","345","25"
"TROLL N2","IN SERVICE","N","Equinor Energy AS","MULTI WELL TEMPLATE","2001-12-01","","","345","25"
"TROLL O1","IN SERVICE","N","Equinor Energy AS","MULTI WELL TEMPLATE","1999-11-23","","","355","25"
"TROLL O2","IN SERVICE","N","Equinor Energy AS","MULTI WELL TEMPLATE","2010-07-20","","","338","25"
"TROLL P1","IN SERVICE","N","Equinor Energy AS","MULTI WELL TEMPLATE","1999-11-07","","","336","25"
"TROLL P2","IN SERVICE","N","Equinor Energy AS","MULTI WELL TEMPLATE","2002-06-01","","","336","25"
"TROLL PILOT","IN SERVICE","N","Equinor Energy AS","SUBSEA STRUCTURE","1999-11-03","","","342","25"
"TROLL PRB","IN SERVICE","N","Equinor Energy AS","SUBSEA STRUCTURE","1994-05-28","","","324","27"
"TROLL PRBN","IN SERVICE","N","Equinor Energy AS","SUBSEA STRUCTURE","1998-04-01","","","324","25"
"TROLL PRBS","IN SERVICE","N","Equinor Energy AS","SUBSEA STRUCTURE","1995-06-11","","","324","27"
"TROLL PRS","IN SERVICE","N","Equinor Energy AS","SUBSEA STRUCTURE","1995-04-10","","","325","27"
"TROLL PTG","IN SERVICE","N","Equinor Energy AS","SUBSEA STRUCTURE","1999-11-01","","","338",""
"TROLL PTO","IN SERVICE","N","Equinor Energy AS","SUBSEA STRUCTURE","1999-11-01","","","338",""
"TROLL Q1","IN SERVICE","N","Equinor Energy AS","MULTI WELL TEMPLATE","1999-10-31","","","335","25"
"TROLL R","FUTURE","N","Equinor Energy AS","MULTI WELL TEMPLATE","","","","341",""
"TROLL RB1","IN SERVICE","N","Equinor Energy AS","SUBSEA STRUCTURE","1999-11-01","","","338",""
"TROLL RB2","IN SERVICE","N","Equinor Energy AS","SUBSEA STRUCTURE","1999-11-01","","","338",""
"TROLL RB3","IN SERVICE","N","Equinor Energy AS","SUBSEA STRUCTURE","1999-11-01","","","338",""
"TROLL RB4","IN SERVICE","N","Equinor Energy AS","SUBSEA STRUCTURE","1999-11-01","","","338",""
"TROLL RSS1","IN SERVICE","N","Equinor Energy AS","SUBSEA STRUCTURE","1999-11-01","","","338","25"
"TROLL RSS2","IN SERVICE","N","Equinor Energy AS","SUBSEA STRUCTURE","1999-11-01","","","338","25"
"TROLL S1","IN SERVICE","N","Equinor Energy AS","MULTI WELL TEMPLATE","1999-11-03","","","340","25"
"TROLL S2","IN SERVICE","N","Equinor Energy AS","MULTI WELL TEMPLATE","1999-11-03","","","342","25"
"TROLL T1","IN SERVICE","N","Equinor Energy AS","MULTI WELL TEMPLATE","2001-02-01","","","335","25"
"TROLL T2","IN SERVICE","N","Equinor Energy AS","MULTI WELL TEMPLATE","2001-01-01","","","335","25"
"TROLL T3","FUTURE","N","Equinor Energy AS","MULTI WELL TEMPLATE","","","","335",""
"TROLL U1","IN SERVICE","N","Equinor Energy AS","MULTI WELL TEMPLATE","1999-11-01","","","335","25"
"TROLL U2","IN SERVICE","N","Equinor Energy AS","MULTI WELL TEMPLATE","1999-11-01","","","335","25"
"TROLL V1","FUTURE","N","Equinor Energy AS","MULTI WELL TEMPLATE","","","","335",""
"TROLL V2","FUTURE","N","Equinor Energy AS","MULTI WELL TEMPLATE","","","","335",""
"TROLL W1","IN SERVICE","N","Equinor Energy AS","MULTI WELL TEMPLATE","2021-08-27","","","327","40"
"TROLL W2","IN SERVICE","N","Equinor Energy AS","MULTI WELL TEMPLATE","2021-08-27","","","335","40"
"TROLL W3","INSTALLATION","N","Equinor Energy AS","MULTI WELL TEMPLATE","","","","335","40"
"TROLL W4","INSTALLATION","N","Equinor Energy AS","MULTI WELL TEMPLATE","","","","335","40"
"TRYM","IN SERVICE","N","DNO Norge AS","MULTI WELL TEMPLATE","2011-02-12","","","65","20"
"TUNE","IN SERVICE","N","Equinor Energy AS","MULTI WELL TEMPLATE","2002-11-28","","","100","20"
"TYRIHANS A","IN SERVICE","N","Equinor Energy AS","MULTI WELL TEMPLATE","2009-07-08","","","286","25"
"TYRIHANS B","IN SERVICE","N","Equinor Energy AS","MULTI WELL TEMPLATE","2009-07-08","","","273","25"
"TYRIHANS C","IN SERVICE","N","Equinor Energy AS","MULTI WELL TEMPLATE","2009-07-08","","","268","25"
"TYRIHANS D","IN SERVICE","N","Equinor Energy AS","MULTI WELL TEMPLATE","2009-07-08","","","266","25"
"TYRIHANS W","INSTALLATION","N","Equinor Energy AS","MULTI WELL TEMPLATE","","","","282","25"
"UK-NL","IN SERVICE","N","Equinor Energy AS","SUBSEA STRUCTURE","1985-10-01","","","44","30"
"ULA DP","IN SERVICE","Y","Aker BP ASA","JACKET 4 LEGS","1986-07-01","","","71","20"
"ULA PP","IN SERVICE","Y","Aker BP ASA","JACKET 4 LEGS","1986-10-01","","","71","20"
"ULA QP","IN SERVICE","Y","Aker BP ASA","JACKET 4 LEGS","1986-10-01","","","71","20"
"ULA-Y","IN SERVICE","N","Aker BP ASA","SUBSEA STRUCTURE","1990-06-22","","","70","30"
"URD T","IN SERVICE","N","Equinor Energy AS","SUBSEA STRUCTURE","2005-11-08","","","390","15"
"UTGARD","IN SERVICE","N","Equinor Energy AS","MULTI WELL TEMPLATE","2019-09-16","","","115","20"
"VALE","SHUT DOWN","N","Aker BP ASA","SINGLE WELL TEMPLATE","2002-05-31","2023-09-06","","114","12"
"VALEMON","IN SERVICE","Y","Equinor Energy AS","JACKET 4 LEGS","2015-01-03","","","133","25"
"VALHALL BVS","IN SERVICE","N","Aker BP ASA","SUBSEA STRUCTURE","1998-08-18","","","70","33"
"VALHALL DP","PARTLY REMOVED","Y","Aker BP ASA","JACKET 8 LEGS","1981-12-17","","","74","20"
"VALHALL FLANKE NORD","IN SERVICE","Y","Aker BP ASA","JACKET 4 LEGS","2004-01-07","","","69","30"
"VALHALL FLANKE SØR","IN SERVICE","Y","Aker BP ASA","JACKET 4 LEGS","2003-05-08","","","67","30"
"VALHALL FLANKE VEST","IN SERVICE","Y","Aker BP ASA","JACKET 4 LEGS","2019-12-16","","","69","25"
"VALHALL IP","IN SERVICE","Y","Aker BP ASA","JACKET 4 LEGS","2004-01-24","","","74","30"
"VALHALL PCP","REMOVED","Y","Aker BP ASA","JACKET 8 LEGS","1982-06-01","","2025-06-15","74","20"
"VALHALL PH","IN SERVICE","Y","Aker BP ASA","JACKET 4 LEGS","2013-01-26","","","74","40"
"VALHALL PWP","INSTALLATION","Y","Aker BP ASA","JACKET 8 LEGS","","","","76","30"
"VALHALL Q","REMOVED","Y","Aker BP ASA","JACKET 4 LEGS","1981-07-01","","2021-09-01","74","20"
"VALHALL SSPR","IN SERVICE","N","Aker BP ASA","SUBSEA STRUCTURE","1998-08-18","","","70","33"
"VALHALL VTS","IN SERVICE","N","Aker BP ASA","SUBSEA STRUCTURE","1998-08-18","","","70","33"
"VALHALL WP","IN SERVICE","Y","Aker BP ASA","JACKET 4 LEGS","1996-06-01","","","74","33"
"VARG A","REMOVED","Y","Repsol Norge AS","MONOTOWER","1998-12-22","","2018-07-01","84","15"
"VEGA NORD","IN SERVICE","N","Harbour Energy Norge AS","MULTI WELL TEMPLATE","2010-12-02","","","377","20"
"VEGA SENTRAL","IN SERVICE","N","Harbour Energy Norge AS","MULTI WELL TEMPLATE","2010-12-02","","","378","20"
"VEGA SØR","IN SERVICE","N","Harbour Energy Norge AS","MULTI WELL TEMPLATE","2010-12-02","","","368","30"
"VERDANDE","IN SERVICE","N","Equinor Energy AS","MULTI WELL TEMPLATE","2025-12-02","","","373","25"
"VESLEFRIKK A","PARTLY REMOVED","Y","Equinor Energy AS","JACKET 4 LEGS","1989-12-26","","","174","20"
"VESLEFRIKK B","REMOVED","Y","Equinor Energy AS","SEMISUB STEEL","1989-12-26","","2022-07-01","176","26"
"VESLEFRIKK T","IN SERVICE","N","Gassco AS","SUBSEA STRUCTURE","1991-09-01","","","110","40"
"VEST EKOFISK","REMOVED","Y","ConocoPhillips Skandinavia AS","JACKET 8 LEGS","1974-01-01","","2012-07-30","75","20"
"VESTERLED T","IN SERVICE","N","Gassco AS","SUBSEA STRUCTURE","2001-10-01","","","100","50"
"VESTPROSESS","IN SERVICE","Y","","ONSHORE FACILITY","","","","0",""
"VIGDIS B","IN SERVICE","N","Equinor Energy AS","MULTI WELL TEMPLATE","1997-03-05","","","292","15"
"VIGDIS BOOSTER STATION","IN SERVICE","N","Equinor Energy AS","SUBSEA STRUCTURE","2021-05-01","","","292",""
"VIGDIS C","IN SERVICE","N","Equinor Energy AS","MULTI WELL TEMPLATE","1997-03-05","","","283","15"
"VIGDIS D","IN SERVICE","N","Equinor Energy AS","MULTI WELL TEMPLATE","2003-10-18","","","250",""
"VIGDIS E","IN SERVICE","N","Equinor Energy AS","MULTI WELL TEMPLATE","1998-01-01","","","290","15"
"VIGDIS F","IN SERVICE","N","Equinor Energy AS","MULTI WELL TEMPLATE","2003-10-18","","","220",""
"VIGDIS G","IN SERVICE","N","Equinor Energy AS","MULTI WELL TEMPLATE","2008-03-19","","","280",""
"VIGDIS H","IN SERVICE","N","Equinor Energy AS","MULTI WELL TEMPLATE","2013-03-11","","","291","25"
"VIGDIS NORDØST T","IN SERVICE","N","Equinor Energy AS","SUBSEA STRUCTURE","2013-03-11","","","290","25"
"VIGDIS-Y","INSTALLATION","N","Equinor Energy AS","SUBSEA STRUCTURE","","","","140",""
"VISUND","IN SERVICE","Y","Equinor Energy AS","SEMISUB STEEL","1999-05-26","","","335","30"
"VISUND NORD","SHUT DOWN","N","Equinor Energy AS","MULTI WELL TEMPLATE","2002-02-01","2006-01-19","","381","25"
"VISUND NORD IOR","IN SERVICE","N","Equinor Energy AS","MULTI WELL TEMPLATE","2019-09-02","","","380","25"
"VISUND NORD ITS","IN SERVICE","N","Equinor Energy AS","MULTI WELL TEMPLATE","2013-11-05","","","378","25"
"VISUND SDU-1","IN SERVICE","N","Equinor Energy AS","SUBSEA STRUCTURE","1999-05-26","","","335",""
"VISUND SDU-2","IN SERVICE","N","Equinor Energy AS","SUBSEA STRUCTURE","1999-05-26","","","335",""
"VISUND SØR","IN SERVICE","N","Equinor Energy AS","MULTI WELL TEMPLATE","2012-11-22","","","292","25"
"VISUND T","INSTALLATION","N","Gassco AS","SUBSEA STRUCTURE","","","","185","25"
"VOLUND","IN SERVICE","N","Aker BP ASA","MULTI WELL TEMPLATE","2009-09-16","","","124","15"
"VØRING T","INSTALLATION","N","Gassco AS","SUBSEA STRUCTURE","","","","171","50"
"YME B","REMOVED","Y","Repsol Norge AS","FSU","1996-02-27","","2001-05-15","95",""
"YME B VEST","DISPOSAL COMPLETED","N","Repsol Norge AS","MULTI WELL TEMPLATE","1999-11-01","","","85","5"
"YME B ØST","DISPOSAL COMPLETED","N","Repsol Norge AS","MULTI WELL TEMPLATE","1996-06-01","","","82","5"
"YME BETA","IN SERVICE","N","Repsol Norge AS","MULTI WELL TEMPLATE","2021-10-25","","","77","15"
"YME BETA NORD","IN SERVICE","N","Repsol Norge AS","MULTI WELL TEMPLATE","2022-12-01","","","79",""
"YME SLS","IN SERVICE","N","Repsol Norge AS","LOADING SYSTEM","2021-10-25","","","93","20"
"YME WHM","IN SERVICE","Y","Repsol Norge AS","MOPUStor","2021-10-25","","","93","15"
"YME-STL","REMOVED","Y","Repsol Norge AS","LOADING SYSTEM","1996-02-27","","2001-07-01","94",""
"YOP-Y","INSTALLATION","N","Equinor Energy AS","SUBSEA STRUCTURE","","","","132","25"
"ZEEBRUGGE","IN SERVICE","Y","Gassco AS","ONSHORE FACILITY","1993-10-01","","","0",""
"ZEEPIPE TERMINAL","IN SERVICE","Y","","ONSHORE FACILITY","1993-10-01","","","0",""
"ZEEPIPE-SCP","IN SERVICE","N","Gassco AS","SUBSEA STRUCTURE","1993-10-01","","","41","50"
"ØRN","INSTALLATION","N","Aker BP ASA","MULTI WELL TEMPLATE","","","","391",""
"ØST FRIGG","INSTALLATION","N","Aker BP ASA","MULTI WELL TEMPLATE","","","","98","25"
"ØST FRIGG A","REMOVED","N","Aker BP ASA","MULTI WELL TEMPLATE","1988-10-01","","2001-07-01","112",""
"ØST FRIGG B","REMOVED","N","Aker BP ASA","MULTI WELL TEMPLATE","1988-10-01","","2001-07-01","112",""
"ØST FRIGG CMS","REMOVED","N","Aker BP ASA","SUBSEA STRUCTURE","1988-10-01","","2001-06-01","112",""
"ØST KAMELEON","IN SERVICE","N","Aker BP ASA","MULTI WELL TEMPLATE","2008-06-08","","","123","20"
"ØYGARDEN ENERGIPARK","IN SERVICE","Y","","ONSHORE FACILITY","2025-08-21","","","0",""
"ÅRSKOG","INSTALLATION","Y","Aker BP ASA","LANDFALL","","","","0","25"
"ÅSGARD A","IN SERVICE","Y","Equinor Energy AS","FPSO","1999-05-20","","","315","20"
"ÅSGARD B","IN SERVICE","Y","Equinor Energy AS","SEMISUB STEEL","2000-10-04","","","300","50"
"ÅSGARD C","IN SERVICE","Y","Equinor Energy AS","FSU","2000-10-04","","","290","20"
"ÅSGARD D","FUTURE","N","","SINGLE WELL TEMPLATE","","","","300",""
"ÅSGARD E","IN SERVICE","N","Equinor Energy AS","MULTI WELL TEMPLATE","1999-05-20","","","305","20"
"ÅSGARD ERB","IN SERVICE","N","Gassco AS","SUBSEA STRUCTURE","2000-10-01","","","305","50"
"ÅSGARD F","IN SERVICE","N","Equinor Energy AS","MULTI WELL TEMPLATE","1999-05-20","","","300","20"
"ÅSGARD G","IN SERVICE","N","Equinor Energy AS","MULTI WELL TEMPLATE","1999-05-20","","","288","20"
"ÅSGARD H","IN SERVICE","N","Equinor Energy AS","MULTI WELL TEMPLATE","2000-10-04","","","290","20"
"ÅSGARD I","IN SERVICE","N","Equinor Energy AS","MULTI WELL TEMPLATE","1999-05-20","","","285","20"
"ÅSGARD J","IN SERVICE","N","Equinor Energy AS","MULTI WELL TEMPLATE","2000-10-04","","","256","20"
"ÅSGARD K","IN SERVICE","N","Equinor Energy AS","MULTI WELL TEMPLATE","2000-10-04","","","296","20"
"ÅSGARD L","IN SERVICE","N","Equinor Energy AS","MULTI WELL TEMPLATE","1999-05-20","","","288","20"
"ÅSGARD M","IN SERVICE","N","Equinor Energy AS","MULTI WELL TEMPLATE","2000-10-04","","","273","20"
"ÅSGARD N","IN SERVICE","N","Equinor Energy AS","MULTI WELL TEMPLATE","2000-10-04","","","272","20"
"ÅSGARD NB","IN SERVICE","N","Equinor Energy AS","SINGLE WELL TEMPLATE","2012-02-10","","","301","20"
"ÅSGARD O","IN SERVICE","N","Equinor Energy AS","MULTI WELL TEMPLATE","2000-10-04","","","286","20"
"ÅSGARD P","IN SERVICE","N","Equinor Energy AS","MULTI WELL TEMPLATE","1999-05-20","","","310","20"
"ÅSGARD PB","IN SERVICE","N","Equinor Energy AS","MULTI WELL TEMPLATE","2015-09-04","","","310","25"
"ÅSGARD Q","IN SERVICE","N","Equinor Energy AS","MULTI WELL TEMPLATE","2005-08-26","","","300","20"
"ÅSGARD R","IN SERVICE","N","Equinor Energy AS","MULTI WELL TEMPLATE","1999-05-20","","","305","20"
"ÅSGARD RB","IN SERVICE","N","Equinor Energy AS","SUBSEA STRUCTURE","2005-08-26","","","315","20"
"ÅSGARD S","IN SERVICE","N","Equinor Energy AS","MULTI WELL TEMPLATE","1999-05-20","","","300","20"
"ÅSGARD SCMS-A","IN SERVICE","N","Equinor Energy AS","SUBSEA STRUCTURE","2015-09-16","","","267","25"
"ÅSGARD SCSt-A","IN SERVICE","N","Equinor Energy AS","SUBSEA STRUCTURE","2015-09-16","","","267","25"
"ÅSGARD T","IN SERVICE","N","Gassco AS","SUBSEA STRUCTURE","","","","311","50"
"ÅSGARD X","IN SERVICE","N","Equinor Energy AS","MULTI WELL TEMPLATE","2000-10-04","","","298","20"
"ÅSGARD Y","IN SERVICE","N","Equinor Energy AS","MULTI WELL TEMPLATE","2000-10-04","","","260","20"
"ÅSGARD Z","IN SERVICE","N","Equinor Energy AS","MULTI WELL TEMPLATE","2000-10-04","","","245","20"
"ÅSGARD-E102 T-koblingspunkt","IN SERVICE","N","","SUBSEA STRUCTURE","","","","0",""
"AASTA HANSTEEN B","IN SERVICE","N","Equinor Energy AS","MULTI WELL TEMPLATE","2018-12-17","","","1232","25"
"AASTA HANSTEEN C","IN SERVICE","N","Equinor Energy AS","SINGLE WELL TEMPLATE","2018-12-17","","","1260","25"
"AASTA HANSTEEN D","IN SERVICE","N","Equinor Energy AS","MULTI WELL TEMPLATE","2018-12-17","","","1278","25"
"AASTA HANSTEEN E","IN SERVICE","N","Equinor Energy AS","SINGLE WELL TEMPLATE","2018-11-01","","","1311","25"
"AASTA HANSTEEN PLEM","IN SERVICE","N","Gassco AS","SUBSEA STRUCTURE","2018-12-17","","","1300","25"
"AASTA HANSTEEN SPAR","IN SERVICE","Y","Equinor Energy AS","SPAR","2018-12-17","","","1315","30"
"AASTA HANSTEEN UMBILICAL RISER BASE","IN SERVICE","N","Equinor Energy AS","SUBSEA STRUCTURE","2018-12-17","","","1300","25"
