"protocolo","ano","tipo_pdi","status_pdi","aprov_pdi","status_rdi","aprov_rdi","ciclo_anos","pendente_anos","campo","bacia","operador","classe","objeto"
"48610.000088/2015-01","2015","Integral","Aprovado","2025-07-15","","","","1.1","LINGUADO","CAMPOS","PETROBRAS","INSTALACAO MAR","PETROBRAS 12"
"48610.000089/2015-47","2015","Parcial","Aprovado","2025-12-11","","","","0.7","BICUDO","CAMPOS","PETROBRAS","INSTALACAO MAR","PETROBRAS 07"
"48610.000159/2015-67","2015","Integral","Aprovado","2016-03-03","Aprovado","2018-09-04","2.5","","GAVIÃO REAL","PARNAÍBA","ENEVA","CAMPO TERRA","GAVIÃO REAL"
"48610.000439/2015-75","2015","Integral","Aprovado","2016-06-17","Aprovado","2019-01-15","2.6","","URUTAU (LICITADO)","POTIGUAR","GALP ENERGIA","CAMPO TERRA","URUTAU"
"48610.000611/2016-71","2016","","Encerrado","","","","","","AGULHA","POTIGUAR","PETROBRAS","CAMPO MAR","AGULHA"
"48610.000699/2014-60","2014","","Encerrado","","","","","","DENTÃO","POTIGUAR","PETROBRAS","CAMPO MAR","DENTÃO"
"48610.000700/2014-56","2014","","Encerrado","","","","","","BIQUARA","POTIGUAR","PETROBRAS","CAMPO MAR","BIQUARA"
"48610.001273/2015-12","2015","Parcial","Aprovado","2015-07-24","Aprovado","","","11.1","MARLIM SUL","CAMPOS","PETROBRAS","CAMPO MAR","MARLIM SUL"
"48610.001368/2014-47","2014","","","","Aprovado","","","","CARATAÍ","CAMPOS","PETROBRAS","CAMPO MAR","CARATAÍ"
"48610.001707/2014-95","2014","Integral","Aprovado","2016-06-22","","","","10.1","RIO PRETO","ESPÍRITO SANTO","PETROBRAS","CAMPO TERRA","RIO PRETO"
"48610.002058/2012-88","2012","","","","Recebido","","","","JUBARTE","CAMPOS","PETROBRAS","CAMPO MAR","P-34 - JUBARTE"
"48610.002209/2013-89","2013","Parcial","Aprovado","2013-12-05","","","","12.7","","","PETROBRAS","INSTALACAO MAR","PETROBRAS 27"
"48610.002392/2018-27","2018","Integral","Aprovado","2019-07-01","","","","7.1","PIRANEMA","SERGIPE","PETROBRAS","INSTALACAO MAR","PLATAFORMA DE PIRANEMA"
"48610.002503/2012-18","2012","","Aprovado","2018-12-10","Aprovado","2019-01-10","0.1","","BARRA BONITA | BARRA BONITA (LICITADO)","PARANÁ","PETROBRAS","CAMPO TERRA","BARRA BONITA"
"48610.002833/2016-29","2016","","Aprovado","2020-11-30","","","","5.7","TIZIU","POTIGUAR","PETROBRAS","CAMPO TERRA","TIZIU"
"48610.002853/2014-38","2014","","","","Aprovado","2015-08-06","","","TUBARÃO AREIA | TUBARÃO GATO | TUBARÃO TIGRE","CAMPOS","EBX","CAMPO MAR","TUBARÃO AREIA | TUBARÃO GATO | TUBARÃO TIGRE"
"48610.003163/2013-15","2013","Integral","Aprovado","2015-12-21","Aprovado","2020-06-01","4.4","","SEBASTIÃO FERREIRA","ALAGOAS","PETROSYNERGY","CAMPO TERRA","SEBASTIÃO FERREIRA"
"48610.003210/2015-92","2015","","Aprovado","2019-07-01","","","","7.1","COLIBRI","POTIGUAR","UBUNTU ENGENHARIA","CAMPO TERRA","COLIBRI"
"48610.003669/2014-13","2014","Integral","Aprovado","2015-03-03","Aprovado","2015-04-09","0.1","","CARAPIA","SANTOS","PETROBRAS","CAMPO MAR","CARAPIÁ"
"48610.003711/2017-31","2017","Integral","Aprovado","2019-06-26","Aprovado","2023-08-04","4.1","","ALBATROZ","ESPÍRITO SANTO","PETROSYNERGY","CAMPO TERRA","ALBATROZ"
"48610.004266/2014-83","2014","Parcial","Aprovado","2015-10-02","","","","10.9","TUBARÃO AZUL","CAMPOS","DOMMO","CAMPO MAR","TUBARÃO AZUL"
"48610.004819/2015-89","2015","Integral","Aprovado","2015-08-27","Aprovado","2016-02-04","0.4","","BAUNA SUL","SANTOS","PETROBRAS","CAMPO MAR","BAUNA SUL | BAÚNA SUL"
"48610.005117/2016-01","2016","","","","Aprovado","","","","GOLFINHO","ESPÍRITO SANTO","PETROBRAS","CAMPO MAR","GOLFINHO (DEVOLUÇÃO PARCIAL)"
"48610.005154/2014-40","2014","","","","Aprovado","2017-12-26","","","MANATI","CAMAMU","PETROBRAS","CAMPO MAR","MANATI (DEVOLUÇÃO PARCIAL)"
"48610.005705/2015-56","2015","","Aprovado","2022-02-01","","","","4.5","ITAPARICA","RECÔNCAVO","PETROBRAS","CAMPO TERRA","ITAPARICA"
"48610.005880/2013-81","2013","Integral","Aprovado","2019-07-16","","","","7.1","GUAJÁ","POTIGUAR","PETROBRAS","CAMPO MAR","GUAJÁ"
"48610.005914/2015-08","2015","","Aprovado","2018-02-20","","","","8.5","MOSQUITO NORTE","ESPÍRITO SANTO","PETROBRAS","CAMPO TERRA","MOSQUITO NORTE"
"48610.006041/2014-61","2014","","Recebido","","","","","","MORÉIA","CAMPOS","PETROBRAS","CAMPO MAR","MORÉIA"
"48610.006098/2011-18","2011","","","","Aprovado","2019-05-02","","","MARITACA","RECÔNCAVO","SONANGOL","CAMPO TERRA","MARITACA"
"48610.006449/2014-33","2014","","","","Recebido","","","","","","PETROBRAS","INSTALACAO MAR","FPSO BRASIL"
"48610.006672/2014-81","2014","","","","Aprovado","2015-03-09","","","ESTRELA DO MAR","SANTOS","PETROBRAS","CAMPO MAR","ESTRELA DO MAR"
"48610.006713/2014-39","2014","","Aprovado","2017-01-09","Aprovado","2022-11-24","5.9","","CAÇÃO","ESPÍRITO SANTO","PETROBRAS","CAMPO MAR","CAÇÃO"
"48610.006790/2016-51","2016","Integral","Aprovado","2017-09-12","","","","8.9","TAMBUATÁ","SANTOS","PETROBRAS","CAMPO MAR","TAMBUATÁ"
"48610.007006/2018-93","2018","Integral","Aprovado","2020-09-28","","","","5.9","ESPADARTE","CAMPOS","PETROBRAS","INSTALACAO MAR","FPSO CIDADE DO RIO DE JANEIRO"
"48610.007031/2013-62","2013","","","","Aprovado","2018-11-23","","","GARÇA BRANCA","ESPÍRITO SANTO","CENTRAL RESOURCE","CAMPO TERRA","GARÇA BRANCA"
"48610.007321/2017-30","2017","","Aprovado","2021-07-18","","","","5.1","SIRI","POTIGUAR","PETROBRAS","CAMPO MAR","SIRI"
"48610.007328/2015-90","2015","Integral","Aprovado","2017-09-25","","","","8.9","CHAUÁ","POTIGUAR","ALVOPETRO","CAMPO TERRA","CHAUÁ"
"48610.007395/2018-57","2018","Integral","Aprovado","2019-06-17","","","","7.2","TARTARUGA VERDE","CAMPOS","PETROBRAS","INSTALACAO MAR","FPSO CIDADE DE RIO DAS OSTRAS"
"48610.008033/2015-31","2015","","Aprovado","2018-12-18","Aprovado","2024-03-06","5.2","","SALEMA BRANCA","POTIGUAR","PETROBRAS","CAMPO MAR","SALEMA BRANCA"
"48610.008040/2017-02","2017","","Aprovado","2021-12-09","","","","4.7","RIO IBIRIBAS","ESPÍRITO SANTO","PETROBRAS","CAMPO TERRA","RIO IBIRIBAS"
"48610.008041/2017-49","2017","Integral","Aprovado","2020-05-20","","","","6.2","RIO DOCE","ESPÍRITO SANTO","PETROBRAS","CAMPO TERRA","RIO DOCE"
"48610.008042/2017-93","2017","","Aprovado","2020-11-17","","","","5.7","ILHA DA CAÇUMBA","MUCURI","PETROBRAS","CAMPO TERRA","ILHA DA CAÇUMBA"
"48610.008265/2012-46","2012","Integral","Aprovado","2013-07-03","Aprovado","2017-04-04","3.8","","ARACUÃ","SERGIPE","SONANGOL","CAMPO TERRA","ARACUÃ"
"48610.008288/2015-01","2015","Integral","Aprovado","2016-05-30","","","","10.2","MEXILHÃO","SANTOS","PETROBRAS","CAMPO MAR","MEXILHÃO (CEDRO)"
"48610.008566/2015-12","2015","Integral","Aprovado","2016-01-18","Aprovado","2016-10-13","0.7","","PIRAPITANGA","SANTOS","PETROBRAS","CAMPO MAR","PIRAPITANGA"
"48610.009003/2015-41","2015","","Sobrestado","","","","","","NORDESTE DE NAMORADO","CAMPOS","PETROBRAS","CAMPO MAR","NORDESTE DE NAMORADO"
"48610.009820/2015-08","2015","Integral","Aprovado","2018-11-30","Aprovado","2020-06-18","1.5","","CORRUIRA","ESPÍRITO SANTO","PETROBRAS","CAMPO TERRA","CORRUÍRA"
"48610.009865/2016-55","2016","","Encerrado","","","","","","OESTE DE UBARANA","POTIGUAR","PETROBRAS","CAMPO MAR","OESTE DE UBARANA"
"48610.009941/2013-80","2013","","","","Aprovado","","","","CORAL","SANTOS","PETROBRAS","CAMPO MAR","CORAL"
"48610.010246/2014-41","2014","Integral","Aprovado","2016-05-18","","","","10.2","RIO MARIRICU","ESPÍRITO SANTO","PETROBRAS","CAMPO TERRA","RIO MARIRICU"
"48610.010247/2014-96","2014","Integral","Aprovado","2020-06-26","","","","6.1","RIO MARIRICU SUL","ESPÍRITO SANTO","PETROBRAS","CAMPO TERRA","RIO MARIRICU SUL"
"48610.010248/2014-31","2014","","Aprovado","2017-09-20","","","","8.9","LAGOA PARDA SUL","ESPÍRITO SANTO","PETROBRAS","CAMPO TERRA","LAGOA PARDA SUL"
"48610.011149/2013-95","2013","Integral","Aprovado","2016-02-17","Aprovado","2020-05-28","4.3","","CIDADE DE SEBASTIÃO FERREIRA","ALAGOAS","PETROSYNERGY","CAMPO TERRA","CIDADE DE SEBASTIÃO FERREIRA"
"48610.011296/2013-65","2013","Integral","Aprovado","2015-02-11","Aprovado","2018-06-19","3.4","","JAPUAÇU","ALAGOAS","PETROBRAS","CAMPO TERRA","JAPUAÇU"
"48610.011366/2013-85","2013","Integral","Aprovado","2015-07-22","Aprovado","2020-06-18","4.9","","ACAUÃ LESTE","POTIGUAR","PETROBRAS","CAMPO TERRA","ACAUÃ LESTE"
"48610.012005/2013-56","2013","Integral","Aprovado","2017-08-11","","","","9","GUAIUBA","POTIGUAR","PETROBRAS","CAMPO MAR","GUAIUBA"
"48610.012206/2018-68","2018","Integral","Aprovado","2019-12-27","","","","6.6","VALE DO QUIRICO","RECÔNCAVO","PETROBRAS","CAMPO TERRA","VALE DO QUIRICO"
"48610.012427/2018-36","2018","Integral","Aprovado","2020-03-24","","","","6.4","CAMARÃO NORTE","CAMAMU","PETROBRAS","CAMPO MAR","CAMARÃO NORTE"
"48610.012552/2013-31","2013","Integral","Aprovado","","","","","","NOROESTE DO MORRO ROSADO","POTIGUAR","PETROBRAS","CAMPO TERRA","NOROESTE DO MORRO ROSADO"
"48610.012773/2015-71","2015","","","","Aprovado","2022-06-06","","","CATUÁ","CAMPOS","PETROBRAS","CAMPO MAR","CATUÁ"
"48610.012796/2018-29","2018","","Sobrestado","","","","","","JURUÁ","SOLIMÕES","PETROBRAS","CAMPO TERRA","JURUÁ"
"48610.013105/2013-08","2013","","Aprovado","2020-04-17","","","","6.3","IRAÍ","TUCANO SUL","PETROBRAS","CAMPO TERRA","IRAÍ"
"48610.013123/2014-62","2014","Integral","Aprovado","2016-05-30","","","","10.2","LAGOA PACAS","ALAGOAS","PETROSYNERGY","CAMPO TERRA","LAGOA PACAS"
"48610.013548/2014-71","2014","","Recebido","","","","","","IRAÚNA","POTIGUAR","PETROBRAS","CAMPO TERRA","IRAÚNA"
"48610.013698/2014-85","2014","","Encerrado","","","","","","SALGO","SERGIPE","PETROBRAS","CAMPO MAR","SALGO"
"48610.013771/2014-19","2014","","Aprovado","2025-02-11","","","","1.5","PIRAÚNA","CAMPOS","PETROBRAS","INSTALACAO MAR","PETROBRAS 15"
"48610.015254/2016-46","2016","","Recebido","","","","","","SARDINHA","CAMAMU","PETROBRAS","CAMPO MAR","SARDINHA"
"48610.016383/2011-47","2011","Integral","Aprovado","2012-05-23","","","","14.2","MUTUM","ALAGOAS","PETROBRAS","CAMPO TERRA","MUTUM"
"48610.200386/2022-10","2022","","Aprovado","2022-10-10","","","","3.8","","","PETROBRAS","INSTALACAO MAR","MONOBOIA DE PRA-1"
"48610.200472/2022-22","2022","","Recebido","","","","","","CAMAÇARI","RECÔNCAVO","PETROBRAS","CAMPO TERRA","CAMAÇARI"
"48610.201304/2022-54","2022","Integral","Aprovado","2022-03-03","","","","4.4","PARAMIRIM DO VENCIMENTO","RECÔNCAVO","PETROBRAS","CAMPO TERRA","PARAMIRIM DO VENCIMENTO"
"48610.201671/2025-09","2025","","Recebido","","","","","","RIACHO SESMARIA","RECÔNCAVO","PETROIL","CAMPO TERRA","RIACHO SESMARIA"
"48610.201673/2021-66","2021","","Encerrado","","","","","","MARLIM","CAMPOS","PETROBRAS","INSTALACAO MAR","PETROBRAS 18 | PETROBRAS 19 | PETROBRAS 20 | PETROBRAS 26 | PETROBRAS 27 | PETROBRAS 32 | PETROBRAS 33 | PETROBRAS 35 |"
"48610.202149/2026-17","2026","","Aprovado","2026-02-26","","","","0.5","ILHA DE BIMBARRA","RECÔNCAVO","3R PETROLEUM","CAMPO TERRA","ILHA DE BIMBARRA"
"48610.202285/2019-88","2019","","Sobrestado","","","","","","ARABAIANA","POTIGUAR","PETROBRAS","CAMPO MAR | INSTALACAO MAR","PLATAFORMA DE ARABAIANA 3"
"48610.202358/2021-56","2021","","Encerrado","","Recebido","","","","NOROESTE DO MORRO ROSADO","POTIGUAR","PETROBRAS","CAMPO TERRA","NOROESTE DO MORRO ROSADO"
"48610.202851/2020-95","2020","","Recebido","","","","","","GUARÁ","SERGIPE","UBX","CAMPO TERRA","GUARÁ"
"48610.203006/2022-07","2022","","Aprovado","2022-03-29","","","","4.4","BEIJA-FLOR","RECÔNCAVO","PETROBRAS","CAMPO TERRA","BEIJA-FLOR"
"48610.203055/2022-31","2022","","Aprovado","2023-11-24","","","","2.7","MACAU","POTIGUAR","3R PETROLEUM","INSTALACAO MAR","PLATAFORMA 3R-5"
"48610.203201/2025-71","2025","","","","Recebido","","","","CACHALOTE","CAMPOS","PETROBRAS","CAMPO MAR","CACHALOTE"
"48610.203849/2022-03","2022","","Recebido","","","","","","RIO JOANES","RECÔNCAVO","PETROBRAS","CAMPO TERRA","RIO JOANES"
"48610.204123/2019-84","2019","","Encerrado","","","","","","LAGOA VERDE","RECÔNCAVO","PETROBRAS","CAMPO TERRA","LAGOA VERDE"
"48610.204581/2026-42","2026","","Recebido","","","","","","AGULHA","POTIGUAR","PETROBRAS","CAMPO MAR | INSTALACAO MAR","AGULHA | PLATAFORMA DE AGULHA 1 | PLATAFORMA DE AGULHA 3"
"48610.204754/2021-18","2021","Integral","Aprovado","2022-01-07","","","","4.6","FAZENDA SORI","RECÔNCAVO","PETROBRAS","CAMPO TERRA","FAZENDA SORI"
"48610.204756/2021-15","2021","","","","Aprovado","2023-12-12","","","POJUCA NORTE","RECÔNCAVO","GUINDASTES","CAMPO TERRA","POJUCA NORTE"
"48610.204775/2021-33","2021","","Encerrado","","","","","","DOM JOÃO","RECÔNCAVO","","CAMPO TERRA","DOM JOÃO"
"48610.205021/2023-62","2023","","Aprovado","2023-03-09","Recebido","","","3.4","GAVIÃO PRETO","PARNAÍBA","ENEVA","CAMPO TERRA","GAVIÃO PRETO"
"48610.205025/2023-41","2023","","Aprovado","2023-03-09","Recebido","","","3.4","GAVIÃO CARIJÓ","PARNAÍBA","ENEVA","CAMPO TERRA","GAVIÃO CARIJÓ"
"48610.205413/2024-11","2024","","Aprovado","2026-05-25","","","","0.2","ENCHOVA","CAMPOS","TRIDENT","INSTALACAO MAR","PLATAFORMA 65"
"48610.205550/2024-47","2024","","Aprovado","2025-07-15","","","","1.1","CAMBACICA","RECÔNCAVO","3R PETROLEUM","CAMPO TERRA","CAMBACICA"
"48610.205761/2022-18","2022","","Aprovado","2018-02-20","Recebido","","","8.5","MOSQUITO NORTE","ESPÍRITO SANTO","PETROBRAS","CAMPO TERRA","MOSQUITO NORTE"
"48610.205764/2022-51","2022","","Aprovado","2017-09-04","Aprovado","2025-03-17","7.5","","MOSQUITO","ESPÍRITO SANTO","PETROBRAS","CAMPO TERRA","MOSQUITO"
"48610.205770/2022-17","2022","Integral","Aprovado","2022-05-26","","","","4.2","LAGOA VERDE","RECÔNCAVO","PETROBRAS","CAMPO TERRA","LAGOA VERDE"
"48610.205979/2024-34","2024","","Aprovado","2025-07-15","","","","1.1","PARIRI","RECÔNCAVO","3R PETROLEUM","CAMPO TERRA","PARIRI"
"48610.206203/2019-74","2019","","Aprovado","2015-02-20","Aprovado","2021-10-19","6.7","","SÃO MANOEL | SÃO MANOEL (LICITADO)","POTIGUAR","ARCLIMA","CAMPO TERRA","SÃO MANOEL"
"48610.206253/2020-95","2020","","","","Aprovado","2023-09-11","","","PINAÚNA","CAMAMU","3R PETROLEUM","CAMPO MAR","PINAÚNA"
"48610.207426/2021-73","2021","","Aprovado","2021-10-29","","","","4.8","MIRANGA LESTE","RECÔNCAVO","PETROBRAS","CAMPO TERRA","MIRANGA LESTE"
"48610.207645/2022-33","2022","","Aprovado","2022-04-11","","","","4.3","BADEJO | BICUDO | BONITO | ENCHOVA | ENCHOVA OESTE | LINGUADO | MARIMBÁ | PAMPO","CAMPOS","PETROBRAS","CAMPO MAR","BADEJO | BICUDO | BONITO | ENCHOVA | ENCHOVA OESTE | LINGUADO | MARIMBÁ | PAMPO | PIRAÚNA | TRILHA"
"48610.207745/2019-64","2019","","Aprovado","2020-08-12","","","","6","CABOCLINHO","POTIGUAR","IMETAME","CAMPO TERRA","CABOCLINHO"
"48610.207983/2019-70","2019","","Encerrado","","","","","","TIZIU","POTIGUAR","PETROBRAS","CAMPO TERRA","TIZIU"
"48610.207985/2025-15","2025","","Recebido","","","","","","FAZENDA BELÉM CE","POTIGUAR","3R PETROLEUM","CAMPO TERRA","FAZENDA BELÉM CE"
"48610.208115/2025-55","2025","","Recebido","","","","","","NAMORADO","CAMPOS","PETROBRAS","INSTALACAO MAR","PLATAFORMA DE NAMORADO 2"
"48610.208116/2025-08","2025","","Recebido","","","","","","NAMORADO","CAMPOS","PETROBRAS","INSTALACAO MAR","PLATAFORMA DE NAMORADO 1"
"48610.208260/2021-11","2021","","Aprovado","2024-04-16","","","","2.3","JUBARTE","CAMPOS","PETROBRAS","INSTALACAO MAR","FPSO CAPIXABA"
"48610.208338/2024-31","2024","","Aprovado","2025-10-13","","","","0.8","DOURADO","SERGIPE","PETROBRAS","INSTALACAO MAR","PLATAFORMA DE DOURADO 1 | PLATAFORMA DE DOURADO 2 | PLATAFORMA DE DOURADO 3"
"48610.208347/2024-22","2024","","Aprovado","2024-11-07","","","","1.8","GUARICEMA","SERGIPE","PETROBRAS","INSTALACAO MAR","PLATAFORMA DE GUARICEMA 1 | PLATAFORMA DE GUARICEMA 2 | PLATAFORMA DE GUARICEMA 3 | PLATAFORMA DE GUARICEMA 4 | PLATAFOR"
"48610.209122/2024-93","2024","","Aprovado","2025-06-13","","","","1.2","RIO PRETO","ESPÍRITO SANTO","SEACREST","CAMPO TERRA","RIO PRETO"
"48610.209766/2023-09","2023","","","","Aprovado","2023-06-06","","","","CAMPOS","PETROBRAS","BLOCO MAR","2_IRMAOS"
"48610.209836/2019-34","2019","","Aprovado","2020-02-07","Aprovado","2021-06-17","1.4","","LAGOA DO DOUTOR","ESPÍRITO SANTO","VIPETRO PETRÓLEO","CAMPO TERRA","LAGOA DO DOUTOR"
"48610.209846/2025-18","2025","","Recebido","","","","","","PEDRA SENTADA","POTIGUAR","3R PETROLEUM","CAMPO TERRA","PEDRA SENTADA"
"48610.209920/2020-91","2020","","","","Aprovado","2023-08-16","","","","ALAGOAS","PETROBRAS","BLOCO TERRA","SEAL-T-177"
"48610.209923/2020-25","2020","","","","Aprovado","2022-11-10","","","TATUI","SERGIPE","PETROBRAS","CAMPO MAR","TATUI"
"48610.211077/2025-18","2025","","Recebido","","","","","","JUBARTE","CAMPOS","PETROBRAS","INSTALACAO MAR","FPSO CIDADE DE ANCHIETA"
"48610.211231/2020-47","2020","Parcial","Aprovado","2020-09-28","","","","5.9","MARLIM","CAMPOS","PETROBRAS","INSTALACAO MAR","PETROBRAS 32"
"48610.211246/2020-13","2020","","Recebido","","","","","","GRAÚNA","POTIGUAR","IMETAME","CAMPO TERRA","GRAÚNA"
"48610.211484/2021-00","2021","Integral","Aprovado","2022-07-01","","","","4.1","MARLIM","CAMPOS","PETROBRAS","INSTALACAO MAR","PETROBRAS 33"
"48610.211917/2020-38","2020","","Recebido","","","","","","PITIGUARI","POTIGUAR","PETROSYNERGY","CAMPO TERRA","PITIGUARI"
"48610.211925/2020-84","2020","","Aprovado","2025-04-09","","","","1.3","BIJUPIRÁ","CAMPOS","SHELL","INSTALACAO MAR","FPSO FLUMINENSE"
"48610.212552/2021-40","2021","","Aprovado","2021-10-18","","","","4.8","MERO","SANTOS","PETROBRAS","CAMPO MAR | INSTALACAO MAR","FPSO PIONEIRO DE LIBRA | MERO"
"48610.213233/2026-66","2026","","Recebido","","","","","","","","PETROBRAS","INSTALACAO MAR","PETROBRAS 27"
"48610.213600/2024-60","2024","","Sobrestado","2025-08-13","","","","1","LEODÓRIO","RECÔNCAVO","PETROBRAS","CAMPO TERRA","LEODÓRIO"
"48610.214331/2019-91","2019","","","","Aprovado","2022-08-17","","","GAVIÃO REAL","PARNAÍBA","ENEVA","CAMPO TERRA","GAVIÃO REAL"
"48610.214586/2024-11","2024","","Aprovado","2024-12-12","","","","1.7","RONCADOR","CAMPOS","PETROBRAS","INSTALACAO MAR","FSO CIDADE DE MACAÉ"
"48610.214721/2019-61","2019","","Encerrado","","","","","","OLIVA","SANTOS","ENAUTA","CAMPO MAR","OLIVA"
"48610.214734/2023-17","2023","","Aprovado","2026-01-08","","","","0.6","URUGUÁ","SANTOS","PETROBRAS","INSTALACAO MAR","FPSO CIDADE DE SANTOS"
"48610.216022/2025-02","2025","","Recebido","","","","","","ICAPUÍ","POTIGUAR","3R PETROLEUM","CAMPO TERRA","ICAPUÍ"
"48610.216202/2022-33","2022","","","","Recebido","","","","","SANTOS","SHELL BRASIL PETROLEO LTDA","BLOCO MAR","S-M-518"
"48610.217196/2024-01","2024","","Aprovado","2024-06-11","","","","2.2","CORVINA","CAMPOS","PETROBRAS","INSTALACAO MAR","PETROBRAS 09"
"48610.218412/2020-02","2020","","Aprovado","2021-03-04","Aprovado","2022-08-22","1.5","","POLVO","CAMPOS","PRIO","INSTALACAO MAR","FPSO POLVO"
"48610.218751/2019-47","2019","","Aprovado","2020-06-16","","","","6.2","LAGOA BRANCA","TUCANO SUL","PETROBRAS","CAMPO TERRA","LAGOA BRANCA"
"48610.218754/2019-81","2019","","Aprovado","2020-11-06","","","","5.8","BARRA DO IPIRANGA","ESPÍRITO SANTO","PETROBRAS","CAMPO TERRA","BARRA DO IPIRANGA"
"48610.218756/2019-70","2019","","Aprovado","2020-06-16","","","","6.2","RIO BARRA SECA","ESPÍRITO SANTO","PETROBRAS","CAMPO TERRA","RIO BARRA SECA"
"48610.218757/2019-14","2019","Integral","Aprovado","2020-07-28","","","","6","RIO ITAÚNAS LESTE","ESPÍRITO SANTO","PETROBRAS","CAMPO TERRA","RIO ITAÚNAS LESTE"
"48610.218758/2019-69","2019","","Aprovado","2026-02-26","","","","0.5","RIO SÃO MATEUS OESTE","ESPÍRITO SANTO","PETROBRAS","CAMPO TERRA","RIO SÃO MATEUS OESTE"
"48610.218759/2019-11","2019","","Aprovado","2020-05-12","","","","6.3","MARIRICU OESTE","ESPÍRITO SANTO","PETROBRAS","CAMPO TERRA","MARIRICU OESTE"
"48610.218760/2019-38","2019","","Aprovado","2020-07-08","","","","6.1","JACUPEMBA","ESPÍRITO SANTO","PETROBRAS","CAMPO TERRA","JACUPEMBA"
"48610.218762/2019-27","2019","","Aprovado","2020-07-15","","","","6.1","NATIVO OESTE","ESPÍRITO SANTO","PETROBRAS","CAMPO TERRA","NATIVO OESTE"
"48610.218850/2020-62","2020","","","","Aprovado","2025-01-06","","","PIRANEMA SUL","SERGIPE","PETROBRAS","CAMPO MAR","PIRANEMA SUL"
"48610.218950/2023-31","2023","","Aprovado","2023-08-24","","","","3","MARLIM","CAMPOS","PETROBRAS","INSTALACAO MAR","PETROBRAS 20"
"48610.219467/2022-93","2022","","Aprovado","2024-01-25","","","","2.5","ATLANTA","SANTOS","ENAUTA","INSTALACAO MAR","PETROJARL 1"
"48610.220045/2022-61","2022","","Aprovado","2025-01-28","","","","1.5","MARLIM LESTE","CAMPOS","PETROBRAS","INSTALACAO MAR","FPSO CIDADE DE NITEROI"
"48610.220250/2019-21","2019","","","","Aprovado","2022-04-11","","","XERELETE | XERELETE SUL","CAMPOS","TOTAL","CAMPO MAR","XERELETE | XERELETE SUL"
"48610.220295/2022-09","2022","","Aprovado","2022-10-18","","","","3.8","MARLIM","CAMPOS","PETROBRAS","INSTALACAO MAR","PETROBRAS 37"
"48610.220318/2024-39","2024","","Aprovado","2026-02-26","","","","0.5","CHERNE","CAMPOS","PETROBRAS","INSTALACAO MAR","PLATAFORMA DE CHERNE 1 | PLATAFORMA DE CHERNE 2"
"48610.220381/2025-56","2025","","Recebido","","","","","","RIACHO SESMARIA","RECÔNCAVO","PETROIL","CAMPO TERRA","RIACHO SESMARIA"
"48610.221217/2019-18","2019","","Aprovado","2019-07-15","","","","7.1","JAPIIM","AMAZONAS","PETROBRAS","CAMPO TERRA","JAPIIM"
"48610.221229/2021-67","2021","","Encerrado","","","","","","MARLIM","CAMPOS","PETROBRAS","INSTALACAO MAR","PETROBRAS 33"
"48610.221384/2019-69","2019","","","","Aprovado","2021-11-04","","","SUL DE SAPINHOÁ","SANTOS","PETROBRAS","CAMPO MAR","SUL DE SAPINHOÁ"
"48610.221424/2024-30","2024","","Aprovado","2025-03-11","","","","1.4","MARLIM","CAMPOS","PETROBRAS","INSTALACAO MAR","PETROBRAS 18"
"48610.222226/2023-11","2023","","Aprovado","2025-11-07","","","","0.8","BIQUARA","POTIGUAR","PETROBRAS","INSTALACAO MAR","PLATAFORMA BIQUARA 1"
"48610.223576/2025-58","2025","","Recebido","","","","","","GAROUPA","CAMPOS","PETROBRAS","INSTALACAO MAR","PLATAFORMA DE GAROUPA"
"48610.223757/2019-36","2019","","","","Aprovado","2021-01-27","","","LAGOA PACAS","ALAGOAS","PETROSYNERGY","CAMPO TERRA","LAGOA PACAS"
"48610.223897/2021-29","2021","","Recebido","","","","","","TICO-TICO","RECÔNCAVO","NOVA PETRÓLEO","CAMPO TERRA","TICO-TICO"
"48610.224254/2024-45","2024","","Aprovado","2025-09-03","","","","0.9","MARLIM","CAMPOS","PETROBRAS","INSTALACAO MAR","PETROBRAS 47"
"48610.224774/2021-13","2021","","Aprovado","2022-02-04","","","","4.5","DIAS DAVILA","RECÔNCAVO","PETROBRAS","CAMPO TERRA","DIAS DAVILA"
"48610.224780/2021-62","2021","","Aprovado","2022-04-20","","","","4.3","FAZENDA GAMELEIRA","RECÔNCAVO","PETROBRAS","CAMPO TERRA","FAZENDA GAMELEIRA"
"48610.224965/2022-58","2022","","","","Aprovado","2023-05-05","","","","SANTOS","SHELL","BLOCO MAR","SATURNO"
"48610.225256/2023-71","2023","Parcial","Aprovado","2024-04-02","","","","2.4","ÁGUA GRANDE","RECÔNCAVO","3R PETROLEUM","CAMPO TERRA","ÁGUA GRANDE"
"48610.225700/2024-39","2024","","Aprovado","2025-05-26","","","","1.2","MERLUZA","SANTOS","PETROBRAS","INSTALACAO MAR","PLATAFORMA DE MERLUZA"
"48610.225711/2024-19","2024","","Aprovado","2026-02-26","","","","0.5","ALBACORA","CAMPOS","PETROBRAS","INSTALACAO MAR","PETROBRAS 25"
"48610.226710/2025-72","2025","","Recebido","","","","","","CURIMÃ","CEARÁ","PETROBRAS","INSTALACAO MAR","PLATAFORMA DE CURIMÃ 1 | PLATAFORMA DE CURIMÃ 2"
"48610.227160/2021-85","2021","","Aprovado","2022-05-06","","","","4.3","MARLIM","CAMPOS","PETROBRAS","INSTALACAO MAR","PETROBRAS 26"
"48610.228128/2024-60","2024","","Aprovado","2026-03-11","","","","0.4","TUPI","SANTOS","PETROBRAS","INSTALACAO MAR","FPSO CIDADE DE ANGRA DOS REIS"
"48610.228183/2023-79","2023","","Aprovado","2024-01-17","","","","2.6","SUDOESTE URUCU","SOLIMÕES","PETROBRAS","CAMPO TERRA","SUDOESTE URUCU"
"48610.228183/2024-50","2024","","Recebido","","","","","","JIRIBATUBA (LICITADO)","CAMAMU","GUINDASTES","CAMPO TERRA","JIRIBATUBA (LICITADO)"
"48610.228255/2023-88","2023","","Aprovado","2024-02-19","","","","2.5","CUPIÚBA","SOLIMÕES","PETROBRAS","CAMPO TERRA","CUPIÚBA"
"48610.228256/2023-22","2023","","Aprovado","2024-02-19","","","","2.5","CARAPANAÚBA","SOLIMÕES","PETROBRAS","CAMPO TERRA","CARAPANAÚBA"
"48610.229016/2024-26","2024","","Aprovado","2026-01-16","","","","0.6","TUCANO GRANDE","TUCANO SUL","IMETAME","CAMPO TERRA","TUCANO GRANDE"
"48610.229511/2023-54","2023","","Aprovado","2024-09-06","","","","1.9","FAZENDA ALTO DAS PEDRAS","RECÔNCAVO","3R PETROLEUM","CAMPO TERRA","FAZENDA ALTO DAS PEDRAS"
"48610.229928/2023-17","2023","","Aprovado","2026-02-26","","","","0.5","ABALONE | ARGONAUTA | OSTRA","CAMPOS","SHELL","CAMPO MAR | INSTALACAO MAR","ABALONE | ARGONAUTA | FPSO ESPIRITO SANTO | OSTRA"
"48610.230652/2023-10","2023","","Aprovado","2023-11-27","","","","2.7","CAMORIM","SERGIPE","PETROBRAS","INSTALACAO MAR","PLATAFORMA DE CAMORIM 11"
"48610.231426/2023-56","2023","","Aprovado","2025-09-22","","","","0.9","AGULHA","POTIGUAR","PETROBRAS","INSTALACAO MAR","PLATAFORMA DE AGULHA 1"
"48610.231456/2023-62","2023","","Aprovado","2025-06-30","","","","1.1","AGULHA","POTIGUAR","PETROBRAS","INSTALACAO MAR","PLATAFORMA DE AGULHA 3"
"48610.231475/2023-99","2023","","Aprovado","2024-06-20","","","","2.1","MARLIM","CAMPOS","PETROBRAS","INSTALACAO MAR","PETROBRAS 19"
"48610.231516/2024-28","2024","","Aprovado","2026-01-08","","","","0.6","GARÇA BRANCA","ESPÍRITO SANTO","ORIGEM ENERGIA","CAMPO TERRA","GARÇA BRANCA"
"48610.231586/2022-14","2022","","Encerrado","","","","","","BENFICA","POTIGUAR","PETROBRAS","CAMPO TERRA","BENFICA"
"48610.232616/2024-71","2024","","Recebido","","","","","","ALBACORA","CAMPOS","PETROBRAS","INSTALACAO MAR","PETROBRAS 31"
"48610.233416/2024-36","2024","","Aprovado","2026-03-16","","","","0.4","BARRACUDA","CAMPOS","PETROBRAS","INSTALACAO MAR","PETROBRAS 43"
"48610.233508/2024-16","2024","","Aprovado","2026-04-15","","","","0.3","CARATINGA","CAMPOS","PETROBRAS","INSTALACAO MAR","PETROBRAS 48"
"48610.233534/2024-44","2024","","Aprovado","2026-06-11","","","","0.2","MANATI","CAMAMU","PETROBRAS","INSTALACAO MAR","PLATAFORMA DE MANATI"
"48610.233589/2024-54","2024","","Recebido","","","","","","CANDEIAS","RECÔNCAVO","3R PETROLEUM","CAMPO TERRA","CANDEIAS"
"48610.233603/2025-09","2025","","Aprovado","2026-05-15","","","","0.2","ESPADA","CEARÁ","PETROBRAS","INSTALACAO MAR","PLATAFORMA DE ESPADA 1"
"48610.234185/2022-16","2022","","Aprovado","2023-02-03","","","","3.5","MARLIM","CAMPOS","PETROBRAS","INSTALACAO MAR","PETROBRAS 35"
"48610.234236/2025-52","2025","","Recebido","","","","","","ATUM","CEARÁ","PETROBRAS","INSTALACAO MAR","PLATAFORMA DE ATUM 1 | PLATAFORMA DE ATUM 2 | PLATAFORMA DE ATUM 3"
"48610.234576/2023-11","2023","","Aprovado","2024-02-23","","","","2.5","CAIOBA","SERGIPE","PETROBRAS","INSTALACAO MAR","PLATAFORMA DE CAIOBA 1 | PLATAFORMA DE CAIOBA 2 | PLATAFORMA DE CAIOBA 3 | PLATAFORMA DE CAIOBA 4"
"48610.234812/2025-61","2025","","Recebido","","","","","","XARÉU","CEARÁ","PETROBRAS","INSTALACAO MAR","PLATAFORMA DE XAREU 1 | PLATAFORMA DE XAREU 2 | PLATAFORMA DE XAREU 3"
"48610.236594/2023-38","2023","","Aprovado","2025-03-26","Recebido","","","1.4","MACAU","POTIGUAR","3R PETROLEUM","INSTALACAO MAR","PLATAFORMA 3R-4"
"48610.237652/2023-41","2023","","Recebido","","","","","","SALGO","SERGIPE","PETROBRAS","CAMPO MAR","SALGO"
"48610.239609/2023-10","2023","","Aprovado","2025-07-15","","","","1.1","FAZENDA GAMELEIRA","RECÔNCAVO","ORIGEM ENERGIA","CAMPO TERRA","FAZENDA GAMELEIRA"
"48610.239779/2023-02","2023","","Aprovado","2024-06-03","","","","2.2","CAMORIM","SERGIPE","PETROBRAS","INSTALACAO MAR","PLATAFORMA DE CAMORIM 1 | PLATAFORMA DE CAMORIM 10 | PLATAFORMA DE CAMORIM 2 | PLATAFORMA DE CAMORIM 3 | PLATAFORMA DE C"
