"cik","empresa","aro_usd","tag","quadro","extraido"
"93410","Chevron Corp","14988000000","AssetRetirementObligation","CY2025Q4I","2026-08-12"
"34088","Exxon Mobil Corporation","12518000000","AssetRetirementObligation","CY2025Q4I","2026-08-12"
"1376986","TENNESSEE VALLEY AUTHORITY","9725000000","AssetRetirementObligation","CY2025Q4I","2026-08-12"
"1326160","DUKE ENERGY CORPORATION","9625000000","AssetRetirementObligation","CY2025Q4I","2026-08-12"
"92122","The Southern Company","9601000000","AssetRetirementObligation","CY2025Q4I","2026-08-12"
"17797","DUKE ENERGY CORPORATION","9046000000","AssetRetirementObligationsNoncurrent","CY2025Q4I","2026-08-12"
"1004155","The Southern Company","8939000000","AssetRetirementObligationsNoncurrent","CY2025Q4I","2026-08-12"
"1163165","ConocoPhillips","8364000000","AssetRetirementObligation","CY2025Q4I","2026-08-12"
"715957","DOMINION ENERGY, INC.","7587000000","AssetRetirementObligation","CY2025Q4I","2026-08-12"
"1164727","NEWMONT CORPORATION","6800000000","AssetRetirementObligation","CY2025Q4I","2026-08-12"
"1004980","PG&E CORP","5439000000","AssetRetirementObligationsNoncurrent","CY2025Q4I","2026-08-12"
"65984","ENTERGY CORPORATION","4947530000","AssetRetirementObligationsNoncurrent","CY2025Q4I","2026-08-12"
"7323","ENTERGY CORPORATION","4947530000","AssetRetirementObligationsNoncurrent","CY2025Q4I","2026-08-12"
"797468","Occidental Petroleum Corporation","4553000000","AssetRetirementObligation","CY2025Q4I","2026-08-12"
"28385","DTE Energy Co","4469000000","AssetRetirementObligationsNoncurrent","CY2025Q4I","2026-08-12"
"936340","DTE Energy Co","4469000000","AssetRetirementObligationsNoncurrent","CY2025Q4I","2026-08-12"
"1692819","Vistra Corp.","4216000000","AssetRetirementObligation","CY2025Q4I","2026-08-12"
"1032208","SEMPRA","3948000000","AssetRetirementObligation","CY2025Q4I","2026-08-12"
"72903","Xcel Energy Inc.","3888000000","AssetRetirementObligationsNoncurrent","CY2025Q4I","2026-08-12"
"831259","Freeport-McMoRan Inc.","3836000000","AssetRetirementObligation","CY2025Q4I","2026-08-12"
"92108","Sempra","3743000000","AssetRetirementObligationsNoncurrent","CY2025Q4I","2026-08-12"
"81027","AMERICAN ELECTRIC POWER CO INC.","3712000000","AssetRetirementObligation","CY2025Q4I","2026-08-12"
"4904","AMERICAN ELECTRIC POWER CO INC.","3712000000","AssetRetirementObligation","CY2025Q4I","2026-08-12"
"1721781","AEP TEXAS INC.","3712000000","AssetRetirementObligation","CY2025Q4I","2026-08-12"
"753308","NEXTERA ENERGY INC","3685000000","AssetRetirementObligation","CY2025Q4I","2026-08-12"
"37634","NEXTERA ENERGY, INC.","3669000000","AssetRetirementObligationsNoncurrent","CY2025Q4I","2026-08-12"
"1123852","NORTHERN STATES POWER CO","3215000000","AssetRetirementObligationsNoncurrent","CY2025Q4I","2026-08-12"
"1841666","APA CORPORATION","2880000000","AssetRetirementObligation","CY2025Q4I","2026-08-12"
"1285785","MOSAIC CO","2601900000","AssetRetirementObligation","CY2025Q4I","2026-08-12"
"107263","Williams Companies, Inc.","2587000000","AssetRetirementObligation","CY2025Q4I","2026-08-12"
"827052","EDISON INTERNATIONAL","2583000000","AssetRetirementObligationsNoncurrent","CY2025Q4I","2026-08-12"
"92103","EDISON INTERNATIONAL","2583000000","AssetRetirementObligationsNoncurrent","CY2025Q4I","2026-08-12"
"1053507","AMERICAN TOWER CORPORATION","2512900000","AssetRetirementObligation","CY2025Q4I","2026-08-12"
"1060391","REPUBLIC SERVICES, INC.","2313000000","AssetRetirementObligation","CY2025Q4I","2026-08-12"
"1283699","T-MOBILE US, INC.","1779000000","AssetRetirementObligation","CY2025Q4I","2026-08-12"
"1081316","BERKSHIRE HATHAWAY ENERGY COMPANY","1710000000","AssetRetirementObligation","CY2025Q4I","2026-08-12"
"821189","EOG RESOURCES, INC.","1570000000","AssetRetirementObligation","CY2025Q4I","2026-08-12"
"1675149","ALCOA CORP","1405000000","AssetRetirementObligation","CY2025Q4I","2026-08-12"
"788784","Public Service Enterprise Group Incorporated","1381000000","AssetRetirementObligationsNoncurrent","CY2025Q4I","2026-08-12"
"1711269","EVERGY, INC.","1342300000","AssetRetirementObligation","CY2025Q4I","2026-08-12"
"1724965","Talos Energy Inc.","1332128000","AssetRetirementObligation","CY2025Q4I","2026-08-12"
"54507","EVERGY, INC.","1308100000","AssetRetirementObligationsNoncurrent","CY2025Q4I","2026-08-12"
"788816","OGLETHORPE POWER CORP","1280941000","AssetRetirementObligationsNoncurrent","CY2025Q4I","2026-08-12"
"764622","PINNACLE WEST CAPITAL CORPORATION","1270299000","AssetRetirementObligation","CY2025Q4I","2026-08-12"
"874761","AES CORP","1224000000","AssetRetirementObligation","CY2025Q4I","2026-08-12"
"91882","DOMINION ENERGY SOUTH CAROLINA, INC.","1123000000","AssetRetirementObligationsNoncurrent","CY2025Q4I","2026-08-12"
"1609253","California Resources Corp","1033000000","AssetRetirementObligation","CY2025Q4I","2026-08-12"
"33213","EQT CORPORATION","1019505000","AssetRetirementObligation","CY2025Q4I","2026-08-12"
"717423","MURPHY OIL CORPORATION","1012867000","AssetRetirementObligation","CY2025Q4I","2026-08-12"
"1090012","DEVON ENERGY CORP/DE","906000000","AssetRetirementObligation","CY2025Q4I","2026-08-12"
"1922446","Diversified Energy Company","888698000","AssetRetirementObligation","CY2025Q4I","2026-08-12"
"1002910","Ameren Corporation","854000000","AssetRetirementObligation","CY2025Q4I","2026-08-12"
"811156","CMS ENERGY CORPORATION","792000000","AssetRetirementObligationsNoncurrent","CY2025Q4I","2026-08-12"
"1111711","NiSource Inc.","781900000","AssetRetirementObligationsNoncurrent","CY2025Q4I","2026-08-12"
"1064728","PEABODY ENERGY CORP","754900000","AssetRetirementObligation","CY2025Q4I","2026-08-12"
"895126","EXPAND ENERGY CORPORATION","724000000","AssetRetirementObligation","CY2025Q4I","2026-08-12"
"1534701","Phillips 66","721000000","AssetRetirementObligation","CY2025Q4I","2026-08-12"
"352541","ALLIANT ENERGY CORP","704000000","AssetRetirementObligation","CY2025Q4I","2026-08-12"
"1318220","WASTE CONNECTIONS, INC.","651586000","AssetRetirementObligation","CY2025Q4I","2026-08-12"
"783325","WEC ENERGY GROUP, INC.","647000000","AssetRetirementObligation","CY2025Q4I","2026-08-12"
"921638","SSR Mining Inc.","631483000","AssetRetirementObligation","CY2025Q4I","2026-08-12"
"1090425","LAMAR ADVERTISING CO/NEW","624925000","AssetRetirementObligationsNoncurrent","CY2025Q4I","2026-08-12"
"764065","CLEVELAND-CLIFFS INC.","599000000","AssetRetirementObligation","CY2025Q4I","2026-08-12"
"72741","EVERSOURCE ENERGY","595442000","AssetRetirementObligationsNoncurrent","CY2025Q4I","2026-08-12"
"1126956","Spire Inc.","589500000","AssetRetirementObligationsNoncurrent","CY2025Q4I","2026-08-12"
"1276187","ENERGY TRANSFER LP","589000000","AssetRetirementObligation","CY2025Q4I","2026-08-12"
"728391","IPALCO ENTERPRISES, INC.","573187000","AssetRetirementObligation","CY2025Q4I","2026-08-12"
"1288403","W&T OFFSHORE, INC.","561851000","AssetRetirementObligation","CY2025Q4I","2026-08-12"
"1130310","CENTERPOINT ENERGY INC","544000000","AssetRetirementObligation","CY2025Q4I","2026-08-12"
"1539838","Diamondback Energy, Inc.","542000000","AssetRetirementObligation","CY2025Q4I","2026-08-12"
"1996810","GE Vernova Inc.","541000000","AssetRetirementObligationsNoncurrent","CY2025Q4I","2026-08-12"
"1710366","Core Natural Resources, Inc.","534740000","AssetRetirementObligation","CY2025Q4I","2026-08-12"
"1622536","Talen Energy Corporation","514000000","AssetRetirementObligation","CY2025Q4I","2026-08-12"
"732834","CONTINENTAL RESOURCES, INC.","512762000","AssetRetirementObligation","CY2025Q4I","2026-08-12"
"1486159","Chord Energy Corporation","481919000","AssetRetirementObligation","CY2025Q4I","2026-08-12"
"1047862","Consolidated Edison, Inc.","478000000","AssetRetirementObligationsNoncurrent","CY2025Q4I","2026-08-12"
"23632","Consolidated Edison, Inc.","478000000","AssetRetirementObligationsNoncurrent","CY2025Q4I","2026-08-12"
"81018","PUBLIC SERVICE CO OF COLORADO","473000000","AssetRetirementObligationsNoncurrent","CY2025Q4I","2026-08-12"
"1001838","SOUTHERN COPPER CORP/","471100000","AssetRetirementObligationsNoncurrent","CY2025Q4I","2026-08-12"
"1396009","VULCAN MATERIALS COMPANY","456500000","AssetRetirementObligationsNoncurrent","CY2025Q4I","2026-08-12"
"1415404","EchoStar Corporation","448752000","AssetRetirementObligation","CY2025Q4I","2026-08-12"
"1423902","WESTERN MIDSTREAM PARTNERS, LP","437800000","AssetRetirementObligation","CY2025Q4I","2026-08-12"
"849395","CRH public limited company","436000000","AssetRetirementObligation","CY2025Q4I","2026-08-12"
"67716","MDU RESOURCES GROUP, INC.","431916000","AssetRetirementObligation","CY2025Q4I","2026-08-12"
"1414475","WESTERN MIDSTREAM PARTNERS, LP","427858000","AssetRetirementObligationsNoncurrent","CY2025Q4I","2026-08-12"
"1792580","Ovintiv Inc.","424000000","AssetRetirementObligation","CY2025Q4I","2026-08-12"
"1051512","TELEPHONE AND DATA SYSTEMS, INC.","411197000","AssetRetirementObligation","CY2025Q4I","2026-08-12"
"1932393","GE HEALTHCARE TECHNOLOGIES INC.","409000000","AssetRetirementObligation","CY2025Q4I","2026-08-12"
"1866175","Crescent Energy Company","402601000","AssetRetirementObligation","CY2025Q4I","2026-08-12"
"1013871","NRG Energy, Inc","389000000","AssetRetirementObligation","CY2025Q4I","2026-08-12"
"1035002","VALERO ENERGY CORP/TX","382000000","AssetRetirementObligationsNoncurrent","CY2025Q4I","2026-08-12"
"1603145","XPLR INFRASTRUCTURE, LP","373000000","AssetRetirementObligationsNoncurrent","CY2025Q4I","2026-08-12"
"916076","MARTIN MARIETTA MATERIALS, INC.","353000000","AssetRetirementObligation","CY2025Q4I","2026-08-12"
"858470","COTERRA ENERGY INC.","343000000","AssetRetirementObligation","CY2025Q4I","2026-08-12"
"1509991","Kosmos Energy Ltd.","337497000","AssetRetirementObligation","CY2025Q4I","2026-08-12"
"1567683","Clearway Energy, Inc.","324000000","AssetRetirementObligation","CY2025Q4I","2026-08-12"
"1637757","Clearway Energy LLC","324000000","AssetRetirementObligation","CY2025Q4I","2026-08-12"
"27879","EXELON CORPORATION","321000000","AssetRetirementObligationsNoncurrent","CY2025Q4I","2026-08-12"
"1109357","EXELON CORPORATION","321000000","AssetRetirementObligationsNoncurrent","CY2025Q4I","2026-08-12"
"1707925","LINDE PLC","318000000","AssetRetirementObligationsNoncurrent","CY2025Q4I","2026-08-12"
"784977","PORTLAND GENERAL ELECTRIC COMPANY","312000000","AssetRetirementObligation","CY2025Q4I","2026-08-12"
"1751788","Dow Inc.","304000000","AssetRetirementObligation","CY2025Q4I","2026-08-12"
"2035989","Amrize Ltd","294000000","AssetRetirementObligation","CY2025Q4I","2026-08-12"
"1061219","ENTERPRISE PRODUCTS PARTNERS L.P.","290000000","AssetRetirementObligation","CY2025Q4I","2026-08-12"
"215466","COEUR MINING, INC.","277511000","AssetRetirementObligation","CY2025Q4I","2026-08-12"
"53456","FIRSTENERGY CORP.","277000000","AssetRetirementObligation","CY2025Q4I","2026-08-12"
"1031296","FIRSTENERGY CORP.","277000000","AssetRetirementObligation","CY2025Q4I","2026-08-12"
"1022321","GENESIS ENERGY LP","266348000","AssetRetirementObligation","CY2025Q4I","2026-08-12"
"1980088","Mach Natural Resources LP","261856000","AssetRetirementObligationsNoncurrent","CY2025Q4I","2026-08-12"
"1108426","TXNM Energy, Inc.","255097000","AssetRetirementObligationsNoncurrent","CY2025Q4I","2026-08-12"
"22767","TXNM Energy, Inc.","255097000","AssetRetirementObligationsNoncurrent","CY2025Q4I","2026-08-12"
"1506307","Kinder Morgan, Inc.","255000000","AssetRetirementObligation","CY2025Q4I","2026-08-12"
"1552275","SUNOCO LP","254000000","AssetRetirementObligation","CY2025Q4I","2026-08-12"
"2089661","SUNOCOCORP LLC","254000000","AssetRetirementObligation","CY2025Q4I","2026-08-12"
"70145","NATIONAL FUEL GAS COMPANY","234405000","AssetRetirementObligationsNoncurrent","CY2025Q4I","2026-08-12"
"1838406","BKV CORPORATION","233339000","AssetRetirementObligation","CY2025Q4I","2026-08-12"
"1101239","EQUINIX, INC.","228000000","AssetRetirementObligation","CY2025Q4I","2026-08-12"
"1704715","ALPHA METALLURGICAL RESOURCES, INC.","227377000","AssetRetirementObligation","CY2025Q4I","2026-08-12"
"1510295","Marathon Petroleum Corporation","225000000","AssetRetirementObligationsNoncurrent","CY2025Q4I","2026-08-12"
"1559432","TXO Partners, L.P.","221085000","AssetRetirementObligation","CY2025Q4I","2026-08-12"
"885568","OLD DOMINION ELECTRIC COOPERATIVE","216791000","AssetRetirementObligationsNoncurrent","CY2025Q4I","2026-08-12"
"1530804","TRONOX HOLDINGS PLC","215000000","AssetRetirementObligation","CY2025Q4I","2026-08-12"
"2007855","Venture Global, Inc.","208000000","AssetRetirementObligation","CY2025Q4I","2026-08-12"
"107833","WISCONSIN PUBLIC SERVICE CORPORATION","205800000","AssetRetirementObligation","CY2025Q4I","2026-08-12"
"1489393","LyondellBasell Industries N.V.","203000000","AssetRetirementObligation","CY2025Q4I","2026-08-12"
"66740","3M COMPANY","202000000","AssetRetirementObligation","CY2025Q4I","2026-08-12"
"821130","ARRAY DIGITAL INFRASTRUCTURE, INC.","200864000","AssetRetirementObligation","CY2025Q4I","2026-08-12"
"1262823","Westlake Corporation","194000000","AssetRetirementObligation","CY2025Q4I","2026-08-12"
"51434","INTERNATIONAL PAPER COMPANY","193000000","AssetRetirementObligation","CY2025Q4I","2026-08-12"
"911177","CASELLA WASTE SYSTEMS, INC.","192722000","AssetRetirementObligation","CY2025Q4I","2026-08-12"
"1658566","PERMIAN RESOURCES CORPORATION","189350000","AssetRetirementObligation","CY2025Q4I","2026-08-12"
"1698990","Magnolia Oil & Gas Corp","186955000","AssetRetirementObligation","CY2025Q4I","2026-08-12"
"1389170","TARGA RESOURCES CORP.","185400000","AssetRetirementObligation","CY2025Q4I","2026-08-12"
"1070412","CNX Resources Corporation","184126000","AssetRetirementObligation","CY2025Q4I","2026-08-12"
"719413","HECLA MINING COMPANY","183605000","AssetRetirementObligation","CY2025Q4I","2026-08-12"
"100122","TUCSON ELECTRIC POWER CO","180000000","AssetRetirementObligation","CY2025Q4I","2026-08-12"
"92521","SOUTHWESTERN PUBLIC SERVICE CO","174000000","AssetRetirementObligationsNoncurrent","CY2025Q4I","2026-08-12"
"1086600","ALLIANCE RESOURCE PARTNERS LP","157567000","AssetRetirementObligation","CY2025Q4I","2026-08-12"
"893538","SM ENERGY CO","157000000","AssetRetirementObligation","CY2025Q4I","2026-08-12"
"1770561","Coronado Global Resources Inc.","154366000","AssetRetirementObligation","CY2025Q4I","2026-08-12"
"755001","UNITIL CORPORATION","153000000","AssetRetirementObligationsNoncurrent","CY2025Q4I","2026-08-12"
"1034054","SBA COMMUNICATIONS CORPORATION","152600000","AssetRetirementObligationsNoncurrent","CY2025Q4I","2026-08-12"
"1520006","Matador Resources Company","150372000","AssetRetirementObligation","CY2025Q4I","2026-08-12"
"315852","RANGE RESOURCES CORPORATION","148952000","AssetRetirementObligation","CY2025Q4I","2026-08-12"
"18926","Lumen Technologies, Inc.","147000000","AssetRetirementObligation","CY2025Q4I","2026-08-12"
"107815","WISCONSIN ELECTRIC POWER COMPANY","144900000","AssetRetirementObligation","CY2025Q4I","2026-08-12"
"60549","PPL Corporation","140000000","AssetRetirementObligation","CY2025Q4I","2026-08-12"
"922224","PPL Corporation","140000000","AssetRetirementObligation","CY2025Q4I","2026-08-12"
"1296445","ORMAT TECHNOLOGIES, INC.","135574000","AssetRetirementObligationsNoncurrent","CY2025Q4I","2026-08-12"
"822818","CLEAN HARBORS, INC","135328000","AssetRetirementObligation","CY2025Q4I","2026-08-12"
"1273441","GRAN TIERRA ENERGY INC.","122774000","AssetRetirementObligation","CY2025Q4I","2026-08-12"
"1831481","SABLE OFFSHORE CORP.","113181000","AssetRetirementObligationsNoncurrent","CY2025Q4I","2026-08-12"
"1070423","PLAINS ALL AMERICAN PIPELINE LP","112000000","AssetRetirementObligation","CY2025Q4I","2026-08-12"
"1581990","PLAINS GP HOLDINGS LP","112000000","AssetRetirementObligation","CY2025Q4I","2026-08-12"
"2057463","GCI Liberty, Inc.","111000000","AssetRetirementObligation","CY2025Q4I","2026-08-12"
"1130464","BLACK HILLS CORPORATION","104600000","AssetRetirementObligation","CY2025Q4I","2026-08-12"
"74303","OLIN CORPORATION","102800000","AssetRetirementObligation","CY2025Q4I","2026-08-12"
"1627223","The Chemours Company","100000000","AssetRetirementObligation","CY2025Q4I","2026-08-12"
"915913","ALBEMARLE CORPORATION","95002000","AssetRetirementObligation","CY2025Q4I","2026-08-12"
"794323","LEVEL 3 PARENT, LLC","95000000","AssetRetirementObligation","CY2025Q4I","2026-08-12"
"109198","The TJX Companies, Inc.","90000000","AssetRetirementObligationsNoncurrent","CY2025Q4I","2026-08-12"
"1823794","ARKO Corp.","89900000","AssetRetirementObligation","CY2025Q4I","2026-08-12"
"1486957","BWX TECHNOLOGIES, INC.","86696000","AssetRetirementObligation","CY2025Q4I","2026-08-12"
"1693256","SELECT WATER SOLUTIONS, INC.","84568000","AssetRetirementObligation","CY2025Q4I","2026-08-12"
"949157","CENTURY ALUMINUM COMPANY","83400000","AssetRetirementObligation","CY2025Q4I","2026-08-12"
"1438943","RANGE IMPACT, INC.","79344297","AssetRetirementObligationsNoncurrent","CY2025Q4I","2026-08-12"
"1955520","Knife River Corporation","78770000","AssetRetirementObligation","CY2025Q4I","2026-08-12"
"894627","VAALCO ENERGY INC /DE/","78406000","AssetRetirementObligationsNoncurrent","CY2025Q4I","2026-08-12"
"1021635","OGE ENERGY CORP.","77800000","AssetRetirementObligation","CY2025Q4I","2026-08-12"
"356309","NEW JERSEY RESOURCES CORPORATION","77055000","AssetRetirementObligationsNoncurrent","CY2025Q4I","2026-08-12"
"61339","MGE Energy, Inc.","76289000","AssetRetirementObligationsNoncurrent","CY2025Q4I","2026-08-12"
"1161728","MGE Energy, Inc.","76289000","AssetRetirementObligationsNoncurrent","CY2025Q4I","2026-08-12"
"1504461","NGL Energy Partners LP","75345000","AssetRetirementObligation","CY2025Q4I","2026-08-12"
"1057877","IDACORP, Inc.","73976000","AssetRetirementObligation","CY2025Q4I","2026-08-12"
"1533924","Amplify Energy Corp.","72676000","AssetRetirementObligation","CY2025Q4I","2026-08-12"
"1349436","SANDRIDGE ENERGY, INC.","72391000","AssetRetirementObligation","CY2025Q4I","2026-08-12"
"1336047","BOARDWALK PIPELINE PARTNERS, LP","71900000","AssetRetirementObligation","CY2025Q4I","2026-08-12"
"1691303","Warrior Met Coal, Inc.","70228000","AssetRetirementObligation","CY2025Q4I","2026-08-12"
"1974138","NCR ATLEOS CORPORATION","69000000","AssetRetirementObligation","CY2025Q4I","2026-08-12"
"866829","HELIX ENERGY SOLUTIONS GROUP, INC.","68770000","AssetRetirementObligationsNoncurrent","CY2025Q4I","2026-08-12"
"1915657","HF SINCLAIR CORPORATION","68000000","AssetRetirementObligationsNoncurrent","CY2025Q4I","2026-08-12"
"2020795","Uniti Group Inc.","66400000","AssetRetirementObligation","CY2025Q4I","2026-08-12"
"1001614","Riley Exploration Permian, Inc.","63432000","AssetRetirementObligation","CY2025Q4I","2026-08-12"
"1020569","IRON MOUNTAIN INC","62972000","AssetRetirementObligation","CY2025Q4I","2026-08-12"
"1888447","Excelerate Energy, Inc","62799000","AssetRetirementObligation","CY2025Q4I","2026-08-12"
"1769628","CoreWeave, Inc.","62000000","AssetRetirementObligation","CY2025Q4I","2026-08-12"
"1853962","I-80 GOLD CORP.","60511000","AssetRetirementObligation","CY2025Q4I","2026-08-12"
"1381531","DOMTAR CORPORATION","58000000","AssetRetirementObligation","CY2025Q4I","2026-08-12"
"1099590","MercadoLibre, Inc.","58000000","AssetRetirementObligationsNoncurrent","CY2025Q4I","2026-08-12"
"1433270","ANTERO RESOURCES CORPORATION","57139000","AssetRetirementObligationsNoncurrent","CY2025Q4I","2026-08-12"
"1104485","NORTHERN OIL AND GAS, INC.","53727000","AssetRetirementObligation","CY2025Q4I","2026-08-12"
"1822479","SOTERA HEALTH COMPANY","53496000","AssetRetirementObligationsNoncurrent","CY2025Q4I","2026-08-12"
"1573516","MURPHY USA INC.","52500000","AssetRetirementObligationsNoncurrent","CY2025Q4I","2026-08-12"
"789933","NACCO INDUSTRIES, INC.","47701000","AssetRetirementObligation","CY2025Q4I","2026-08-12"
"2080921","ARKO Petroleum Corp.","47600000","AssetRetirementObligation","CY2025Q4I","2026-08-12"
"96271","TAMPA ELECTRIC COMPANY","46000000","AssetRetirementObligation","CY2025Q4I","2026-08-12"
"314203","McEWEN INC.","45857000","AssetRetirementObligation","CY2025Q4I","2026-08-12"
"861459","Granite Construction Incorporated","45310000","AssetRetirementObligation","CY2025Q4I","2026-08-12"
"1174169","ALGONQUIN POWER & UTILITIES CORP.","45300000","AssetRetirementObligationsNoncurrent","CY2025Q4I","2026-08-12"
"1538849","CROSSAMERICA PARTNERS LP","45117000","AssetRetirementObligation","CY2025Q4I","2026-08-12"
"1552000","MPLX LP","45000000","AssetRetirementObligation","CY2025Q4I","2026-08-12"
"1035201","CALIFORNIA WATER SERVICE GROUP","44806000","AssetRetirementObligation","CY2025Q4I","2026-08-12"
"1375205","UR-ENERGY INC.","44474000","AssetRetirementObligationsNoncurrent","CY2025Q4I","2026-08-12"
"31235","EASTMAN KODAK COMPANY","44000000","AssetRetirementObligationsNoncurrent","CY2025Q4I","2026-08-12"
"1466593","OTTER TAIL CORPORATION","43987000","AssetRetirementObligation","CY2025Q4I","2026-08-12"
"1037038","Ralph Lauren Corporation","42700000","AssetRetirementObligationsNoncurrent","CY2025Q4I","2026-08-12"
"2136853","MN8 Energy Holdings LLC","41543000","AssetRetirementObligation","CY2025Q4I","2026-08-12"
"1563922","GREENBACKER RENEWABLE ENERGY COMPANY LLC","41543000","AssetRetirementObligation","CY2025Q4I","2026-08-12"
"1993004","NORTHWESTERN ENERGY GROUP, INC.","41377000","AssetRetirementObligation","CY2025Q4I","2026-08-12"
"78239","PVH CORP.","41200000","AssetRetirementObligation","CY2025Q4I","2026-08-12"
"1334933","URANIUM ENERGY CORP","40537000","AssetRetirementObligation","CY2025Q4I","2026-08-12"
"88121","SEABOARD CORPORATION","40000000","AssetRetirementObligation","CY2025Q4I","2026-08-12"
"1421461","INTREPID POTASH, INC.","38452000","AssetRetirementObligationsNoncurrent","CY2025Q4I","2026-08-12"
"1519061","Trinseo PLC","37800000","AssetRetirementObligation","CY2025Q4I","2026-08-12"
"78890","THE BRINKS COMPANY","36000000","AssetRetirementObligationsNoncurrent","CY2025Q4I","2026-08-12"
"1687187","Ramaco Resources, Inc.","34919000","AssetRetirementObligation","CY2025Q4I","2026-08-12"
"1035443","ALEXANDRIA REAL ESTATE EQUITIES, INC.","34342000","AssetRetirementObligation","CY2025Q4I","2026-08-12"
"934549","Acacia Research Corporation","34175000","AssetRetirementObligation","CY2025Q4I","2026-08-12"
"1694426","DELEK US HOLDINGS, INC.","34000000","AssetRetirementObligationsNoncurrent","CY2025Q4I","2026-08-12"
"1579877","OUTFRONT Media Inc.","34000000","AssetRetirementObligationsNoncurrent","CY2025Q4I","2026-08-12"
"749098","Magna International Inc.","34000000","AssetRetirementObligationsNoncurrent","CY2025Q4I","2026-08-12"
"1819989","Cipher Digital Inc.","33696000","AssetRetirementObligationsNoncurrent","CY2025Q4I","2026-08-12"
"915389","EASTMAN CHEMICAL CO","33000000","AssetRetirementObligation","CY2025Q4I","2026-08-12"
"874499","Gulfport Energy Corp","32912000","AssetRetirementObligationsNoncurrent","CY2025Q4I","2026-08-12"
"1101302","Entegris, Inc.","32500000","AssetRetirementObligation","CY2025Q4I","2026-08-12"
"1531152","BJS WHOLESALE CLUB HOLDINGS, INC.","32201000","AssetRetirementObligationsNoncurrent","CY2025Q4I","2026-08-12"
"887396","EMPIRE PETROLEUM CORPORATION","31816000","AssetRetirementObligation","CY2025Q4I","2026-08-12"
"75677","PACKAGING CORP OF AMERICA","31000000","AssetRetirementObligation","CY2025Q4I","2026-08-12"
"1821159","EVgo Inc.","30868000","AssetRetirementObligationsNoncurrent","CY2025Q4I","2026-08-12"
"1384195","Ring Energy, Inc.","30390955","AssetRetirementObligation","CY2025Q4I","2026-08-12"
"1570585","Liberty Global Ltd.","29300000","AssetRetirementObligation","CY2025Q4I","2026-08-12"
"39911","GAP, INC","29000000","AssetRetirementObligationsNoncurrent","CY2025Q4I","2026-08-12"
"1856485","SYLVAMO CORPORATION","29000000","AssetRetirementObligation","CY2025Q4I","2026-08-12"
"106535","WEYERHAEUSER COMPANY","29000000","AssetRetirementObligation","CY2025Q4I","2026-08-12"
"891014","MINERALS TECHNOLOGIES INC.","27300000","AssetRetirementObligation","CY2025Q4I","2026-08-12"
"723612","AVIS BUDGET GROUP, INC.","26000000","AssetRetirementObligation","CY2025Q4I","2026-08-12"
"1555280","Zoetis Inc.","25000000","AssetRetirementObligationsNoncurrent","CY2025Q4I","2026-08-12"
"1334978","CLEAR CHANNEL OUTDOOR HOLDINGS, INC.","24559000","AssetRetirementObligation","CY2025Q4I","2026-08-12"
"1552797","DELEK LOGISTICS PARTNERS, LP","24278000","AssetRetirementObligationsNoncurrent","CY2025Q4I","2026-08-12"
"1621434","Black Stone Minerals, L.P.","24265000","AssetRetirementObligation","CY2025Q4I","2026-08-12"
"72909","NORTHERN STATES POWER CO","24000000","AssetRetirementObligation","CY2025Q4I","2026-08-12"
"1529628","SMART SAND, INC.","22472000","AssetRetirementObligationsNoncurrent","CY2025Q4I","2026-08-12"
"1006655","EVOLUTION PETROLEUM CORP","22440000","AssetRetirementObligation","CY2025Q4I","2026-08-12"
"1130713","BED BATH & BEYOND, INC.","22400000","AssetRetirementObligation","CY2025Q4I","2026-08-12"
"1385849","ENERGY FUELS INC.","22195000","AssetRetirementObligation","CY2025Q4I","2026-08-12"
"1315257","KOPPERS HOLDINGS INC.","21200000","AssetRetirementObligation","CY2025Q4I","2026-08-12"
"1282648","Battalion Oil Corp","20837000","AssetRetirementObligationsNoncurrent","CY2025Q4I","2026-08-12"
"23194","COMSTOCK RESOURCES, INC.","20787000","AssetRetirementObligationsNoncurrent","CY2025Q4I","2026-08-12"
"1093557","DEXCOM, INC.","20600000","AssetRetirementObligation","CY2025Q4I","2026-08-12"
"1002638","OPEN TEXT CORP","20455000","AssetRetirementObligationsNoncurrent","CY2025Q4I","2026-08-12"
"1820872","Global Business Travel Group, Inc.","20000000","AssetRetirementObligationsNoncurrent","CY2025Q4I","2026-08-12"
"821483","PAR PACIFIC HOLDINGS, INC.","19370000","AssetRetirementObligation","CY2025Q4I","2026-08-12"
"868082","EVERFLOW EASTERN PARTNERS LP","18982023","AssetRetirementObligation","CY2025Q4I","2026-08-12"
"1500881","ENCORE ENERGY CORP.","18915000","AssetRetirementObligationsNoncurrent","CY2025Q4I","2026-08-12"
"717954","UNIFIRST CORPORATION","18744000","AssetRetirementObligation","CY2025Q4I","2026-08-12"
"1514705","SUNCOKE ENERGY, INC.","18600000","AssetRetirementObligation","CY2025Q4I","2026-08-12"
"773840","HONEYWELL INTERNATIONAL INC","18000000","AssetRetirementObligationsNoncurrent","CY2025Q4I","2026-08-12"
"2064953","Solstice Advanced Materials Inc.","18000000","AssetRetirementObligationsNoncurrent","CY2025Q4I","2026-08-12"
"788965","Hallador Energy Company","17847000","AssetRetirementObligation","CY2025Q4I","2026-08-12"
"2019435","Blue Gold Limited","17833000","AssetRetirementObligationsNoncurrent","CY2025Q4I","2026-08-12"
"1682745","VERRA MOBILITY CORPORATION","17789000","AssetRetirementObligationsNoncurrent","CY2025Q4I","2026-08-12"
"1590584","Civeo Corp","16909000","AssetRetirementObligation","CY2025Q4I","2026-08-12"
"2064947","WaterBridge Infrastructure LLC","16464000","AssetRetirementObligation","CY2025Q4I","2026-08-12"
"104918","AVISTA CORP","16000000","AssetRetirementObligation","CY2025Q4I","2026-08-12"
"1792849","HighPeak Energy, Inc.","15944000","AssetRetirementObligationsNoncurrent","CY2025Q4I","2026-08-12"
"1726173","BIGLARI HOLDINGS INC.","15847000","AssetRetirementObligation","CY2025Q4I","2026-08-12"
"844965","TETRA Technologies, Inc.","15526000","AssetRetirementObligationsNoncurrent","CY2025Q4I","2026-08-12"
"1757898","STERIS plc","14800000","AssetRetirementObligationsNoncurrent","CY2025Q4I","2026-08-12"
"1257640","KRONOS WORLDWIDE, INC.","14700000","AssetRetirementObligationsNoncurrent","CY2025Q4I","2026-08-12"
"59255","VALHI, INC.","14700000","AssetRetirementObligationsNoncurrent","CY2025Q4I","2026-08-12"
"56868","PrimeEnergy Resources Corporation","14337000","AssetRetirementObligationsNoncurrent","CY2025Q4I","2026-08-12"
"37785","FMC CORPORATION","14300000","AssetRetirementObligation","CY2025Q4I","2026-08-12"
"1944558","Vitesse Energy, Inc.","14022000","AssetRetirementObligationsNoncurrent","CY2025Q4I","2026-08-12"
"1811414","QUANTUMSCAPE CORPORATION","13710000","AssetRetirementObligationsNoncurrent","CY2025Q4I","2026-08-12"
"1928446","GRANITE RIDGE RESOURCES, INC.","12720000","AssetRetirementObligation","CY2025Q4I","2026-08-12"
"1507605","MARA HOLDINGS, INC.","12464000","AssetRetirementObligation","CY2025Q4I","2026-08-12"
"811596","KAISER ALUMINUM CORPORATION","12400000","AssetRetirementObligation","CY2025Q4I","2026-08-12"
"2028336","NEW ERA ENERGY & DIGITAL, INC.","12319132","AssetRetirementObligationsNoncurrent","CY2025Q4I","2026-08-12"
"1967649","Vestis Corporation","12300000","AssetRetirementObligationsNoncurrent","CY2025Q4I","2026-08-12"
"1609804","ORION S.A.","12200000","AssetRetirementObligationsNoncurrent","CY2025Q4I","2026-08-12"
"879585","ATN INTERNATIONAL, INC.","12100000","AssetRetirementObligation","CY2025Q4I","2026-08-12"
"1012100","SEALED AIR CORP/DE","12100000","AssetRetirementObligationsNoncurrent","CY2025Q4I","2026-08-12"
"1856437","VICTORIA'S SECRET & CO.","12000000","AssetRetirementObligation","CY2025Q4I","2026-08-12"
"79879","PPG INDUSTRIES, INC.","12000000","AssetRetirementObligation","CY2025Q4I","2026-08-12"
"1408075","Graphic Packaging Holding Co","12000000","AssetRetirementObligation","CY2025Q4I","2026-08-12"
"1069533","RGC Resources, Inc.","11777382","AssetRetirementObligationsNoncurrent","CY2025Q4I","2026-08-12"
"1718405","HYCROFT MINING HOLDING CORPORATION","11773000","AssetRetirementObligation","CY2025Q4I","2026-08-12"
"1089819","CLECO CORPORATE HOLDINGS LLC","11544000","AssetRetirementObligationsNoncurrent","CY2025Q4I","2026-08-12"
"18672","CLECO CORPORATE HOLDINGS LLC","11544000","AssetRetirementObligationsNoncurrent","CY2025Q4I","2026-08-12"
"1056903","AMERICAN STATES WATER CO","11397000","AssetRetirementObligation","CY2025Q4I","2026-08-12"
"1323468","Global Partners LP","11300000","AssetRetirementObligationsNoncurrent","CY2025Q4I","2026-08-12"
"1653477","INGEVITY CORPORATION","11300000","AssetRetirementObligation","CY2025Q4I","2026-08-12"
"18498","Genesco Inc","11100000","AssetRetirementObligation","CY2025Q4I","2026-08-12"
"1597672","RAYONIER ADVANCED MATERIALS INC.","11000000","AssetRetirementObligationsNoncurrent","CY2025Q4I","2026-08-12"
"883569","FOSSIL GROUP, INC.","10977000","AssetRetirementObligation","CY2025Q4I","2026-08-12"
"1828377","Fortitude Gold Corporation","10856000","AssetRetirementObligationsNoncurrent","CY2025Q4I","2026-08-12"
"1333274","MERCER INTERNATIONAL INC.","10648000","AssetRetirementObligationsNoncurrent","CY2025Q4I","2026-08-12"
"1997652","Tamboran Resources Corporation","10461000","AssetRetirementObligationsNoncurrent","CY2025Q4I","2026-08-12"
"102729","Valmont Industries, Inc.","10254000","AssetRetirementObligation","CY2025Q4I","2026-08-12"
"26324","CURTISS-WRIGHT CORPORATION","10000000","AssetRetirementObligation","CY2025Q4I","2026-08-12"
"1984060","Atlas Energy Solutions Inc.","9225000","AssetRetirementObligation","CY2025Q4I","2026-08-12"
"60519","LOUISIANA-PACIFIC CORPORATION","9000000","AssetRetirementObligationsNoncurrent","CY2025Q4I","2026-08-12"
"1141197","PEDEVCO Corp.","8811000","AssetRetirementObligation","CY2025Q4I","2026-08-12"
"891532","PERMA FIX ENVIRONMENTAL SERVICES INC","8725000","AssetRetirementObligation","CY2025Q4I","2026-08-12"
"1842279","OPAL FUELS INC.","8459000","AssetRetirementObligation","CY2025Q4I","2026-08-12"
"1018963","ATI Inc.","8300000","AssetRetirementObligation","CY2025Q4I","2026-08-12"
"1160791","GOLD RESOURCE CORP","8093000","AssetRetirementObligation","CY2025Q4I","2026-08-12"
"1537054","Gogo Inc.","8069000","AssetRetirementObligationsNoncurrent","CY2025Q4I","2026-08-12"
"101594","BIG SKY INDUSTRIAL INC.","8006000","AssetRetirementObligation","CY2025Q4I","2026-08-12"
"1735707","Garrett Motion Inc.","8000000","AssetRetirementObligationsNoncurrent","CY2025Q4I","2026-08-12"
"1801368","MP Materials Corp. / DE","7791000","AssetRetirementObligation","CY2025Q4I","2026-08-12"
"716133","CINCINNATI BELL INC.","7500000","AssetRetirementObligation","CY2025Q4I","2026-08-12"
"1726126","EPSILON ENERGY LTD.","7437960","AssetRetirementObligationsNoncurrent","CY2025Q4I","2026-08-12"
"10048","BARNWELL INDUSTRIES, INC.","7404000","AssetRetirementObligationsNoncurrent","CY2025Q4I","2026-08-12"
"1488139","Ameresco, Inc.","7328000","AssetRetirementObligationsNoncurrent","CY2025Q4I","2026-08-12"
"2019061","SOUTH BOW CORPORATION","7000000","AssetRetirementObligationsNoncurrent","CY2025Q4I","2026-08-12"
"833444","JOHNSON CONTROLS INTERNATIONAL PLC","7000000","AssetRetirementObligation","CY2025Q4I","2026-08-12"
"1826600","MONTAUK RENEWABLES, INC.","6960000","AssetRetirementObligationsNoncurrent","CY2025Q4I","2026-08-12"
"1515156","ARQ, INC.","6756000","AssetRetirementObligation","CY2025Q4I","2026-08-12"
"1311370","LAZARD, INC.","6705000","AssetRetirementObligation","CY2025Q4I","2026-08-12"
"1404655","HubSpot, Inc.","6696000","AssetRetirementObligationsNoncurrent","CY2025Q4I","2026-08-12"
"1375877","CANADIAN SOLAR INC.","6489000","AssetRetirementObligation","CY2025Q4I","2026-08-12"
"1120970","Comstock Inc.","6488215","AssetRetirementObligation","CY2025Q4I","2026-08-12"
"793306","BLUE DOLPHIN ENERGY CO","6025000","AssetRetirementObligation","CY2025Q4I","2026-08-12"
"1094831","BGC Group, Inc.","6000000","AssetRetirementObligation","CY2025Q4I","2026-08-12"
"867038","SPINDLETOP OIL & GAS CO.","5884000","AssetRetirementObligation","CY2025Q4I","2026-08-12"
"1289945","SPOK HOLDINGS, INC.","5432000","AssetRetirementObligation","CY2025Q4I","2026-08-12"
"1234006","GLADSTONE COMMERCIAL CORP","5363000","AssetRetirementObligation","CY2025Q4I","2026-08-12"
"1176334","MARTIN MIDSTREAM PARTNERS L.P.","5318000","AssetRetirementObligation","CY2025Q4I","2026-08-12"
"1441236","CLEARWATER PAPER CORPORATION","5300000","AssetRetirementObligation","CY2025Q4I","2026-08-12"
"1694617","ROYALE ENERGY, INC.","5077852","AssetRetirementObligation","CY2025Q4I","2026-08-12"
"1318008","ZUMIEZ INC","5000000","AssetRetirementObligation","CY2025Q4I","2026-08-12"
"43196","GRAY MEDIA, INC.","5000000","AssetRetirementObligation","CY2025Q4I","2026-08-12"
"91388","SMITHFIELD FOODS, INC.","5000000","AssetRetirementObligation","CY2025Q4I","2026-08-12"
"1695295","HYDROFARM HOLDINGS GROUP, INC.","4838000","AssetRetirementObligation","CY2025Q4I","2026-08-12"
"1328581","Boise Cascade Company","4700000","AssetRetirementObligation","CY2025Q4I","2026-08-12"
"1845123","AleAnna, Inc.","4507921","AssetRetirementObligationsNoncurrent","CY2025Q4I","2026-08-12"
"1758766","STEM, INC.","4349000","AssetRetirementObligationsNoncurrent","CY2025Q4I","2026-08-12"
"1494582","BOSTON OMAHA Corp","4231000","AssetRetirementObligationsNoncurrent","CY2025Q4I","2026-08-12"
"766829","H2O AMERICA","4220000","AssetRetirementObligation","CY2025Q4I","2026-08-12"
"1162896","Prairie Operating Co.","4019000","AssetRetirementObligation","CY2025Q4I","2026-08-12"
"1317630","ITC HOLDINGS CORP.","4000000","AssetRetirementObligationsNoncurrent","CY2025Q4I","2026-08-12"
"1396814","PACIRA BIOSCIENCES, INC.","3900000","AssetRetirementObligation","CY2025Q4I","2026-08-12"
"1013934","Strategic Education, Inc.","3874000","AssetRetirementObligationsNoncurrent","CY2025Q4I","2026-08-12"
"1021561","NU SKIN ENTERPRISES, INC.","3873000","AssetRetirementObligationsNoncurrent","CY2025Q4I","2026-08-12"
"1772720","Spruce Power Holding Corporation","3864000","AssetRetirementObligation","CY2025Q4I","2026-08-12"
"1434070","Ridgewood Energy Y Fund, LLC","3740000","AssetRetirementObligation","CY2025Q4I","2026-08-12"
"2029118","INFINITY NATURAL RESOURCES, INC.","3636000","AssetRetirementObligationsNoncurrent","CY2025Q4I","2026-08-12"
"1845437","NET Power Inc.","3597000","AssetRetirementObligationsNoncurrent","CY2025Q4I","2026-08-12"
"1651308","BEONE MEDICINES LTD.","3565000","AssetRetirementObligationsNoncurrent","CY2025Q4I","2026-08-12"
"912093","Viavi Solutions Inc.","3400000","AssetRetirementObligationsNoncurrent","CY2025Q4I","2026-08-12"
"1315061","Ridgewood Energy O Fund, LLC","3238000","AssetRetirementObligation","CY2025Q4I","2026-08-12"
"39368","FULLER H B CO","3155000","AssetRetirementObligationsNoncurrent","CY2025Q4I","2026-08-12"
"1366868","GLOBALSTAR, INC.","3080000","AssetRetirementObligationsNoncurrent","CY2025Q4I","2026-08-12"
"1104657","MATERION CORPORATION","3045000","AssetRetirementObligation","CY2025Q4I","2026-08-12"
"1158463","JETBLUE AIRWAYS CORP","3000000","AssetRetirementObligationsNoncurrent","CY2025Q4I","2026-08-12"
"1111741","DYNARESOURCE, INC.","2831430","AssetRetirementObligationsNoncurrent","CY2025Q4I","2026-08-12"
"1679268","Mammoth Energy Services, Inc.","2759000","AssetRetirementObligationsNoncurrent","CY2025Q4I","2026-08-12"
"101538","UNITED STATES ANTIMONY CORPORATION","2720658","AssetRetirementObligationsNoncurrent","CY2025Q4I","2026-08-12"
"1712189","TARGET HOSPITALITY CORP.","2695000","AssetRetirementObligationsNoncurrent","CY2025Q4I","2026-08-12"
"1053706","CRA International, Inc.","2600000","AssetRetirementObligation","CY2025Q4I","2026-08-12"
"83350","RESERVE PETROLEUM CO","2509626","AssetRetirementObligationsNoncurrent","CY2025Q4I","2026-08-12"
"1638826","ServiceTitan, Inc.","2500000","AssetRetirementObligation","CY2025Q4I","2026-08-12"
"1629210","PARAMOUNT GOLD NEVADA CORP.","2347589","AssetRetirementObligation","CY2025Q4I","2026-08-12"
"1078075","NETSCOUT SYSTEMS, INC.","2300000","AssetRetirementObligation","CY2025Q4I","2026-08-12"
"1643953","PURPLE INNOVATION, INC.","2292000","AssetRetirementObligation","CY2025Q4I","2026-08-12"
"1319229","TRANSMONTAIGNE PARTNERS LLC","2251000","AssetRetirementObligationsNoncurrent","CY2025Q4I","2026-08-12"
"1392380","GEVO, INC.","2250000","AssetRetirementObligationsNoncurrent","CY2025Q4I","2026-08-12"
"1581552","Energy 11, L.P.","2234607","AssetRetirementObligationsNoncurrent","CY2025Q4I","2026-08-12"
"1006837","INNOVATE CORP.","2200000","AssetRetirementObligation","CY2025Q4I","2026-08-12"
"1487197","BARFRESH FOOD GROUP INC.","2189000","AssetRetirementObligation","CY2025Q4I","2026-08-12"
"1398733","Aquestive Therapeutics, Inc.","2065000","AssetRetirementObligation","CY2025Q4I","2026-08-12"
"1023994","OLENOX INDUSTRIES INC.","1848080","AssetRetirementObligationsNoncurrent","CY2025Q4I","2026-08-12"
"1457919","Ridgewood Energy A-1 Fund, LLC","1792000","AssetRetirementObligationsNoncurrent","CY2025Q4I","2026-08-12"
"1818643","PHOENIX ENERGY ONE, LLC","1781000","AssetRetirementObligationsNoncurrent","CY2025Q4I","2026-08-12"
"1409947","Ridgewood Energy W Fund, LLC","1773000","AssetRetirementObligationsNoncurrent","CY2025Q4I","2026-08-12"
"1377178","Ridgewood Energy U Fund, LLC","1741000","AssetRetirementObligation","CY2025Q4I","2026-08-12"
"1865631","NextNav Inc.","1725000","AssetRetirementObligation","CY2025Q4I","2026-08-12"
"1038277","RADNOSTIX INC","1618467","AssetRetirementObligationsNoncurrent","CY2025Q4I","2026-08-12"
"1784570","BETA Technologies, Inc.","1601000","AssetRetirementObligation","CY2025Q4I","2026-08-12"
"1337298","FUTUREFUEL CORP.","1502000","AssetRetirementObligationsNoncurrent","CY2025Q4I","2026-08-12"
"82020","UNITED STATES LIME & MINERALS INC","1401000","AssetRetirementObligation","CY2025Q4I","2026-08-12"
"1735438","MeiraGTx Holdings plc","1399000","AssetRetirementObligation","CY2025Q4I","2026-08-12"
"1376339","MIMEDX GROUP, INC.","1300000","AssetRetirementObligationsNoncurrent","CY2025Q4I","2026-08-12"
"1352190","Ridgewood Energy S Fund, LLC","1287000","AssetRetirementObligationsNoncurrent","CY2025Q4I","2026-08-12"
"1338474","Ridgewood Energy Q Fund, LLC","1280000","AssetRetirementObligationsNoncurrent","CY2025Q4I","2026-08-12"
"744825","AMERICAN SHARED HOSPITAL SERVICES","1200000","AssetRetirementObligation","CY2025Q4I","2026-08-12"
"1853868","Fervo Energy Co","1193000","AssetRetirementObligation","CY2025Q4I","2026-08-12"
"1621906","WESTERN URANIUM & VANADIUM CORP.","1187553","AssetRetirementObligation","CY2025Q4I","2026-08-12"
"1385662","Ridgewood Energy V Fund, LLC","1104000","AssetRetirementObligationsNoncurrent","CY2025Q4I","2026-08-12"
"1455741","Ridgewood Energy X Fund, LLC","1080000","AssetRetirementObligation","CY2025Q4I","2026-08-12"
"1936756","NEXT BRIDGE HYDROCARBONS, INC.","1075513","AssetRetirementObligationsNoncurrent","CY2025Q4I","2026-08-12"
"1888654","5E ADVANCED MATERIALS, INC.","1064000","AssetRetirementObligationsNoncurrent","CY2025Q4I","2026-08-12"
"1828536","ENERGY VAULT HOLDINGS, INC.","1035000","AssetRetirementObligation","CY2025Q4I","2026-08-12"
"1364397","Ridgewood Energy T Fund, LLC","942000","AssetRetirementObligationsNoncurrent","CY2025Q4I","2026-08-12"
"1805521","Faraday Future Intelligent Electric Inc.","900000","AssetRetirementObligation","CY2025Q4I","2026-08-12"
"1696088","ENERGY RESOURCES 12, L.P.","801133","AssetRetirementObligationsNoncurrent","CY2025Q4I","2026-08-12"
"2064307","ContextLogic Holdings Inc.","800000","AssetRetirementObligationsNoncurrent","CY2025Q4I","2026-08-12"
"1757840","Indonesia Energy Corporation Limited","724572","AssetRetirementObligationsNoncurrent","CY2025Q4I","2026-08-12"
"66418","Mexco Energy Corporation","719133","AssetRetirementObligation","CY2025Q4I","2026-08-12"
"1970622","USA Rare Earth, Inc.","700000","AssetRetirementObligation","CY2025Q4I","2026-08-12"
"1737287","Allogene Therapeutics, Inc.","700000","AssetRetirementObligation","CY2025Q4I","2026-08-12"
"1615063","INSPIRED ENTERTAINMENT, INC.","700000","AssetRetirementObligationsNoncurrent","CY2025Q4I","2026-08-12"
"1309082","Camber Energy, Inc.","646360","AssetRetirementObligation","CY2025Q4I","2026-08-12"
"1131312","ZION OIL & GAS INC","571000","AssetRetirementObligation","CY2025Q4I","2026-08-12"
"2108121","IONETIX CORPORATION","568000","AssetRetirementObligation","CY2025Q4I","2026-08-12"
"2044112","INTEGRATED RAIL & RESOURCES INC.","556884","AssetRetirementObligationsNoncurrent","CY2025Q4I","2026-08-12"
"1763925","CoJax Oil and Gas Corporation","544656","AssetRetirementObligation","CY2025Q4I","2026-08-12"
"1526243","PERPETUA RESOURCES CORP.","534000","AssetRetirementObligationsNoncurrent","CY2025Q4I","2026-08-12"
"751365","VIRCO MFG. CORPORATION","505000","AssetRetirementObligation","CY2025Q4I","2026-08-12"
"1966983","LITHIUM AMERICAS CORP.","473000","AssetRetirementObligationsNoncurrent","CY2025Q4I","2026-08-12"
"1434728","GLOBAL WATER RESOURCES, INC.","471000","AssetRetirementObligation","CY2025Q4I","2026-08-12"
"2012600","RYOJBABA CO., LTD.","467503","AssetRetirementObligationsNoncurrent","CY2025Q4I","2026-08-12"
"1730463","Autolus Therapeutics plc","400000","AssetRetirementObligation","CY2025Q4I","2026-08-12"
"27093","U.S. GOLD CORP.","363832","AssetRetirementObligationsNoncurrent","CY2025Q4I","2026-08-12"
"1603793","Norris Industries, Inc.","352861","AssetRetirementObligation","CY2025Q4I","2026-08-12"
"1030192","IDAHO STRATEGIC RESOURCES, INC","325451","AssetRetirementObligationsNoncurrent","CY2025Q4I","2026-08-12"
"1200375","Codexis, Inc.","300000","AssetRetirementObligation","CY2025Q4I","2026-08-12"
"1859807","PROFUSA, INC.","300000","AssetRetirementObligation","CY2025Q4I","2026-08-12"
"1866368","Clearwater Analytics Holdings, Inc.","265000","AssetRetirementObligation","CY2025Q4I","2026-08-12"
"1893899","ALASKA SILVER CORP.","230437","AssetRetirementObligationsNoncurrent","CY2025Q4I","2026-08-12"
"1947244","U.S. GOLDMINING INC.","219582","AssetRetirementObligationsNoncurrent","CY2025Q4I","2026-08-12"
"2030277","LEIFRAS Co., Ltd.","196275","AssetRetirementObligation","CY2025Q4I","2026-08-12"
"883107","Solesence, Inc.","194000","AssetRetirementObligationsNoncurrent","CY2025Q4I","2026-08-12"
"1898766","TRIO PETROLEUM CORP","167692","AssetRetirementObligationsNoncurrent","CY2025Q4I","2026-08-12"
"1041934","EDAP TMS SA","166000","AssetRetirementObligationsNoncurrent","CY2025Q4I","2026-08-12"
"1442492","Laredo Oil, Inc.","157394","AssetRetirementObligationsNoncurrent","CY2025Q4I","2026-08-12"
"917225","SOLITARIO RESOURCES CORP.","145000","AssetRetirementObligationsNoncurrent","CY2025Q4I","2026-08-12"
"1521036","LANTHEUS HOLDINGS, INC.","138000","AssetRetirementObligationsNoncurrent","CY2025Q4I","2026-08-12"
"1502377","CONTANGO SILVER & GOLD INC.","123444","AssetRetirementObligationsNoncurrent","CY2025Q4I","2026-08-12"
"830616","SCI ENGINEERED MATERIALS, INC.","109868","AssetRetirementObligation","CY2025Q4I","2026-08-12"
"1061069","AVALON HOLDINGS CORPORATION","100000","AssetRetirementObligationsNoncurrent","CY2025Q4I","2026-08-12"
"1227282","STRATA POWER CORPORATION","71157","AssetRetirementObligationsNoncurrent","CY2025Q4I","2026-08-12"
"718937","STAAR Surgical Co","45000","AssetRetirementObligationsNoncurrent","CY2025Q4I","2026-08-12"
"1393772","WEED, INC.","35800","AssetRetirementObligation","CY2025Q4I","2026-08-12"
"1156041","ABUNDIA GLOBAL IMPACT GROUP, INC.","32248","AssetRetirementObligationsNoncurrent","CY2025Q4I","2026-08-12"
"771266","KOPIN CORPORATION","3675","AssetRetirementObligationsNoncurrent","CY2025Q4I","2026-08-12"
"1609258","PETROGAS COMPANY","0","AssetRetirementObligation","CY2025Q4I","2026-08-12"
"1692787","KINETIK HOLDINGS INC.","0","AssetRetirementObligation","CY2025Q4I","2026-08-12"
"1835830","Klaviyo, Inc.","0","AssetRetirementObligationsNoncurrent","CY2025Q4I","2026-08-12"
"217346","Textron Inc.","0","AssetRetirementObligation","CY2025Q4I","2026-08-12"
"1083301","TERAWULF INC.","0","AssetRetirementObligation","CY2025Q4I","2026-08-12"
"1705843","Cibus, Inc.","0","AssetRetirementObligation","CY2025Q4I","2026-08-12"
"1883984","Alternus Clean Energy, Inc.","0","AssetRetirementObligation","CY2025Q4I","2026-08-12"
"1527541","WHEELER REAL ESTATE INVESTMENT TRUST, INC.","0","AssetRetirementObligation","CY2025Q4I","2026-08-12"
