"instalacao","sigla","classe","campo","operador_grupo","operador_concessao","situacao","lamina_m","ano_inicio","idade_calculada","idade_anp","lat","lon","uf"
"ADMARINE 511","PA-39","Sonda","","CONSTELLATION","PETRÓLEO BRASILEIRO S.A. - PETROBRAS","Operando","21","2025","1","3","","",""
"ALPHA STAR","SS-83","Unidade Semissubmersível","","CONSTELLATION","PETRÓLEO BRASILEIRO S.A. - PETROBRAS","Abandono 7-ESP-10H-RJS","0","2011","15","11","-22.72732361","-40.44247944",""
"AMARALINA STAR","NS-43","Navio Sonda","","CONSTELLATION","PETRÓLEO BRASILEIRO S.A. - PETROBRAS","Perfuração 7-BUZ-117DA-RJS","0","2012","14","11","-24.62562028","-42.44949667",""
"ARABIA I","PA-38","Sonda","","","PETRÓLEO BRASILEIRO S.A. - PETROBRAS","Abandono 7-CM-41D-SES","0","2022","4","0","-11.01393306","-36.98845389",""
"ATLANTIC STAR","SS-45","Unidade Semissubmersível","","CONSTELLATION","","Operando","0","2021","5","2","","",""
"ATLANTIC ZONDA","NS-61","Sonda","","VENTURA","PETRÓLEO BRASILEIRO S.A. - PETROBRAS","Perfuração 7-BUZ-118D-RJS","0","2025","1","8","-24.70042667","-42.42791889",""
"BETA","SS-88","Unidade Semissubmersível","","BASSDRILL","","","1180","2014","12","9","-23.51706167","-41.06198",""
"BRAVA STAR","NS-45","Navio Sonda","","CONSTELLATION","PETRÓLEO BRASILEIRO S.A. - PETROBRAS","Operando","0","2015","11","7","","",""
"BRAVA STAR.","NS-45.","Navio Sonda","","CONSTELLATION","PETRÓLEO BRASILEIRO S.A.","","0","2015","11","7","","",""
"CAROLINA","NS-29","Navio Sonda","","VENTURA","PETRÓLEO BRASILEIRO S.A. - PETROBRAS","Completação 8-BUZ-107-RJS","0","2020","6","11","-24.69536861","-42.45149583",""
"DEAL-1","DEAL-1","Sonda","","PRIO","PRIO BRAVO LTDA.","Operando","0","2007","19","16","","",""
"DEEPWATER AQUILA","NS-60","Navio Sonda","","TRANSOCEAN","PETRÓLEO BRASILEIRO S.A. - PETROBRAS","Perfuração 7-BR-86C-RJS","0","2024","2","-1","-22.59983333","-40.2325",""
"DEEPWATER CORCOVADO","NS-40","Navio Sonda","","TRANSOCEAN","PETRÓLEO BRASILEIRO S.A. - PETROBRAS","Completação 8-JUB-83DA-ESS","0","2011","15","11","-21.2605275","-39.97890972",""
"DEEPWATER MYKONOS","NS-39","Navio Sonda","","TRANSOCEAN","","Operando","0","2011","15","11","","",""
"DEEPWATER ORION","NS-56","Navio Sonda","","TRANSOCEAN","PETRÓLEO BRASILEIRO S.A. - PETROBRAS","Operando","0","2023","3","11","","",""
"DHIRUBHAI DEEPWATER KG2","NS-57","Navio Sonda","","TRANSOCEAN","","Operando","0","2023","3","13","","",""
"DRILLINGRIG-A","DR-A","Sonda","","EQUINOR","EQUINOR BRASIL ENERGIA LTDA.","","0","2010","16","13","","",""
"DRILLINGRIG-B","DR-B","Sonda","","PRIO","PRIO TIGRIS S.A","Operando","122","2011","15","13","","",""
"ETESCO TAKATSUGU J","NS-38","Navio Sonda","","ETESCO","PETRÓLEO BRASILEIRO S.A. - PETROBRAS","Operando","0","2012","14","11","","",""
"FPSO ALEXANDRE DE GUSMÃO","FPADG","Unidade Flutuante","MERO","","PETRÓLEO BRASILEIRO S.A. - PETROBRAS","Operando","1890","2025","1","-1","-24.55964917","-42.18826083",""
"FPSO ALMIRANTE BARROSO","FPBAR","Unidade Flutuante","BÚZIOS","MODEC","PETRÓLEO BRASILEIRO S.A. - PETROBRAS","Operando","1900","2023","3","2","-24.5925325","-42.56725167",""
"FPSO ALMIRANTE TAMANDARE","FPTAM","Unidade Flutuante","BÚZIOS","SBM","PETRÓLEO BRASILEIRO S.A. - PETROBRAS","Operando","1985","2025","1","-2","-24.74358333","-42.51331944",""
"FPSO ANITA GARIBALDI","FPAGA","Unidade Flutuante","MARLIM","MODEC","PETRÓLEO BRASILEIRO S.A. - PETROBRAS","Operando","670","2023","3","-1","-22.39583639","-40.10831417",""
"FPSO ANNA NERY","FPANE","Unidade Flutuante","MARLIM","YINSON","PETRÓLEO BRASILEIRO S.A. - PETROBRAS","Operando","927","2023","3","0","-22.46391639","-40.05731667",""
"FPSO ATLANTA","FPSOATLANTA","Unidade Flutuante","ATLANTA","YINSON","BRAVA ENERGIA S.A.","","1550","2024","2","-1","-24.09909722","-41.88699167","RJ"
"FPSO BACALHAU","FPSO BACALHAU","Unidade Flutuante","BACALHAU","MODEC","EQUINOR BRASIL ENERGIA LTDA.","Em Construção","2100","2025","1","-2","-25.47606333","-43.93906806",""
"FPSO BRAVO","Bravo","Unidade Flutuante","TUBARÃO MARTELO","PRIO","PRIO BRAVO LTDA.","Operando","105","2013","13","9","-23.13582222","-41.07353056","RJ"
"FPSO CAPIXABA","CAPX","Unidade Flutuante","JUBARTE","SBM","PETRÓLEO BRASILEIRO S.A. - PETROBRAS","Descomissionada","1473","2006","20","12","-21.23596111","-39.95699722","ES"
"FPSO CARIOCA","FPSO_CRC","Unidade Flutuante","SÉPIA","MODEC","PETRÓLEO BRASILEIRO S.A. - PETROBRAS","Operando","2140","2021","5","4","-25.22704306","-42.5702525",""
"FPSO CIDADE DE ANCHIETA","FCDA","Unidade Flutuante","JUBARTE","SBM","PETRÓLEO BRASILEIRO S.A. - PETROBRAS","Operando","1221","2012","14","10","-21.33756667","-40.05720278","ES"
"FPSO CIDADE DE ANGRA DOS REIS","FPCAR","Unidade Flutuante","TUPI","MODEC","PETRÓLEO BRASILEIRO S.A. - PETROBRAS","Operando","2140","2010","16","12","-25.54481667","-42.84021389",""
"FPSO CIDADE DE CAMPOS DOS GOYTACAZES","FPCGZ","Unidade Flutuante","TARTARUGA VERDE","MODEC","PETRÓLEO BRASILEIRO S.A. - PETROBRAS","Operando","765","2018","8","6","-22.95337917","-40.72554611",""
"FPSO CIDADE DE CARAGUATATUBA - CCG (MV-27)","FPCCG","Unidade Flutuante","LAPA","","TOTALENERGIES EP BRASIL LTDA.","","2140","2016","10","6","-25.51872556","-43.46654667","SP"
"FPSO CIDADE DE CARAGUATATUBA - CCG (MV-27)","FPCCG","Unidade Flutuante","LAPA","MODEC","TOTALENERGIES EP BRASIL LTDA.","","2140","2016","10","6","-25.51872556","-43.46654667","SP"
"FPSO CIDADE DE ILHABELA","FPCIB","Unidade Flutuante","SAPINHOÁ","SBM","PETRÓLEO BRASILEIRO S.A. - PETROBRAS","Operando","2140","2014","12","9","-25.67280556","-43.20619167","SP"
"FPSO CIDADE DE ITAGUAÍ","FPCIG","Unidade Flutuante","TUPI","MODEC","PETRÓLEO BRASILEIRO S.A. - PETROBRAS","Operando","2240","2015","11","7","-25.14156917","-42.94469694",""
"FPSO CIDADE DE ITAJAÍ","FPCI","Unidade Flutuante","BAÚNA","OOG TK","KAROON PETRÓLEO & GÁS LTDA.","Operando","275","2013","13","10","-26.46462444","-46.53012444",""
"FPSO CIDADE DE MANGARATIBA","FPCMB","Unidade Flutuante","TUPI","MODEC","PETRÓLEO BRASILEIRO S.A. - PETROBRAS","Operando","2200","2014","12","8","-25.20407778","-42.87856389",""
"FPSO CIDADE DE MARICÁ","FPCMC","Unidade Flutuante","TUPI","SBM","PETRÓLEO BRASILEIRO S.A. - PETROBRAS","Operando","2120","2016","10","7","-25.44884861","-42.75307194",""
"FPSO CIDADE DE NITEROI","FPNT","Unidade Flutuante","MARLIM LESTE","MODEC","PETRÓLEO BRASILEIRO S.A. - PETROBRAS","Em Descomissionamento","1330","2009","17","13","-22.4966","-39.93740278",""
"FPSO CIDADE DE PARATY","FPCP","Unidade Flutuante","TUPI","SBM","PETRÓLEO BRASILEIRO S.A. - PETROBRAS","Operando","2120","2012","14","9","-25.39437222","-42.76180278",""
"FPSO CIDADE DE SANTOS","FPCST","Unidade Flutuante","URUGUÁ","MODEC","PETRÓLEO BRASILEIRO S.A. - PETROBRAS","Operando","1300","2010","16","13","-24.30201667","-42.71461667",""
"FPSO CIDADE DE SÃO PAULO","FPCSP","Unidade Flutuante","SAPINHOÁ","MODEC","PETRÓLEO BRASILEIRO S.A. - PETROBRAS","Operando","2140","2013","13","11","-25.79933417","-43.26283917",""
"FPSO CIDADE DE SÃO VICENTE","FPCSV","Unidade Flutuante","ITAPU","BW OFFSHORE","PETRÓLEO BRASILEIRO S.A. - PETROBRAS","Descomissionada","2009","2009","17","14","-24.83385833","-42.72267222",""
"FPSO CIDADE DE SAQUAREMA","FPCSQ","Unidade Flutuante","TUPI","SBM","PETRÓLEO BRASILEIRO S.A. - PETROBRAS","Operando","2120","2016","10","6","-25.4912675","-42.78126306",""
"FPSO CIDADE DE VITÓRIA","CVIX","Unidade Flutuante","GOLFINHO","BW OFFSHORE","BW ENERGY MAROMBA DO BRASIL LTDA","Operando","1386","2007","19","15","-20.04277778","-39.52555556",""
"FPSO CIDADE DO RIO DE JANEIRO","FPRJ","Unidade Flutuante","ESPADARTE","MODEC","PETRÓLEO BRASILEIRO S.A. - PETROBRAS","Descomissionada","1500","2007","19","7","-22.85916472","-40.35912028",""
"FPSO ESPIRITO SANTO","FPSO ESP SANTO","Unidade Flutuante","OSTRA","SHELL","SHELL BRASIL PETRÓLEO LTDA.","Operando","1780","2009","17","6","-21.20857056","-39.74271472","ES"
"FPSO FLUMINENSE","FPSO FLUMINENSE","Unidade Flutuante","BIJUPIRÁ","SHELL","SHELL BRASIL PETRÓLEO LTDA.","Descomissionada","700","2003","23","20","-22.65070917","-40.427285","RJ"
"FPSO FORTE","FORTE","Unidade Flutuante","ALBACORA LESTE","PRIO","PRIO FORTE S.A.","Operando","1230","2006","20","18","-22.08638778","-39.82799861",""
"FPSO FRADE","FRADE","Unidade Flutuante","FRADE","PRIO","PRIO FORTE S.A.","Operando","0","2009","17","13","-21.88333333","-39.85138889","RJ"
"FPSO GUANABARA","FPGNB","Unidade Flutuante","MERO","MODEC","PETRÓLEO BRASILEIRO S.A. - PETROBRAS","Operando","1930","2021","5","4","-24.58365556","-42.25626667",""
"FPSO MARECHAL DUQUE DE CAXIAS","FPMDC","Unidade Flutuante","MERO","MISC","PETRÓLEO BRASILEIRO S.A. - PETROBRAS","Operando","2070","2024","2","-2","-24.68622167","-42.29323194",""
"FPSO MARIA QUITÉRIA","FPMQT","Unidade Flutuante","JUBARTE","YINSON","PETRÓLEO BRASILEIRO S.A. - PETROBRAS","Operando","1385","2024","2","-1","-21.27003889","-39.99762222","ES"
"FPSO PEREGRINO","PEREGRINO 1","Unidade Flutuante","PEREGRINO","EQUINOR","PRIO TIGRIS S.A","Operando","98","2011","15","14","-23.31725556","-41.25740278",""
"FPSO PETROJARL 1","PJ-1","Unidade Flutuante","ATLANTA","ENAUTA","BRAVA ENERGIA S.A.","","1537","2018","8","5","-24.12492222","-41.88520278","RJ"
"FPSO PIONEIRO DE LIBRA","FPPL","Unidade Flutuante","MERO","OOG TK","PETRÓLEO BRASILEIRO S.A. - PETROBRAS","Operando","1920","2017","9","5","-24.54004972","-42.13184361",""
"FPSO POLVO","FPSO POLVO","Unidade Flutuante","POLVO","","PETRO RIO O&G EXPLORAÇÃO E PRODUÇÃO DE PETRÓLEO LTDA.","","105","2007","19","15","-23.0825475","-41.01030556",""
"FPSO RIO DAS OSTRAS","FPRO","Unidade Flutuante","TARTARUGA VERDE","ALTERA","PETRÓLEO BRASILEIRO S.A. - PETROBRAS","Descomissionada","1123","2008","18","11","-22.91271667","-40.68311111",""
"FPSO SEPETIBA","FPSTB","Unidade Flutuante","MERO","SBM","PETRÓLEO BRASILEIRO S.A. - PETROBRAS","Operando","2000","2023","3","1","-24.63081444","-42.26445806",""
"FSO CIDADE DE MACAÉ","FSME","Unidade Flutuante","RONCADOR","MODEC","PETRÓLEO BRASILEIRO S.A. - PETROBRAS","Operando","98","2007","19","0","-22.15751667","-40.14698333",""
"FSO PARGO","FSO PPG","Unidade Flutuante","PARGO","PERENCO","PERENCO PETRÓLEO E GÁS DO BRASIL LTDA.","Operando","93","2023","3","-1","-22.23048056","-40.33276944","RJ"
"GOLD STAR","SS-73","Unidade Semissubmersível","","CONSTELLATION","PETRÓLEO BRASILEIRO S.A. - PETROBRAS","Abandono 7-ESP-17-RJS","0","2010","16","13","-22.73236","-40.46419194",""
"HUNTER QUEEN","HTQ","Unidade Semissubmersível","","OCYAN","PETRO RIO JAGUAR PETRÓLEO SA.","","3048","2012","14","11","","",""
"HUNTER QUEEN","HTQ","Unidade Semissubmersível","","OCYAN","PETRO RIO JAGUAR PETRÓLEO SA.","Perfuração 7-FR-68D-RJS","0","2012","14","11","-21.89516417","-39.83010972",""
"KING MAKER","KM","Unidade Semissubmersível","","PRIO","","Descomissionada","110","2017","9","20","-23.11228194","-41.07151083",""
"KINGFISHER","KINGFISHER","Sonda","","PERENCO","PERENCO PETRÓLEO E GÁS DO BRASIL LTDA.","Operando","80","2013","13","9","","",""
"LAGUNA STAR","NS-44","Navio Sonda","","CONSTELLATION","PETRÓLEO BRASILEIRO S.A. - PETROBRAS","Abandono 7-RO-92D-RJS","0","2012","14","11","-21.94336444","-39.71428167",""
"LONE STAR","SS-79","Unidade Semissubmersível","","CONSTELLATION","3R PETROLEUM OFFSHORE S.A.","Completação 7-PPT-52H-RJS","0","2010","16","13","-23.52448556","-41.08398417",""
"MÓDULO DE OPERAÇÃO DE PIG 1","MOP-1","Módulo de Operação de PIG - MOP","JUBARTE","PETROBRAS","PETRÓLEO BRASILEIRO S.A. - PETROBRAS","Operando","28","2013","13","10","-20.98500611","-40.40873667","ES"
"MONOBOIA DE PARU","BOIA PARU","Monoboia/Q Boias/Cais-Petróleo","","ORIGEM ENERGIA","ORIGEM ENERGIA ALAGOAS S.A.","Operando","24","1996","30","26","-10.29810639","-36.09261778","AL"
"MONOBOIA DE PRA-1","BOIA-PRA-1","Monoboia/Q Boias/Cais-Petróleo","","PETROBRAS","PETRÓLEO BRASILEIRO S.A. - PETROBRAS","Operando","106","2017","9","15","-20.17123722","-40.12175222",""
"MONOBOIA MN-601 TEDUT","MN-601","Monoboia/Q Boias/Cais-Petróleo","","PETROBRAS","","","21","2015","11","8","-30.01180556","-50.09513889",""
"MONOBOIA MN-701 TEFRAN","MN-701","Monoboia/Q Boias/Cais-Petróleo","","PETROBRAS","","","24","2014","12","8","-26.23208333","-48.41908333",""
"MONOBOIA TNC","TNC SBM II","Monoboia/Q Boias/Cais-Petróleo","","PETROBRAS","","","16","2006","20","17","-18.97783333","-39.70616667",""
"MONOBOIA TNC SBM-III","TNC SBM II","Monoboia/Q Boias/Cais-Petróleo","","PETROBRAS","","","16","2017","9","5","-18.97783333","-39.70616667",""
"NAN HAI BA HAO (NANHAI 8)","SS-92","Sonda","","","PETRÓLEO BRASILEIRO S.A. - PETROBRAS","Abandono 1-RJS-414-RJ","0","2025","1","-2","-22.54610778","-40.56898194",""
"NOBLE DEVELOPER","DEV","Unidade Semissubmersível","","MAERSK","","","275","2009","17","14","","",""
"NOBLE FAYE KOZACK","NS-59","Navio Sonda","","NOBLE","PETRÓLEO BRASILEIRO S.A. - PETROBRAS","Completação 7-TUP-136D-RJS","0","2023","3","0","-25.15666139","-42.861105",""
"NORBE IX","NS-33","Navio Sonda","","OCYAN","PETRÓLEO BRASILEIRO S.A. - PETROBRAS","Perfuração 7-SEP-12-RJS","0","2011","15","11","-25.24705056","-42.53866",""
"NORBE VI","SS-81","Unidade Semissubmersível","","","PETRÓLEO BRASILEIRO S.A. - PETROBRAS","Completação 7-JUB-85H-ESS","0","2010","16","12","-21.24545083","-40.03167694",""
"NORBE VIII","NS-32","Navio Sonda","","","PETRÓLEO BRASILEIRO S.A. - PETROBRAS","Abandono 7-RO-16D-RJS","0","2011","15","11","-21.94126444","-39.72626278",""
"OCEAN COURAGE","SS-75","Unidade Semissubmersível","","NOBLE","PETRÓLEO BRASILEIRO S.A. - PETROBRAS","Restauração 6-BRSA-631DB-ESS","0","2010","16","13","-21.31143139","-40.015495",""
"OCEAN VALOR","SS-77","Unidade Semissubmersível","","BRASDRILL","","","0","2010","16","13","","",""
"ODN I","NS-41","Navio Sonda","","OCYAN","PETRÓLEO BRASILEIRO S.A. - PETROBRAS","Perfuração 8-MRL-248H-RJS","0","2012","14","10","-22.40495778","-40.03217556",""
"ODN II","NS-42","Navio Sonda","","","PETRÓLEO BRASILEIRO S.A. - PETROBRAS","Perfuração 1-BRSA-1405-APS","0","2012","14","10","5.2862125","-50.10417167",""
"PEREGRINO A","PEREGRINO A","Plataforma Fixa","PEREGRINO","EQUINOR","PRIO TIGRIS S.A","Completação 7-PRG-101HP-RJS","105","2011","15","12","-23.33442194","-41.29847194",""
"PEREGRINO B","PEREGRINO B","Plataforma Fixa","PEREGRINO","EQUINOR","PRIO TIGRIS S.A","Operando","121","2011","15","12","-23.29541667","-41.20739167",""
"PEREGRINO C","WHPC","Plataforma Fixa","PEREGRINO","EQUINOR","PRIO TIGRIS S.A","Completação 7-PRG-100H-RJS","120.6","2021","5","3","-23.39768111","-41.40834083",""
"PEREGRINO C","WHP-C","Plataforma Fixa","","EQUINOR","EQUINOR BRASIL ENERGIA LTDA.","","123","2021","5","3","-23.39812778","-41.29797222",""
"PETROBRAS 07","P-07","Unidade Semissubmersível","BICUDO","PETROBRAS","PETRÓLEO BRASILEIRO S.A. - PETROBRAS","Descomissionada","200","1988","38","20","-22.75947889","-40.68424639",""
"PETROBRAS 09","P-09","Unidade Semissubmersível","CORVINA","PETROBRAS","PETRÓLEO BRASILEIRO S.A. - PETROBRAS","Fora de Operação Permanentemente - Aguarda Descomissionamento","220","1983","43","39","-22.57380333","-40.52761778",""
"PETROBRAS 10","PA10","Sonda","","PETROBRAS","PETRÓLEO BRASILEIRO S.A. - PETROBRAS","Descomissionada","0","1974","52","49","","",""
"PETROBRAS 10000","NS-31","Navio Sonda","","TRANSOCEAN","PETRÓLEO BRASILEIRO S.A. - PETROBRAS","Operando","0","2010","16","13","","",""
"PETROBRAS 12","P-12","Unidade Semissubmersível","LINGUADO","PETROBRAS","PETRÓLEO BRASILEIRO S.A. - PETROBRAS","Descomissionada","100","1983","43","39","-22.76030444","-40.81650194",""
"PETROBRAS 15","P-15","Unidade Semissubmersível","PIRAÚNA","PETROBRAS","PETRÓLEO BRASILEIRO S.A. - PETROBRAS","Descomissionada","242","1983","43","11","-22.67850556","-40.6043375",""
"PETROBRAS 18","P-18","Unidade Semissubmersível","MARLIM","PETROBRAS","PETRÓLEO BRASILEIRO S.A. - PETROBRAS","Em Descomissionamento","910","1994","32","29","-22.42675833","-40.02972222",""
"PETROBRAS 19","P-19","Unidade Semissubmersível","MARLIM","PETROBRAS","PETRÓLEO BRASILEIRO S.A. - PETROBRAS","Em Descomissionamento","770","1997","29","25","-22.39269889","-40.05474722",""
"PETROBRAS 20","P-20","Unidade Semissubmersível","MARLIM","PETROBRAS","PETRÓLEO BRASILEIRO S.A. - PETROBRAS","Em Descomissionamento","630","1992","34","30","-22.35908528","-40.08908611",""
"PETROBRAS 25","P-25","Unidade Semissubmersível","ALBACORA","PETROBRAS","PETRÓLEO BRASILEIRO S.A. - PETROBRAS","Operando","570","1996","30","25","-22.10946389","-39.91692611",""
"PETROBRAS 26","P-26","Unidade Semissubmersível","MARLIM","PETROBRAS","PETRÓLEO BRASILEIRO S.A. - PETROBRAS","Em Descomissionamento","990","1998","28","26","-22.46868944","-40.02877889",""
"PETROBRAS 31","P-31","Unidade Flutuante","ALBACORA","PETROBRAS","PETRÓLEO BRASILEIRO S.A. - PETROBRAS","Operando","325","1998","28","24","-22.13018944","-39.96660056",""
"PETROBRAS 32","P-32","Unidade Flutuante","MARLIM","PETROBRAS","PETRÓLEO BRASILEIRO S.A. - PETROBRAS","Descomissionada","160","1997","29","25","-22.34877333","-40.24054722",""
"PETROBRAS 33","P-33","Unidade Flutuante","MARLIM","PETROBRAS","PETRÓLEO BRASILEIRO S.A. - PETROBRAS","Descomissionada","780","1998","28","24","-22.37225611","-40.02537833",""
"PETROBRAS 35","P-35","Unidade Flutuante","MARLIM","PETROBRAS","PETRÓLEO BRASILEIRO S.A. - PETROBRAS","Em Descomissionamento","842","1999","27","24","-22.437035","-40.06816111",""
"PETROBRAS 37","P-37","Unidade Flutuante","MARLIM","PETROBRAS","PETRÓLEO BRASILEIRO S.A. - PETROBRAS","Em Descomissionamento","905","2000","26","23","-22.48522944","-40.09588306",""
"PETROBRAS 38","P-38","Unidade Flutuante","MARLIM SUL","PETROBRAS","PETRÓLEO BRASILEIRO S.A. - PETROBRAS","Operando","1005","2001","25","24","-22.15751667","-40.14698333",""
"PETROBRAS 40","P-40","Unidade Semissubmersível","MARLIM SUL","PETROBRAS","PETRÓLEO BRASILEIRO S.A. - PETROBRAS","Operando","1080","2001","25","22","-22.54742194","-40.06744306",""
"PETROBRAS 43","P-43","Unidade Flutuante","BARRACUDA","PETROBRAS","PETRÓLEO BRASILEIRO S.A. - PETROBRAS","Operando","800","2004","22","20","-22.55011","-40.25944889",""
"PETROBRAS 47","P-47","Unidade Flutuante","MARLIM","PETROBRAS","PETRÓLEO BRASILEIRO S.A. - PETROBRAS","Em Descomissionamento","190","1999","27","17","-22.34318361","-40.1934725",""
"PETROBRAS 48","P-48","Unidade Flutuante","CARATINGA","PETROBRAS","PETRÓLEO BRASILEIRO S.A. - PETROBRAS","Operando","1032","2005","21","20","-22.66388389","-40.24018889",""
"PETROBRAS 51","P-51","Unidade Semissubmersível","MARLIM SUL","PETROBRAS","PETRÓLEO BRASILEIRO S.A. - PETROBRAS","Operando","1260","2009","17","17","-22.63440278","-40.09363722",""
"PETROBRAS 52","P-52","Unidade Semissubmersível","RONCADOR","PETROBRAS","PETRÓLEO BRASILEIRO S.A. - PETROBRAS","Operando","1800","2007","19","15","-21.90667528","-39.73585528",""
"PETROBRAS 53","P-53","Unidade Flutuante","MARLIM LESTE","PETROBRAS","PETRÓLEO BRASILEIRO S.A. - PETROBRAS","Operando","1068","2008","18","14","-22.42401667","-39.95766667",""
"PETROBRAS 54","P-54","Unidade Flutuante","RONCADOR","PETROBRAS","PETRÓLEO BRASILEIRO S.A. - PETROBRAS","Operando","1400","2007","19","16","-21.96911389","-39.82530278",""
"PETROBRAS 55","P-55","Unidade Semissubmersível","RONCADOR","PETROBRAS","PETRÓLEO BRASILEIRO S.A. - PETROBRAS","Operando","1795","2014","12","9","-21.99321972","-39.73953889",""
"PETROBRAS 56","P-56","Unidade Semissubmersível","MARLIM SUL","PETROBRAS","PETRÓLEO BRASILEIRO S.A. - PETROBRAS","Operando","1645","2011","15","12","-22.62404167","-39.98948333",""
"PETROBRAS 57","P-57","Unidade Flutuante","JUBARTE","PETROBRAS","PETRÓLEO BRASILEIRO S.A. - PETROBRAS","Operando","1258","2010","16","13","-21.24001111","-40.04807778","ES"
"PETROBRAS 58","P-58","Unidade Flutuante","JUBARTE","PETROBRAS","PETRÓLEO BRASILEIRO S.A. - PETROBRAS","Operando","1399","2014","12","11","-21.21508417","-39.99736472","ES"
"PETROBRAS 62","P-62","Unidade Flutuante","RONCADOR","PETROBRAS","PETRÓLEO BRASILEIRO S.A. - PETROBRAS","Operando","1580","2014","12","11","-21.94083333","-39.78611111",""
"PETROBRAS 66","P-66","Unidade Flutuante","TUPI","PETROBRAS","PETRÓLEO BRASILEIRO S.A. - PETROBRAS","Operando","2150","2017","9","5","-25.60281861","-42.8206575",""
"PETROBRAS 67","P-67","Unidade Flutuante","TUPI","PETROBRAS","PETRÓLEO BRASILEIRO S.A. - PETROBRAS","Operando","2130","2018","8","7","-25.32987139","-42.6926575",""
"PETROBRAS 68","P-68","Unidade Flutuante","BERBIGÃO","PETROBRAS","PETRÓLEO BRASILEIRO S.A. - PETROBRAS","Operando","2280","2018","8","4","-25.02295278","-42.66778889",""
"PETROBRAS 69","P-69","Unidade Flutuante","TUPI","PETROBRAS","PETRÓLEO BRASILEIRO S.A. - PETROBRAS","Operando","2170","2018","8","4","-25.65792889","-42.85944306",""
"PETROBRAS 70","P-70","Unidade Flutuante","ATAPU","PETROBRAS","PETRÓLEO BRASILEIRO S.A. - PETROBRAS","Operando","2288","2020","6","3","-24.95207056","-42.46838",""
"PETROBRAS 71","P-71","Unidade Flutuante","ITAPU","PETROBRAS","PETRÓLEO BRASILEIRO S.A. - PETROBRAS","Operando","2010","2023","3","0","-24.777175","-42.72058333",""
"PETROBRAS 74","P-74","Unidade Flutuante","BÚZIOS","PETROBRAS","PETRÓLEO BRASILEIRO S.A. - PETROBRAS","Operando","1950","2018","8","5","-24.64806556","-42.51781444",""
"PETROBRAS 75","P-75","Unidade Flutuante","BÚZIOS","PETROBRAS","PETRÓLEO BRASILEIRO S.A. - PETROBRAS","Operando","2015","2018","8","4","-24.78901472","-42.50973611",""
"PETROBRAS 76","P-76","Unidade Flutuante","BÚZIOS","PETROBRAS","PETRÓLEO BRASILEIRO S.A. - PETROBRAS","Operando","2025","2018","8","4","-24.68898056","-42.50583056",""
"PETROBRAS 77","P-77","Unidade Flutuante","BÚZIOS","PETROBRAS","PETRÓLEO BRASILEIRO S.A. - PETROBRAS","Operando","1980","2019","7","4","-24.63649611","-42.41198972",""
"PETROBRAS 78","P-78","Unidade Flutuante","BÚZIOS","PETROBRAS","PETRÓLEO BRASILEIRO S.A. - PETROBRAS","Operando","2030","2025","1","-3","-24.68023944","-42.38285028",""
"PETROBRAS 79","P-79","Unidade Flutuante","BÚZIOS","PETROBRAS","PETRÓLEO BRASILEIRO S.A. - PETROBRAS","Operando","1770","2026","0","-4","-24.54361417","-42.46951444",""
"PETROBRAS 80","P-80","Unidade Flutuante","BÚZIOS","PETROBRAS","PETRÓLEO BRASILEIRO S.A. - PETROBRAS","Em Construção","2100","2026","0","-4","-24.72535806","-42.39225222",""
"PETROBRAS 82","P-82","Unidade Flutuante","BÚZIOS","PETROBRAS","PETRÓLEO BRASILEIRO S.A. - PETROBRAS","Em Construção","1880","2027","-1","-4","-24.57769167","-42.50171694",""
"PETROBRAS 83","P-83","Unidade Flutuante","BÚZIOS","PETROBRAS","PETRÓLEO BRASILEIRO S.A. - PETROBRAS","Em Construção","2045","2027","-1","-5","-24.76068639","-42.409925",""
"PETROBRAS III","P-3","Sonda","","PETROBRAS","PETRÓLEO BRASILEIRO S.A. - PETROBRAS","Descomissionada","0","1969","57","54","","",""
"PETROBRAS-81","P-81","Unidade Flutuante","AGULHINHA","SBM","PETRÓLEO BRASILEIRO S.A. - PETROBRAS","Em Construção","2510","2031","-5","-7","-11.08748611","-36.15548611",""
"PETROBRAS-84","P-84","Unidade Flutuante","ATAPU","PETROBRAS","PETRÓLEO BRASILEIRO S.A. - PETROBRAS","Em Construção","2300","2029","-3","-7","-24.96877528","-42.40543444",""
"PETROBRAS-85","P-85","Unidade Flutuante","SÉPIA","PETROBRAS","PETRÓLEO BRASILEIRO S.A. - PETROBRAS","Em Construção","2167","2030","-4","-7","-25.19074333","-42.52641194",""
"PETROBRAS-87","P-87","Unidade Flutuante","BUDIÃO","SBM","PETRÓLEO BRASILEIRO S.A. - PETROBRAS","Em Construção","2500","2030","-4","-6","-11.23998889","-36.44714444",""
"PETROJARL 1","PJ-1","Unidade Flutuante","ATLANTA","ENAUTA","BRAVA ENERGIA S.A.","","1537","2018","8","5","-24.12492222","-41.88520278","RJ"
"PIER PRINCIPAL","PP","Monoboia/Q Boias/Cais-Petróleo","","PETROBRAS","PETROBRAS TRANSPORTES S.A. - TRANSPETRO","","12.8","1961","65","61","-22.82666667","-43.15133333",""
"PLATAFORMA 08","P-08","Unidade Semissubmersível","MARIMBÁ","TRIDENT","TRIDENT ENERGY DO BRASIL LTDA.","Operando em Extensão de Vida Útil","423","1993","33","16","-22.67308694","-40.54650556",""
"PLATAFORMA 3R-1","3R-1","Plataforma Fixa","PEROÁ","3R PETROLEUM","3R PETROLEUM OFFSHORE S.A.","","67","2006","20","8","-19.56278333","-39.25528333",""
"PLATAFORMA 3R-10","3R-10","Plataforma Fixa","UBARANA","3R PETROLEUM","3R POTIGUAR S.A.","","13","1980","46","8","-4.93453944","-36.36202361",""
"PLATAFORMA 3R-11","3R-11","Plataforma Fixa","UBARANA","3R PETROLEUM","3R POTIGUAR S.A.","","13","1981","45","8","-4.94526167","-36.36936111",""
"PLATAFORMA 3R-12","3R-12","Plataforma Fixa","UBARANA","3R PETROLEUM","3R POTIGUAR S.A.","","16","1981","45","8","-4.94201333","-36.35439611",""
"PLATAFORMA 3R-13","3R-13","Plataforma Fixa","UBARANA","3R PETROLEUM","3R POTIGUAR S.A.","","13","1982","44","8","-4.92429722","-36.35080611",""
"PLATAFORMA 3R-14","3R-14","Plataforma Fixa","UBARANA","3R PETROLEUM","3R POTIGUAR S.A.","","15","1982","44","8","-4.92024056","-36.324855",""
"PLATAFORMA 3R-15","3R-15","Plataforma Fixa","UBARANA","3R PETROLEUM","3R POTIGUAR S.A.","","13","1984","42","38","-4.94931417","-36.36151944",""
"PLATAFORMA 3R-16","3R-16","Plataforma Fixa","UBARANA","3R PETROLEUM","3R POTIGUAR S.A.","","13","1984","42","8","-4.94174333","-36.3543775",""
"PLATAFORMA 3R-17","3R-17","Plataforma Fixa","UBARANA","3R PETROLEUM","3R POTIGUAR S.A.","","13","1985","41","8","-4.92399694","-36.35073417",""
"PLATAFORMA 3R-18","3R-18","Plataforma Fixa","UBARANA","3R PETROLEUM","3R POTIGUAR S.A.","","16","1985","41","8","-4.91996333","-36.32489472",""
"PLATAFORMA 3R-19","3R-19","Plataforma Fixa","UBARANA","3R PETROLEUM","3R POTIGUAR S.A.","","14","1991","35","31","-4.92977639","-36.40483056",""
"PLATAFORMA 3R-2","3R-2","Unidade Flutuante","PAPA-TERRA","OOG TK","3R PETROLEUM OFFSHORE S.A.","","1185","2014","12","9","-23.51603889","-41.0612925",""
"PLATAFORMA 3R-20","3R-20","Plataforma Fixa","OESTE DE UBARANA","3R PETROLEUM","3R POTIGUAR S.A.","","17","2005","21","17","-4.89335194","-36.45142333",""
"PLATAFORMA 3R-21","3R-21","Plataforma Fixa","OESTE DE UBARANA","3R PETROLEUM","3R POTIGUAR S.A.","","16","2005","21","17","-4.88864556","-36.43190417",""
"PLATAFORMA 3R-22","3R-22","Plataforma Fixa","CIOBA","3R PETROLEUM","3R POTIGUAR S.A.","","6.4","2005","21","17","-4.96498556","-36.42226778",""
"PLATAFORMA 3R-3","3R-3","Unidade Flutuante","PAPA-TERRA","OOG TK","3R PETROLEUM OFFSHORE S.A.","","1165","2013","13","10","-23.51396333","-41.06461833",""
"PLATAFORMA 3R-4","3R-4","Plataforma Fixa","MACAU","3R PETROLEUM","3R POTIGUAR S.A.","Em Descomissionamento","8","1982","44","22","-5.03377889","-36.57108889",""
"PLATAFORMA 3R-5","3R-5","Plataforma Fixa","MACAU","3R PETROLEUM","3R POTIGUAR S.A.","Em Descomissionamento","8","1984","42","20","-5.0570275","-36.37297889",""
"PLATAFORMA 3R-6","3R-6","Plataforma Fixa","UBARANA","3R PETROLEUM","3R POTIGUAR S.A.","","15.2","1975","51","47","-4.91708972","-36.33809639",""
"PLATAFORMA 3R-7","3R-7","Plataforma Fixa","UBARANA","3R PETROLEUM","3R POTIGUAR S.A.","","16","1978","48","8","-4.93112444","-36.33869111",""
"PLATAFORMA 3R-8","3R-8","Plataforma Fixa","UBARANA","3R PETROLEUM","3R POTIGUAR S.A.","","13","1977","49","8","-4.92426694","-36.37384889",""
"PLATAFORMA 3R-9","3R-9","Plataforma Fixa","UBARANA","3R PETROLEUM","3R POTIGUAR S.A.","","14","1979","47","43","-4.91014417","-36.41055",""
"PLATAFORMA 65","P-65","Unidade Semissubmersível","ENCHOVA","TRIDENT","TRIDENT ENERGY DO BRASIL LTDA.","Operando em Extensão de Vida Útil","120","1966","60","21","-22.70183667","-40.67710639",""
"PLATAFORMA BIQUARA 1","PBIQ-1","Plataforma Fixa","BIQUARA","PETROBRAS","PETRÓLEO BRASILEIRO S.A. - PETROBRAS","Em Descomissionamento","19","2008","18","17","-4.8569975","-36.56053361",""
"PLATAFORMA DE AGULHA 1","PAG01","Plataforma Fixa","AGULHA","PETROBRAS","PETRÓLEO BRASILEIRO S.A. - PETROBRAS","Fora de Operação Permanentemente - Aguarda Descomissionamento","15","1979","47","44","-4.90714333","-36.25952528",""
"PLATAFORMA DE AGULHA 2","PAG02","Plataforma Fixa","AGULHA","PETROBRAS","PETRÓLEO BRASILEIRO S.A. - PETROBRAS","Fora de Operação Permanentemente - Aguarda Descomissionamento","16","1980","46","44","-4.87628472","-36.26882194",""
"PLATAFORMA DE AGULHA 3","PAG03","Plataforma Fixa","AGULHA","PETROBRAS","PETRÓLEO BRASILEIRO S.A. - PETROBRAS","Fora de Operação Permanentemente - Aguarda Descomissionamento","14","1988","38","37","-4.91626944","-36.2561575",""
"PLATAFORMA DE ARABAIANA 1","PARB1","Plataforma Fixa","ARABAIANA","PETROBRAS","PETRÓLEO BRASILEIRO S.A. - PETROBRAS","Operando","30","2001","25","21","-4.69477028","-36.72455639",""
"PLATAFORMA DE ARABAIANA 3","PARB3","Plataforma Fixa","ARABAIANA","PETROBRAS","PETRÓLEO BRASILEIRO S.A. - PETROBRAS","Fora de Operação Temporariamente - Hibernação","25","2001","25","21","-4.69925194","-36.75058722",""
"PLATAFORMA DE ATUM 1","PAT01","Plataforma Fixa","ATUM","PETROBRAS","PETRÓLEO BRASILEIRO S.A. - PETROBRAS","Fora de Operação Permanentemente - Aguarda Descomissionamento","44","1983","43","39","-2.97807472","-38.95818778",""
"PLATAFORMA DE ATUM 2","PAT02","Plataforma Fixa","ATUM","PETROBRAS","PETRÓLEO BRASILEIRO S.A. - PETROBRAS","Fora de Operação Permanentemente - Aguarda Descomissionamento","43","1983","43","39","-2.96173944","-38.97591389",""
"PLATAFORMA DE ATUM 3","PAT03","Plataforma Fixa","ATUM","PETROBRAS","PETRÓLEO BRASILEIRO S.A. - PETROBRAS","Fora de Operação Permanentemente - Aguarda Descomissionamento","42","1989","37","33","-2.96847306","-38.97391306",""
"PLATAFORMA DE CAIOBA 1","PCB01","Plataforma Fixa","CAIOBA","PETROBRAS","PETRÓLEO BRASILEIRO S.A. - PETROBRAS","Em Descomissionamento","28","1974","52","51","-11.00815278","-36.93288611",""
"PLATAFORMA DE CAIOBA 2","PCB02","Plataforma Fixa","CAIOBA","PETROBRAS","PETRÓLEO BRASILEIRO S.A. - PETROBRAS","Em Descomissionamento","28","1975","51","48","-11.00047778","-36.92485278",""
"PLATAFORMA DE CAIOBA 3","PCB03","Plataforma Fixa","CAIOBA","PETROBRAS","PETRÓLEO BRASILEIRO S.A. - PETROBRAS","Em Descomissionamento","29","1979","47","44","-10.99590556","-36.92382222",""
"PLATAFORMA DE CAIOBA 4","PCB04","Plataforma Fixa","CAIOBA","PETROBRAS","PETRÓLEO BRASILEIRO S.A. - PETROBRAS","Em Descomissionamento","26","1984","42","39","-11.00716389","-36.92591389",""
"PLATAFORMA DE CAMORIM 1","PCM01","Plataforma Fixa","CAMORIM","PETROBRAS","PETRÓLEO BRASILEIRO S.A. - PETROBRAS","Fora de Operação Permanentemente - Aguarda Descomissionamento","13","1976","50","48","-10.99395278","-36.99359167",""
"PLATAFORMA DE CAMORIM 10","PCM10","Plataforma Fixa","CAMORIM","PETROBRAS","PETRÓLEO BRASILEIRO S.A. - PETROBRAS","Fora de Operação Permanentemente - Aguarda Descomissionamento","20.7","1989","37","33","-10.97815278","-36.954225",""
"PLATAFORMA DE CAMORIM 11","PCM11","Plataforma Fixa","CAMORIM","PETROBRAS","PETRÓLEO BRASILEIRO S.A. - PETROBRAS","Fora de Operação Temporariamente - Hibernação","23","1989","37","33","-10.99021944","-36.95586944",""
"PLATAFORMA DE CAMORIM 2","PCM02","Plataforma Fixa","CAMORIM","PETROBRAS","PETRÓLEO BRASILEIRO S.A. - PETROBRAS","Fora de Operação Permanentemente - Aguarda Descomissionamento","14.9","1977","49","48","-10.98453056","-36.98221111",""
"PLATAFORMA DE CAMORIM 3","PCM03","Plataforma Fixa","CAMORIM","PETROBRAS","PETRÓLEO BRASILEIRO S.A. - PETROBRAS","Fora de Operação Permanentemente - Aguarda Descomissionamento","14","1978","48","47","-10.96785","-36.977375",""
"PLATAFORMA DE CAMORIM 4","PCM04","Plataforma Fixa","CAMORIM","PETROBRAS","PETRÓLEO BRASILEIRO S.A. - PETROBRAS","Fora de Operação Permanentemente - Aguarda Descomissionamento","17.5","1978","48","47","-10.98550833","-36.96479722",""
"PLATAFORMA DE CAMORIM 5","PCM05","Plataforma Fixa","CAMORIM","PETROBRAS","PETRÓLEO BRASILEIRO S.A. - PETROBRAS","Fora de Operação Permanentemente - Aguarda Descomissionamento","20","1978","48","45","-10.99950556","-36.97213889",""
"PLATAFORMA DE CAMORIM 6","PCM06","Plataforma Fixa","CAMORIM","PETROBRAS","PETRÓLEO BRASILEIRO S.A. - PETROBRAS","Fora de Operação Permanentemente - Aguarda Descomissionamento","25.5","1985","41","38","-10.98334167","-36.93286667",""
"PLATAFORMA DE CAMORIM 7","PCM07","Plataforma Fixa","CAMORIM","PETROBRAS","PETRÓLEO BRASILEIRO S.A. - PETROBRAS","Fora de Operação Permanentemente - Aguarda Descomissionamento","19.1","1985","41","37","-11.01398333","-36.988425",""
"PLATAFORMA DE CAMORIM 8","PCM08","Plataforma Fixa","CAMORIM","PETROBRAS","PETRÓLEO BRASILEIRO S.A. - PETROBRAS","Fora de Operação Permanentemente - Aguarda Descomissionamento","25.5","1986","40","37","-10.988175","-36.93803889",""
"PLATAFORMA DE CAMORIM 9","PCM09","Plataforma Fixa","CAMORIM","PETROBRAS","PETRÓLEO BRASILEIRO S.A. - PETROBRAS","Fora de Operação Permanentemente - Aguarda Descomissionamento","24","1989","37","35","-10.98700833","-36.94853056",""
"PLATAFORMA DE CARAPEBA 1","PCP-I","Plataforma Fixa","CARAPEBA","PERENCO","PERENCO PETRÓLEO E GÁS DO BRASIL LTDA.","Operando em Extensão de Vida Útil","86","1988","38","28","-22.24508639","-40.44303222",""
"PLATAFORMA DE CARAPEBA 2","PCP-II","Plataforma Fixa","CARAPEBA","PERENCO","PERENCO PETRÓLEO E GÁS DO BRASIL LTDA.","Operando em Extensão de Vida Útil","87","1988","38","35","-22.23357944","-40.415245",""
"PLATAFORMA DE CARAPEBA 3","PCP-III","Plataforma Fixa","CARAPEBA","PERENCO","PERENCO PETRÓLEO E GÁS DO BRASIL LTDA.","Operando em Extensão de Vida Útil","86","1994","32","28","-22.24496611","-40.44234222","RJ"
"PLATAFORMA DE CHERNE 1","PCH-I","Plataforma Fixa","CHERNE","PETROBRAS","PERENCO PETRÓLEO E GÁS DO BRASIL LTDA.","Fora de Operação Temporariamente - Hibernação","117","1984","42","42","-22.43305417","-40.48043556",""
"PLATAFORMA DE CHERNE 2","PCH-II","Plataforma Fixa","CHERNE","PETROBRAS","PERENCO PETRÓLEO E GÁS DO BRASIL LTDA.","Fora de Operação Temporariamente - Hibernação","139","1983","43","39","-22.46602361","-40.46877833",""
"PLATAFORMA DE CURIMÃ 1","PCR01","Plataforma Fixa","CURIMÃ","PETROBRAS","PETRÓLEO BRASILEIRO S.A. - PETROBRAS","Fora de Operação Permanentemente - Aguarda Descomissionamento","48","1983","43","39","-3.09076139","-38.79354611",""
"PLATAFORMA DE CURIMÃ 2","PCR02","Plataforma Fixa","CURIMÃ","PETROBRAS","PETRÓLEO BRASILEIRO S.A. - PETROBRAS","Fora de Operação Permanentemente - Aguarda Descomissionamento","48","1980","46","42","-3.09095167","-38.7939425",""
"PLATAFORMA DE DOURADO 1","PDO01","Plataforma Fixa","DOURADO","PETROBRAS","PETRÓLEO BRASILEIRO S.A. - PETROBRAS","Fora de Operação Permanentemente - Aguarda Descomissionamento","27","1976","50","48","-11.09818333","-36.95985278",""
"PLATAFORMA DE DOURADO 2","PDO02","Plataforma Fixa","DOURADO","PETROBRAS","PETRÓLEO BRASILEIRO S.A. - PETROBRAS","Fora de Operação Permanentemente - Aguarda Descomissionamento","31.5","1993","33","30","-11.1148","-36.96660833",""
"PLATAFORMA DE DOURADO 3","PDO03","Plataforma Fixa","DOURADO","PETROBRAS","PETRÓLEO BRASILEIRO S.A. - PETROBRAS","Fora de Operação Permanentemente - Aguarda Descomissionamento","27.5","1994","32","28","-11.11854167","-36.98033611",""
"PLATAFORMA DE ENCHOVA","PCE-1","Plataforma Fixa","ENCHOVA","TRIDENT","TRIDENT ENERGY DO BRASIL LTDA.","Operando em Extensão de Vida Útil","116","1983","43","14","-22.70836167","-40.693215",""
"PLATAFORMA DE ESPADA 1","PEP01","Plataforma Fixa","ESPADA","PETROBRAS","PETRÓLEO BRASILEIRO S.A. - PETROBRAS","Fora de Operação Permanentemente - Aguarda Descomissionamento","36","1982","44","40","-3.13316722","-38.81920778",""
"PLATAFORMA DE GAROUPA","PGP-1","Plataforma Fixa","GAROUPA","PETROBRAS","PETRÓLEO BRASILEIRO S.A. - PETROBRAS","Operando","120","1984","42","15","-22.37477944","-40.417455",""
"PLATAFORMA DE GUARICEMA 1","PGA01","Plataforma Fixa","GUARICEMA","PETROBRAS","PETRÓLEO BRASILEIRO S.A. - PETROBRAS","Fora de Operação Permanentemente - Aguarda Descomissionamento","28.7","1970","56","53","-11.1492","-37.04925833",""
"PLATAFORMA DE GUARICEMA 2","PGA02","Plataforma Fixa","GUARICEMA","PETROBRAS","PETRÓLEO BRASILEIRO S.A. - PETROBRAS","Fora de Operação Permanentemente - Aguarda Descomissionamento","25","1973","53","51","-11.16448056","-37.05267222",""
"PLATAFORMA DE GUARICEMA 3","PGA03","Plataforma Fixa","GUARICEMA","PETROBRAS","PETRÓLEO BRASILEIRO S.A. - PETROBRAS","Fora de Operação Permanentemente - Aguarda Descomissionamento","25","1973","53","51","-11.14268611","-37.04008333",""
"PLATAFORMA DE GUARICEMA 4","PGA04","Plataforma Fixa","GUARICEMA","PETROBRAS","PETRÓLEO BRASILEIRO S.A. - PETROBRAS","Fora de Operação Permanentemente - Aguarda Descomissionamento","24.1","1976","50","48","-11.13181667","-37.04770833",""
"PLATAFORMA DE GUARICEMA 5","PGA05","Plataforma Fixa","GUARICEMA","PETROBRAS","PETRÓLEO BRASILEIRO S.A. - PETROBRAS","Fora de Operação Permanentemente - Aguarda Descomissionamento","25","1975","51","48","-11.15365556","-37.06196111",""
"PLATAFORMA DE GUARICEMA 7","PGA07","Plataforma Fixa","GUARICEMA","PETROBRAS","PETRÓLEO BRASILEIRO S.A. - PETROBRAS","Fora de Operação Permanentemente - Aguarda Descomissionamento","27","1998","28","25","-11.20230278","-37.07966389",""
"PLATAFORMA DE GUARICEMA 8","PGA08","Plataforma Fixa","GUARICEMA","PETROBRAS","PETRÓLEO BRASILEIRO S.A. - PETROBRAS","Fora de Operação Permanentemente - Aguarda Descomissionamento","38","1998","28","24","-11.17751667","-37.01860278",""
"PLATAFORMA DE MANATI","PMNT","Plataforma Fixa","MANATI","PETROBRAS","PETRÓLEO BRASILEIRO S.A. - PETROBRAS","Operando","37","2007","19","16","-13.48997389","-38.81231333","BA"
"PLATAFORMA DE MERLUZA","PMLZ","Plataforma Fixa","MERLUZA","PETROBRAS","PETRÓLEO BRASILEIRO S.A. - PETROBRAS","Fora de Operação Temporariamente - Hibernação","131","1991","35","10","-25.26629417","-45.25432056",""
"PLATAFORMA DE MEXILHÃO","PMXL-1","Plataforma Fixa","MEXILHÃO","PETROBRAS","PETRÓLEO BRASILEIRO S.A. - PETROBRAS","Operando","172","2011","15","11","-24.35316389","-44.38281361",""
"PLATAFORMA DE NAMORADO 1","PNA-1","Plataforma Fixa","NAMORADO","PETROBRAS","PETRÓLEO BRASILEIRO S.A. - PETROBRAS","Operando","145","1983","43","8","-22.43865583","-40.42451583",""
"PLATAFORMA DE NAMORADO 2","PNA-2","Plataforma Fixa","NAMORADO","PETROBRAS","PETRÓLEO BRASILEIRO S.A. - PETROBRAS","Fora de Operação Permanentemente - Aguarda Descomissionamento","170","1984","42","8","-22.45074444","-40.41176444",""
"PLATAFORMA DE PAMPO 1","PPM-1","Plataforma Fixa","PAMPO","TRIDENT","TRIDENT ENERGY DO BRASIL LTDA.","Operando em Extensão de Vida Útil","115","1984","42","38","-22.7980075","-40.76254444",""
"PLATAFORMA DE PARGO 1A","PPG-1A","Plataforma Fixa","PARGO","PERENCO","PERENCO PETRÓLEO E GÁS DO BRASIL LTDA.","Operando em Extensão de Vida Útil","101","1988","38","34","-22.25555306","-40.32994917",""
"PLATAFORMA DE PARGO 1B","PPG-1B","Plataforma Fixa","PARGO","PERENCO","PERENCO PETRÓLEO E GÁS DO BRASIL LTDA.","Operando em Extensão de Vida Útil","101","1988","38","34","-22.25584","-40.33900528",""
"PLATAFORMA DE PESCADA 1A","PPE1A","Plataforma Fixa","PESCADA","PETROBRAS","PETRÓLEO BRASILEIRO S.A. - PETROBRAS","Operando","17","1998","28","24","-4.70473361","-36.82568944",""
"PLATAFORMA DE PESCADA 1B","PPE1B","Plataforma Fixa","PESCADA","PETROBRAS","PETRÓLEO BRASILEIRO S.A. - PETROBRAS","Operando","17","1998","28","24","-4.70450833","-36.825635",""
"PLATAFORMA DE PESCADA 2","PPE02","Plataforma Fixa","PESCADA","PETROBRAS","PETRÓLEO BRASILEIRO S.A. - PETROBRAS","Operando","17","1999","27","23","-4.71841806","-36.83579444",""
"PLATAFORMA DE PESCADA 3","PPE03","Plataforma Fixa","PESCADA","PETROBRAS","PETRÓLEO BRASILEIRO S.A. - PETROBRAS","Fora de Operação Temporariamente - Hibernação","18.5","2001","25","21","-4.68428333","-36.82508333",""
"PLATAFORMA DE PIRANEMA","FPPRM","Unidade Flutuante","PIRANEMA","TEEKAY","PETRÓLEO BRASILEIRO S.A. - PETROBRAS","Descomissionada","1090","2007","19","8","-11.3725","-36.99166667",""
"PLATAFORMA DE REBOMBEIO AUTÔNOMA 1","PRA-1","Plataforma Fixa","RONCADOR","PETROBRAS","PETRÓLEO BRASILEIRO S.A. - PETROBRAS","Operando","106","2008","18","15","-20.17123722","-40.12175222",""
"PLATAFORMA DE ROBALO 1","PRB01","Plataforma Fixa","SALGO","PETROBRAS","PETRÓLEO BRASILEIRO S.A. - PETROBRAS","Fora de Operação Permanentemente - Aguarda Descomissionamento","14","1986","40","48","-10.65354056","-36.63529806",""
"PLATAFORMA DE VERMELHO 1","PVM-1","Plataforma Fixa","VERMELHO","PERENCO","PERENCO PETRÓLEO E GÁS DO BRASIL LTDA.","Operando em Extensão de Vida Útil","80","1989","37","34","-22.16066028","-40.2787175",""
"PLATAFORMA DE VERMELHO 2","PVM-2","Plataforma Fixa","VERMELHO","PERENCO","PERENCO PETRÓLEO E GÁS DO BRASIL LTDA.","Fora de Operação Temporariamente - Hibernação","80","1989","37","34","-22.17536417","-40.29146778",""
"PLATAFORMA DE VERMELHO 3","PVM-3","Plataforma Fixa","VERMELHO","PERENCO","PERENCO PETRÓLEO E GÁS DO BRASIL LTDA.","Operando em Extensão de Vida Útil","82","1989","37","35","-22.189705","-40.30321833",""
"PLATAFORMA DE XAREU 1","PXA01","Plataforma Fixa","XARÉU","PETROBRAS","PETRÓLEO BRASILEIRO S.A. - PETROBRAS","Fora de Operação Permanentemente - Aguarda Descomissionamento","30","1981","45","43","-3.03072028","-39.0417",""
"PLATAFORMA DE XAREU 2","PXA02","Plataforma Fixa","XARÉU","PETROBRAS","PETRÓLEO BRASILEIRO S.A. - PETROBRAS","Fora de Operação Permanentemente - Aguarda Descomissionamento","28.5","1983","43","40","-3.0393725","-39.03895333",""
"PLATAFORMA DE XAREU 3","PXA03","Plataforma Fixa","XARÉU","PETROBRAS","PETRÓLEO BRASILEIRO S.A. - PETROBRAS","Fora de Operação Permanentemente - Aguarda Descomissionamento","28.5","1984","42","40","-3.03510889","-39.02302056",""
"POLVO A","POLVO A","Plataforma Fixa","POLVO","PRIO","PRIO BRAVO LTDA.","Operando","105","2007","19","15","-23.08381389","-40.99542917",""
"Q7000","Q7000","Unidade Semissubmersível","","HELIX","SHELL BRASIL PETRÓLEO LTDA.","Operando","0","2019","7","3","","",""
"QUADRO DE BÓIAS ARACAJU","QB ARACAJU","Monoboia/Q Boias/Cais-Petróleo","","PETROBRAS","","","18","1967","59","55","-11.04439528","-37.00087611",""
"QUADRO DE BÓIAS GUAMARE - CLAROS","QB GUAMARE CLA","Monoboia/Q Boias/Cais-Petróleo","","PETROBRAS","","","15","2014","12","8","-30.01180556","-50.09513889",""
"QUADRO DE BÓIAS GUAMARE - ESCUROS","QB GUAMARE ESC","Monoboia/Q Boias/Cais-Petróleo","","PETROBRAS","","","17","1986","40","36","-4.92465","-36.3735",""
"SIEM HELIX -1","NS-51","Navio Sonda","","HELIX","PETRÓLEO BRASILEIRO S.A. - PETROBRAS","Operando","0","2017","9","6","","",""
"SIEM HELIX 2","NS-52","Navio Sonda","","HELIX","PETRÓLEO BRASILEIRO S.A. - PETROBRAS","Abandono 7-MRL-159HP-RJS","0","2017","9","6","-22.43880083","-40.03432444",""
"SN-24","RED UNIT","Sonda","","PERENCO","PERENCO PETRÓLEO E GÁS DO BRASIL LTDA.","Operando","80","1995","31","27","","",""
"SONDA MODULADA 09","SM-09","Sonda","","PETROBRAS","PETRÓLEO BRASILEIRO S.A. - PETROBRAS","Operando","170","1982","44","41","-22.43876389","-40.42443056",""
"SONDA MODULADA 12","SM-12","Sonda","","TRIDENT","TRIDENT ENERGY DO BRASIL LTDA.","Operando","115","1984","42","-2","-22.7980075","-40.76254444",""
"SSV VICTORIA","SS-70","Unidade Semissubmersível","","VENTURA","PETRÓLEO BRASILEIRO S.A. - PETROBRAS","Operando","0","2020","6","13","","",""
"TIDAL ACTION","NS-63","Navio Sonda","","CONSTELLATION","PETRÓLEO BRASILEIRO S.A. - PETROBRAS","Completação 7-RO-201H-RJS","0","2025","1","-3","-21.97981444","-39.76491472",""
"VALARIS DS-17","DS-17","Navio Sonda","","VALARIS","EQUINOR BRASIL ENERGIA LTDA.","Perfuração 7-RAIA-2DA-RJS","0","2014","12","8","-23.38358333","-40.07448056",""
"VALARIS DS-4","NS-54","Navio Sonda","","VALARIS","PETRÓLEO BRASILEIRO S.A. - PETROBRAS","Perfuração 7-BUZ-116D-RJS","0","2011","15","12","-24.75514917","-42.34728917",""
"VALARIS DS-8","NS-58","Navio Sonda","","VALARIS","PETRÓLEO BRASILEIRO S.A. - PETROBRAS","Perfuração 7-TVD-17D-RJS","0","2015","11","8","-22.94599056","-40.70059722",""
"VALARIS RENAISSANCE","DS-15","Navio Sonda","","VALARIS","SHELL BRASIL PETRÓLEO LTDA.","Operando","0","2014","12","8","","",""
"WEST AURIGA","NS-62","Navio Sonda","","SEADRILL","SEADRILL UK LTD.","Operando","0","2024","2","9","","",""
"WEST CARINA","Ns-48","Navio Sonda","","SEADRILL","","Operando","0","2022","4","7","","",""
"WEST JUPITER","NS-55","Navio Sonda","","SEADRILL","PETRÓLEO BRASILEIRO S.A. - PETROBRAS","Perfuração 7-BUZ-109D-RJS","0","2022","4","8","-24.62917306","-42.47924389",""
"WEST POLARIS","NS-28","Navio Sonda","","SEADRILL","PETRÓLEO BRASILEIRO S.A. - PETROBRAS","Operando","0","2024","2","-2","","",""
"WEST SATURN","WSA","Navio Sonda","","SEADRILL","EQUINOR BRASIL ENERGIA LTDA.","Perfuração 8-BAC-9D-SPS","2681.62","2014","12","8","-25.49014778","-43.98735444",""
"WEST TELLUS","NS-47","Navio Sonda","","SEADRILL","PETRÓLEO BRASILEIRO S.A. - PETROBRAS","Perfuração 7-ATP-10DA-RJS","0","2022","4","9","-24.95215778","-42.50024583",""
