"nome","tipo","descricao","grupo_reporte","status","sistema_duto","flag_plataforma","inicio","fim","razao_fim","instalada","atualizada","tipo_atualizacao","lon","lat","feature_id","legacy_id"
"ANASURIA","FPSO","FPSO (ANASURIA)","ANASURIA OPERATING COMPANY LIMITED","ACTIVE","Fulmar Gas Pipeline","","","","","","2026-02-18","NO CHANGE","0.808234943000059","57.25653303100006","bcb1c849-dc88-4c24-83a9-e95310037e3b","700002106"
"Clair","PLATFORM","Clair Platform","BP EXPLORATION","ACTIVE","","","","","","","2026-02-18","NO CHANGE","-2.5442857229999731","60.691817145000073","f905bfad-bbbb-4fab-9ec1-b72200dc24ed",""
"Clair Ridge QU","PLATFORM","Clair Ridge QU Platform","BP EXPLORATION","ACTIVE","","","","","","","2026-02-18","NO CHANGE","-2.4968914379999774","60.735859245000029","fc8d46d4-f315-4784-ae95-31a56676030a",""
"Glen Lyon","FPSO","Glen Lyon FPSO","BP EXPLORATION","ACTIVE","","","","","","","2026-02-18","NO CHANGE","-4.0678533269999662","60.356391630000076","652c31d5-3db1-4735-9055-fd6b033e2c97",""
"Clair Ridge DP","PLATFORM","Clair Ridge DP Platform","BP EXPLORATION","ACTIVE","","","","","","","2026-02-18","NO CHANGE","-2.4942229559999305","60.736406472000056","1a7679d2-567a-4b0f-8789-08baa0c6c89c",""
"Andrew","PLATFORM","Andrew Platform","BP EXPLORATION","ACTIVE","","","","","","","2026-02-18","NO CHANGE","1.4027259580000759","58.046910196000056","e782ca1e-712f-48a0-a464-432cba2bc937",""
"Mungo Platform","PLATFORM","Mungo Platform","BP EXPLORATION","ACTIVE","","","","","","","2026-02-18","NO CHANGE","1.9963353110000526","57.374780918000056","d22d5405-a16f-48b1-b04e-0ab21f569727",""
"ETAP PDR","PLATFORM","Marnock PDR Platform","BP EXPLORATION","ACTIVE","","","","","","","2026-02-18","NO CHANGE","1.6614668540000253","57.294451176000052","e04a7828-845d-4842-94fc-88775b924584",""
"ETAP QU","PLATFORM","Marnock QU Platform","BP EXPLORATION","ACTIVE","","","","","","","2026-02-18","NO CHANGE","1.6607979800000408","57.293610027000057","f7503771-7488-46d9-b59b-a32c2600ed9f",""
"BLYTHE JACKET","PLATFORM","BLYTHE JACKET CRP","CALENERGY GAS (HOLDINGS)","ACTIVE","","","","","","","2026-02-18","NO CHANGE","1.4461259870000731","53.241253860000029","b2396cd7-04dd-4e22-a751-5f3fe399cc4b",""
"SOUTHWARK JACKET","PLATFORM","SOUTHWARK JACKET","CALENERGY GAS (HOLDINGS)","ACTIVE","","","","","","","2026-02-18","NO CHANGE","2.0968929620000267","53.183276996000075","3778d6a3-5f34-4cd2-9659-6f0f04c8ea44",""
"WINGATE PLATFORM","PLATFORM","WINGATE PRODUCTION PLATFORM","WINTERSHALL NOORDZEE","NOT IN USE","","","2011-07-25","","","","2026-02-18","MODIFY","2.6181244190000257","54.315852523000046","13798b31-1f98-4b6f-aff0-006426246214","700003344"
"CONWY PLATFORM","PLATFORM","CONWY NPAI PLATFORM","ENI UK LIMITED","ACTIVE","Liverpool Bay","","2013-01-21","","","","2026-02-18","NO CHANGE","-3.6729419139999777","53.625864781000075","4eb63552-e86a-4879-8946-e96ca70cf21b","700003424"
"OSI (OFFSHORE STORAGE INST.)","FPSO","STORAGE UNIT ATTACHED TO CALRAM BUOY","ENI UK LIMITED","ACTIVE","Liverpool Bay","","1995-01-01","","","","2026-02-18","NO CHANGE","-3.5459953519999772","53.682746369000029","d24aac6c-1b84-4c25-b089-beba09c1595f","700001901"
"DOUGLAS DW","PLATFORM","WELLHEAD STEEL","ENI UK LIMITED","ACTIVE","Liverpool Bay","","1995-01-01","","","","2026-02-18","NO CHANGE","-3.5767858999999476","53.53720635500008","44fb673e-de8e-4b25-aa86-e177d05a86d5","700001897"
"HAMILTON","PLATFORM","WELLHEAD STEEL","ENI UK LIMITED","ACTIVE","Liverpool Bay","","1995-01-01","","","","2026-02-18","NO CHANGE","-3.4543129409999551","53.565975373000072","4fe59ce4-602e-4525-8bba-9e8bb447c03a","700001898"
"DOUGLAS DP","PLATFORM","PRODUCTION STEEL","ENI UK LIMITED","ACTIVE","Liverpool Bay","","1995-01-01","","","","2026-02-18","NO CHANGE","-3.5782208499999797","53.537201329000027","77587079-8a79-4a15-a420-ff8a3e0d0df8","700001896"
"HAMILTON NORTH","PLATFORM","WELLHEAD STEEL","ENI UK LIMITED","ACTIVE","Liverpool Bay","","1995-01-01","","","","2026-02-18","NO CHANGE","-3.47790036899994","53.646375983000041","818112e2-0161-433f-9d9a-b14e95e25788","700001899"
"LENNOX","PLATFORM","WELLHEAD STEEL","ENI UK LIMITED","ACTIVE","Liverpool Bay","","1995-01-01","","","","2026-02-18","NO CHANGE","-3.1764040059999274","53.631347335000044","a9bc54ed-0c5d-4fbf-b257-bbdacfb7c713","700001900"
"DOUGLAS DA","PLATFORM","ACCOMMODATION JACKUP","ENI UK LIMITED","ACTIVE","Liverpool Bay","","1995-01-01","","","","2026-02-18","NO CHANGE","-3.5794942239999727","53.537234725000076","23ba3205-8730-4093-bb18-80049daba7f7","700001895"
"48/29A-FTP","PLATFORM","FIELD TERMINAL PLATFORM","ENI UK LIMITED","NOT IN USE","Hewett System","","","","","","2026-02-18","MODIFY","1.7941833470000574","53.016753000000051","51dd22da-f4d7-4109-997e-3660fcfab339","700002055"
"48/29A-P","PLATFORM","PROCESS PLATFORM","ENI UK LIMITED","NOT IN USE","Hewett System","","","","","","2026-02-18","MODIFY","1.7947129430000359","53.017329334000067","7c85c032-90ae-4264-9152-748cad17e5a8","700002053"
"48/29A-Q","PLATFORM","QUARTERS PLATFORM","ENI UK LIMITED","NOT IN USE","Hewett System","","","","","","2026-02-18","MODIFY","1.7963608660000432","53.017571659000055","f3613078-ada2-46f8-8f9b-68eb256c73b3","700002056"
"B_48/29-9","BUOY","MARK BUOY","ENI UK LIMITED","ACTIVE","Hewett System","","","","","","2026-02-18","NO CHANGE","1.6924364100000275","53.13074950400005","1660b1f3-d6a7-4522-9efe-d6334e047477",""
"B_48/30-10","BUOY","MARK BUOY","ENI UK LIMITED","ACTIVE","Hewett System","","","","","","2026-02-18","NO CHANGE","1.8529925210000329","53.086402210000074","4ce23686-c542-4856-ad84-8eecb9696dc1",""
"B_48/30-11","BUOY","MARK BUOY","ENI UK LIMITED","ACTIVE","Hewett System","","","","","","2026-02-18","NO CHANGE","1.8875207060000321","53.079754439000055","9903d8f5-f04f-487f-8556-cf9d512c13dc",""
"B_48/30-9","BUOY","MARK BUOY","ENI UK LIMITED","ACTIVE","Hewett System","","","","","","2026-02-18","NO CHANGE","1.8768634070000303","53.034939651000059","73521241-9411-4699-9bd6-06b1a526d9d9",""
"KRAKEN FPSO","FPSO","KRAKEN FPSO","ENQUEST PLC","ACTIVE","","","2015-04-01","","","","2026-02-18","NO CHANGE","1.2929969680000681","59.925462733000074","d968d54e-b10b-4d55-a81f-2e348d3b2a7a","700003633"
"MAGNUS","PLATFORM","PRODUCTION & DRILLING STEEL","ENQUEST PLC","ACTIVE","Ninian System","","","","","","2026-02-18","NO CHANGE","1.3056207690000292","61.619615650000071","8eb2d157-e549-48e4-9296-2b057ee6fd16","700001946"
"KITTIWAKE","PLATFORM","PRODUCTION DRILLING & ACCOMMODATION STEEL","ENQUEST PLC","ACTIVE","","","","","","","2026-02-18","NO CHANGE","0.51066687500002672","57.467678482000053","50c58648-4670-41fc-88c4-a6218f3ddf94","700002084"
"THISTLE A","PLATFORM","PRODUCTION & DRILLING STEEL","ENQUEST PLC","ACTIVE","Brent System","","","","","","2026-02-18","NO CHANGE","1.5781733590000613","61.362546487000031","13fe7722-fc50-4e5f-a5f9-c4c36393415a","700001960"
"DUNLIN A","PLATFORM","CONCRETE GRAVITY BASE STRUCTURE, TOPSIDES REMOVED, AID TO NAVIGATION INSTALLED ON LEG D.","FAIRFIELD ENERGY LIMITED","NOT IN USE","BRENT SYSTEM","","1977-06-06","2015-05-01","MAXIMISED ECONOMIC RECOVERY","","2026-02-18","NO CHANGE","1.5960020660000396","61.274295887000051","1732e277-b3e1-4f7b-b454-841eae44908e","700002071"
"FORTIES UNITY","PLATFORM","RISER PLATFORM","INEOS FPS LTD","ACTIVE","Forties Pipeline System (FPS)","","1993-01-01","","","","2026-02-18","NO CHANGE","0.75494522300004974","57.721067487000028","06558d64-1abd-4e57-94fb-d71ea01ecd2b","700002160"
"BREAGH ALPHA","PLATFORM","BREAGH ALPHA PLATFORM LOCATION","INEOS INDUSTRIES","ACTIVE","","","2011-10-16","","","","2026-02-18","NO CHANGE","0.4322679420000668","54.594811391000064","e9447b39-45ed-49eb-a9ff-433a011f2002","700003304"
"CLIPPER SOUTH","PLATFORM","CLIPPER SOUTH PLATFORM","INEOS INDUSTRIES","ACTIVE","","","2011-08-14","","","","2026-02-18","NO CHANGE","1.7833867350000219","53.403848569000047","3afd4a44-a337-42ed-a864-2536d816524b","700003355"
"PS – PRODUCTION SWEETENING PLATFORM","PLATFORM","PS – PRODUCTION SWEETENING PLATFORM","CNOOC INTERNATIONAL","ACTIVE","BUZZARD","","2010-05-01","","","","2026-02-18","NO CHANGE","-0.97640559499996016","57.814479271000039","7868d063-f801-442a-805a-9796dca9d384",""
"GOLDEN EAGLE PUQ PLATFORM","PLATFORM","GOLDEN EAGLE PUQ PLATFORM","CNOOC INTERNATIONAL","ACTIVE","GEAD","","2014-10-01","","","","2026-02-18","NO CHANGE","-0.91783535399997618","57.960090253000033","94186ea2-89d1-479e-9634-5ecf4ca88671","700003524"
"GOLDEN EAGLE WELLHEAD PLATFORM","PLATFORM","GOLDEN EAGLE WELLHEAD PLATFORM","CNOOC INTERNATIONAL","ACTIVE","GEAD","","2014-10-01","","","","2026-02-18","NO CHANGE","-0.91773750599998039","57.961268110000049","d8d2d6d5-9e78-4dba-a026-9986d6002969","700003526"
"PP – PRODUCTION PLATFORM","PLATFORM","PP – PRODUCTION PLATFORM","CNOOC INTERNATIONAL","ACTIVE","BUZZARD","","2005-06-03","","","","2026-02-18","NO CHANGE","-0.976005230999931","57.81355743000006","ba4069ee-6a7e-4e53-bd05-ff98fb9ddfec","700002574"
"SCOTT JD","PLATFORM","PRODUCTION STEEL DRILLING","CNOOC INTERNATIONAL","ACTIVE","SCOTT","","1993-09-01","","","","2026-02-18","NO CHANGE","0.20059374700002763","58.288703946000055","26df6790-4966-42c2-bc65-a98bb6ea58b2","700001883"
"SCOTT JU","PLATFORM","ACCOMMODATION STEEL JACK-UP","CNOOC INTERNATIONAL","ACTIVE","SCOTT","","1993-09-01","","","","2026-02-18","NO CHANGE","0.19903020300006347","58.288351208000051","91046a87-f1c8-45d0-9482-2075dcd8d4fc","700001884"
"UP – UTILITIES/QUARTERS PLATFORM","PLATFORM","UP – UTILITIES/QUARTERS PLATFORM","CNOOC INTERNATIONAL","ACTIVE","BUZZARD","","2005-07-13","","","","2026-02-18","NO CHANGE","-0.977632893999953","57.812858787000039","3a833ec2-e78f-4b7b-8fea-49daa520922c","700002576"
"WP – WELLHEAD PLATFORM","PLATFORM","WP – WELLHEAD PLATFORM","CNOOC INTERNATIONAL","ACTIVE","BUZZARD","","2005-06-20","","","","2026-02-18","NO CHANGE","-0.97443768499994121","57.814314696000054","7d86595c-5598-4a31-8c1a-0975b8aefbc9","700002575"
"CYGNUS B (BWHP)","PLATFORM","CYGNUS B BRAVO WELL HEAD PLATFORM","ITHACA ENERGY","ACTIVE","","","2015-07-15","","","","2026-02-18","NO CHANGE","2.1948613890000388","54.59991257300004","62daf851-88c0-4ab9-9ac6-59a6aa952448","700003568"
"ALBA","FPSO","ALBA FSU","ITHACA ENERGY","ACTIVE","","","","","","","2026-02-18","NO CHANGE","1.0326333030000683","58.047833309000055","50993f84-939f-406a-bd0d-895a22d0398a","700001974"
"ALBA NORTH","PLATFORM","ALBA NORTH (PRODUCTION DRILLING FIXED STEEL)","ITHACA ENERGY","ACTIVE","","","","","","","2026-02-18","NO CHANGE","1.0796333350000396","58.058033358000046","116e2e99-f034-465d-b313-58467d4d15fd","700001973"
"CAPTAIN BLPA","PLATFORM","CAPTAIN BLPA (WELLHEAD DRILLING & ACCOMMODATION STEEL)","ITHACA ENERGY","ACTIVE","Frigg UK System","","","","","","2026-02-18","NO CHANGE","-1.7714332379999291","58.306050003000053","1c4be57d-ddd6-4bfb-95df-c1d5aea699b3","700002135"
"CAPTAIN FPSO","FPSO","CAPTAIN FPSO","ITHACA ENERGY","ACTIVE","","","","","","","2026-02-18","NO CHANGE","-1.7447499959999391","58.304883304000043","ccf07fe9-9d9e-4507-ab7f-ba4e301c03c5","700002130"
"CAPTAIN WPPA","PLATFORM","CAPTAIN WPPA (WELLHEAD DRILLING & ACCOMMODATION STEEL)","ITHACA ENERGY","ACTIVE","","","","","","","2026-02-18","NO CHANGE","-1.77023324299995","58.30681673600003","2fd1b2b4-6aff-4dba-a76f-82443aa13cf5","700002131"
"ERSKINE","PLATFORM","ERSKINE (NUI)","ITHACA ENERGY","ACTIVE","Forties Pipeline System (FPS)","","","","","","2026-02-18","NO CHANGE","2.0699804650000715","57.039315128000055","3e347f9e-d8a1-4f0f-a1f4-886c0e83f730","700002132"
"FPF1","FPSO","STELLA FPF1","ITHACA ENERGY","ACTIVE","","","2016-08-30","","","","2026-02-18","NO CHANGE","2.1090126290000626","56.780759813000031","d286743b-8c17-464e-8a64-c230a6075dee","700003828"
"CYGNUS A (APU)","PLATFORM","ALPHA PRODUCTION PLATFORM INCLUDES ACCOMODATION, PROCESS AND WELLHEAD PLATFORMS LINKED BY BRIDGES","ITHACA ENERGY","ACTIVE","","","2014-07-22","","","","2026-02-18","NO CHANGE","2.2897518050000372","54.56864170800003","b2a11664-5776-4826-bfb3-07251c8ed4a9","700003567"
"CYGNUS A (AUQ)","PLATFORM","ALPHA LIVING QUARTERS PLATFORM","ITHACA ENERGY","ACTIVE","","","2014-07-31","","","","2026-02-18","NO CHANGE","2.2884003680000546","54.568171525000082","179b172b-151c-4776-a52f-8b0886d33a88","700003587"
"CYGNUS A (AWHP)","PLATFORM","ALPHA WELL HEAD PLATFORM","ITHACA ENERGY","ACTIVE","","","2014-05-12","","","","2026-02-18","NO CHANGE","2.2910780160000286","54.569089801000075","f944c1a3-6fcc-4ef3-af44-ef37aa5c490e","700003588"
"TIFFANY","PLATFORM","PRODUCTION STEEL JACKET","CNR INTERNATIONAL","ACTIVE","","","1992-01-01","","","","2026-02-18","NO CHANGE","1.26494099100006","58.477788775000079","71bfdca3-f164-4b76-9de0-6e71827b702c","700002183"
"NINIAN SOUTHERN","PLATFORM","NINIAN SOUTHERN PLATFORM","CNR INTERNATIONAL","ACTIVE","","","1977-05-01","","","","2026-02-18","NO CHANGE","1.4487986450000676","60.805053396000062","82be50fd-76b0-47bf-b834-5a2eaf19b41f","700002022"
"NINIAN CENTRAL","PLATFORM","NINIAN CENTRAL PLATFORM","CNR INTERNATIONAL","ACTIVE","","","1978-05-01","","","","2026-02-18","NO CHANGE","1.4675125560000311","60.856278365000037","10d5ca66-2158-4359-a187-13eabda984a8","700002023"
"MARKER BUOY","BUOY","BANFF SPECIAL MARKER BUOY","CNR INTERNATIONAL","ACTIVE","","","","","","","2026-02-18","NO CHANGE","1.3079590250000592","57.007435036000061","6a35acf8-2de0-4852-9d31-f68686a0705e","710000269"
"CARDINAL BUOY 1","BUOY","BANFF EAST CARDINAL BUOY","CNR INTERNATIONAL","ACTIVE","","","","","","","2026-02-18","NO CHANGE","1.3336956380000515","57.013710368000034","79da2326-78ab-4269-a2d4-061d5667391c","710000265"
"CARDINAL BUOY 2","BUOY","BANFF WEST CARDINAL BUOY","CNR INTERNATIONAL","ACTIVE","","","","","","2026-02-18","2026-02-18","ADD","1.2890987880000466","56.996800900000039","5e85c3d3-441b-4f40-84d0-26ab19c6c255",""
"44/17A WELLHEAD MARKER BUOY KFB20/2012 AREA3","BUOY","44/17A WELLHEAD MARKER BUOY KFB20/2012 AREA3","HARBOUR ENERGY PLC","ACTIVE","","","2012-09-17","","","","2026-02-18","NO CHANGE","2.3639407530000653","54.460029542000029","717ee788-25c7-4596-b2dc-da53ef684d4b","700003470"
"ARMADA","PLATFORM","ARMADA PLATFORM","HARBOUR ENERGY PLC","ACTIVE","CATS","","","","","","2026-02-18","NO CHANGE","1.8443991090000509","57.956818503000079","0621475f-cbc3-4bf3-a91b-f04455bee528","700001893"
"BOULTON","PLATFORM","WELLHEAD GAS LIFT","HARBOUR ENERGY PLC","NOT IN USE","CMS System","","1997-01-01","","","","2026-02-18","MODIFY","2.1528820440000231","54.242998830000033","a72c1585-41d9-4244-9a13-fd2f43ee2454","700001977"
"BRITANNIA","PLATFORM","PRODUCTION DRILLING STEEL","HARBOUR ENERGY PLC","ACTIVE","Forties Pipeline System (FPS)","","","","","","2026-02-18","NO CHANGE","1.1372674580000535","58.048017433000041","a2314fda-0964-4fbb-9610-c5f83c4bb589","700001971"
"BRITANNIA BLP","PLATFORM","BRIDGE LINKED PLATFORM","HARBOUR ENERGY PLC","ACTIVE","","","2006-08-01","","","","2026-02-18","NO CHANGE","1.1397243970000659","58.04813486200004","11c6e9fd-3fa6-4e63-84d0-1fe489c0ace7","700002799"
"CATS RISER","PLATFORM","RISER STEEL","HARBOUR ENERGY PLC","ACTIVE","CATS","","2017-07-07","","","","2026-02-18","NO CHANGE","1.8021324190000314","57.757436159000065","7e5b0e17-d6ba-48ed-b0e3-f60612316c44","700001916"
"JADE","PLATFORM","JADE","HARBOUR ENERGY PLC","ACTIVE","Norpipe Oil Pipeline","","","","","","2026-02-18","NO CHANGE","2.2541487330000223","56.849142114000074","5d6bb73a-91e5-47f9-a8b4-6b8e34baa731","700002494"
"JASMINE JLQ","PLATFORM","JASMINE LIVING QUARTERS PLATFORM","HARBOUR ENERGY PLC","ACTIVE","","","2012-07-17","","","","2026-02-18","NO CHANGE","2.2043961320000562","56.723608963000061","830b5751-c219-4d70-a2ec-b9c68534a1ce","710000083"
"JASMINE WELLHEAD PLATFORM","PLATFORM","JASMINE WELLHEAD PLATFORM","HARBOUR ENERGY PLC","ACTIVE","","","2011-06-01","","","","2026-02-18","NO CHANGE","2.2060637170000632","56.72440732900003","4246bb75-94eb-4692-9145-b882af32a9d4","700003353"
"JUDY","PLATFORM","PRODUCTION DRILLING STEEL","HARBOUR ENERGY PLC","ACTIVE","Norpipe Oil Pipeline","","","","","","2026-02-18","NO CHANGE","2.3369854660000442","56.696796519000031","1aa14b09-f775-48f2-8368-56e6e82287f2","700002050"
"JUDY JRP","PLATFORM","JUDY RISER PLATFORM","HARBOUR ENERGY PLC","ACTIVE","","","2012-07-11","","","","2026-02-18","NO CHANGE","2.33554063400004","56.698038637000082","481b5d11-4870-4cf0-8301-c8d53f3de329","710000084"
"LOMOND","PLATFORM","PRODUCTION & DRILLING STEEL","HARBOUR ENERGY PLC","ACTIVE","CATS","","","","","","2026-02-18","NO CHANGE","2.1767089780000219","57.286897306000071","fae34c19-30fe-4112-9979-774eeff7bbd5","700001945"
"MUNRO MH","PLATFORM","MUNRO MH PLATFORM","HARBOUR ENERGY PLC","NOT IN USE","","","2005-06-01","","","","2026-02-18","MODIFY","2.2987548340000217","54.433881240000062","cef191a1-0bb9-4465-9ac5-4839b16eae07","700002556"
"NORTH EVEREST","PLATFORM","PRODUCTION DRILLING STEEL","HARBOUR ENERGY PLC","ACTIVE","CATS","","2017-07-07","","","","2026-02-18","NO CHANGE","1.8000607010000635","57.758033347000037","06c07a81-94f0-4b59-9c02-701f1045d980","700001915"
"CALDER","PLATFORM","REMOTE DRILLING AND PRODUCTION PLATFORM","HARBOUR ENERGY PLC","ACTIVE","","","2002-10-01","","","","2026-02-18","NO CHANGE","-3.6630988439999328","53.807489733000068","c0125577-42a7-4e3b-9ab6-39b08c66547d","700002275"
"CATCHER","FPSO","BW CATCHER","HARBOUR ENERGY PLC","ACTIVE","","","2017-10-19","","","","2026-02-18","NO CHANGE","0.71313190000006443","56.770123050000052","d88d85c1-070c-462d-948d-17367be30e14","700003809"
"HEV MOORING LINE SURFACE BUOY","BUOY","HEV MOORING LINE SURFACE BUOY - SOLAN","HARBOUR ENERGY PLC","ACTIVE","","","","","","","2026-02-18","NO CHANGE","-3.946735384999954","60.05210889600005","d6f3d73e-8040-43e9-8101-0180e3f783ed","700003667"
"MILLOM WEST","PLATFORM","REMOTE DRILLING AND PRODUCTION PLATFORM","HARBOUR ENERGY PLC","NOT IN USE","","","","","","","2026-02-18","MODIFY","-3.8613714309999523","54.026239549000081","0cf73cb0-d034-45ac-9aba-16ab594581f8","700002011"
"SOLAN","PLATFORM","SOLAN PLATFORM","HARBOUR ENERGY PLC","NOT IN USE","","","2014-11-20","","","","2026-02-18","MODIFY","-3.97039196399993","60.061635811000031","5d56380f-5f6a-4425-bd94-22cb13224255","710000166"
"BRUCE CR","PLATFORM","COMPRESSION RISER STEEL","SERICA ENERGY","ACTIVE","Forties Pipeline System (FPS)","","","","","","2026-02-18","NO CHANGE","1.6711529770000197","59.743772813000078","15e1d20d-a95c-4f8c-a9dc-131ec4a9b6a9","700001908"
"BRUCE D","PLATFORM","DRILLING & PRODUCTION STEEL","SERICA ENERGY","ACTIVE","Forties Pipeline System (FPS)","","","","","","2026-02-18","NO CHANGE","1.6705006360000425","59.74320042800008","227de6db-3224-45a6-bf91-95404aa4af43","700001909"
"BRUCE PUQ","PLATFORM","PRODUCTION & ACCOMMODATION","SERICA ENERGY","ACTIVE","Forties Pipeline System (FPS)","","","","","","2026-02-18","NO CHANGE","1.6712992740000345","59.742355333000035","9859f5a9-2bca-4d34-a30a-3ad785e05165","700001910"
"BERYL A","PLATFORM","PRODUCTION DRILLING CONCRETE GRAVITY BASE","APACHE CORPORATION","ACTIVE","","","","","","","2026-02-18","NO CHANGE","1.5362378330000297","59.545123438000076","ba90780a-347a-4ed7-a849-62053d0ea4be","700002034"
"BERYL A RISER ACCESS TOWER","PLATFORM","RISER STEEL (RAT)","APACHE CORPORATION","ACTIVE","","","","","","","2026-02-18","NO CHANGE","1.5341024340000331","59.544586677000041","1e078993-d72a-4423-9581-7c03678adb16","700002044"
"BERYL FLARE","PLATFORM","FLARE BRIDGE/VERTICAL STACK","APACHE CORPORATION","ACTIVE","","","","","","","2026-02-18","NO CHANGE","1.5334259320000569","59.545820066000033","ee04614a-d911-4e71-a0b5-aad848300d22","700002042"
"BERYL SPM-3","SBM","SPM-3","APACHE CORPORATION","ACTIVE","","","","","","","2026-02-18","NO CHANGE","1.5576320840000335","59.533807617000036","f3725b3a-1c44-4944-ac56-2775113bc8f1","700002045"
"BERYL SPM-2","SBM","SPM-2","APACHE CORPORATION","ACTIVE","","","","","","","2026-02-18","NO CHANGE","1.5611611270000481","59.553722877000041","4bb90fc7-1697-4a2d-89cd-a6465e2ef278","700002032"
"FORTIES DELTA","PLATFORM","FORTIES DELTA","APACHE CORPORATION","ACTIVE","Forties Pipeline System (FPS)","","1975-06-30","","","","2026-02-18","NO CHANGE","0.90162794300005089","57.721761097000069","6b746730-66c1-4075-a97d-5ee9b2288b21","700002147"
"FASP","PLATFORM","FORTIES ALPHA SUPPORT PLATFORM","APACHE CORPORATION","ACTIVE","","","2013-06-30","","","","2026-02-18","NO CHANGE","0.96895600200002718","57.731201468000052","9cab0e3e-ccf1-40d0-bfcb-b3902cabc80f","700003547"
"FORTIES BRAVO","PLATFORM","FORTIES BRAVO","APACHE CORPORATION","ACTIVE","Forties Pipeline System (FPS)","","1974-08-31","","","","2026-02-18","NO CHANGE","0.91357045900002731","57.748661265000067","0978a4c7-f031-4f81-94b2-f7653985a1f8","700001918"
"FORTIES ECHO","PLATFORM","FORTIES ECHO","APACHE CORPORATION","ACTIVE","Forties Pipeline System (FPS)","","1986-06-30","","","","2026-02-18","NO CHANGE","1.0306326360000639","57.71556147900003","7721311b-c72a-4ce9-ac03-4032b3b0b750","700001920"
"BERYL B","PLATFORM","PRODUCTION DRILLING STEEL","APACHE CORPORATION","ACTIVE","","","","","","","2026-02-18","NO CHANGE","1.5114609130000645","59.609788095000056","e1299f05-cd22-434a-a807-709cc389248a","700002033"
"FORTIES CHARLIE","PLATFORM","FORTIES CHARLIE","APACHE CORPORATION","ACTIVE","Forties Pipeline System (FPS)","","1975-06-01","","","","2026-02-18","NO CHANGE","0.84594037400006528","57.726311618000068","cc344de9-8dbd-4d96-92d9-1d0ce4fa4c29","700001919"
"FORTIES ALPHA","PLATFORM","FORTIES ALPHA","APACHE CORPORATION","ACTIVE","Forties Pipeline System (FPS)","","1974-07-31","","","","2026-02-18","NO CHANGE","0.97122858800003087","57.73130787100007","2738d5cb-d683-48ae-8ef3-b2a13350f1cd","700001917"
"TRITON FPSO","FPSO","TRITON FPSO","DANA PETROLEUM LIMITED","ACTIVE","","","2000-04-30","","","","2026-02-18","NO CHANGE","0.89087222800003474","57.083247227000072","7f4a4958-379c-41c4-8b8e-77d215354ae0","700001886"
"KILMAR NUI","PLATFORM","PLATFORM STEEL","ENERGEAN PLC","ACTIVE","","","","","","","2026-02-18","MODIFY","1.3348077550000426","54.289859322000041","e1eb9e10-1e81-4089-9d23-936a0791a3ad","700002554"
"GARROW NUI","PLATFORM","GARROW","ENERGEAN PLC","ACTIVE","","","2006-10-23","","","","2026-02-18","MODIFY","0.99494870500006982","54.272483770000065","d5293647-7188-4f7a-ad73-513bac7d9f14","700002600"
"WENLOCK NUI","PLATFORM","WENLOCK","ENERGEAN PLC","ACTIVE","","","2006-10-23","","","","2026-02-18","MODIFY","2.2938696390000359","53.58807772800003","2f986518-a867-4a08-b9ee-346720078c73","700002601"
"MARINER B FSU","FSO","MARINER B FSU","ADURA ENERGY","ACTIVE","","","","","","","2026-02-18","NO CHANGE","1.0763808930000209","59.608289053000078","e8410621-9d68-44a1-9831-400173dd88f7","700003734"
"MARINER PDQ JACKET","PLATFORM","MARINER JACKET","ADURA ENERGY","ACTIVE","","","","","","","2026-02-18","NO CHANGE","1.055405219000022","59.588527351000039","c7f5190e-cd73-49aa-b3ab-1774f35929c9","700003733"
"Mariner Flare","FLARE STACK","Mariner Flare","ADURA ENERGY","ACTIVE","","","","","","","2026-02-18","NO CHANGE","1.0567347650000443","59.588693830000068","1253f1f5-7fc5-4ef5-bc27-00cf32748202",""
"Rosebank Wave rider bouy","BUOY","Wavebuoy floater","ADURA ENERGY","ACTIVE","","","2025-04-15","","","2026-02-18","2026-02-18","ADD","-3.7256174949999377","61.018465479000042","bfcf6e94-527c-43a2-8886-c0f0792b1905",""
"TOLMOUNT","PLATFORM","TOLMOUNT PLATFORM","KELLAS MIDSTREAM","ACTIVE","","","","","","","2026-02-18","NO CHANGE","0.44006352300004892","54.040142410000044","b6fab6d1-8fa6-41a7-aba7-dea4d45ecc88",""
"ELGIN B WHP","PLATFORM","ELGIN B WELLHEAD PLATFORM","TOTALENERGIES UPSTREAM UK LIMITED","ACTIVE","","","2012-09-03","","","","2026-02-18","NO CHANGE","1.8403908650000744","57.012030173000028","6ec64662-c785-40ad-840e-d21cc5f97cdb","700003444"
"CULZEAN FSO - AILSA","FSO","CULZEAN FSO - AILSA","TOTALENERGIES UPSTREAM UK LIMITED","ACTIVE","","","2017-04-11","","","","2026-02-18","NO CHANGE","1.9611010740000552","57.195474837000063","55571717-807f-4621-9892-8e5ff0aa539c","700003769"
"CULZEAN WHP JACKET","PLATFORM","CULZEAN CZW PLATFORM - WELLHEAD JACKET","TOTALENERGIES UPSTREAM UK LIMITED","ACTIVE","","","2016-04-13","","","","2026-02-18","NO CHANGE","1.9114317260000462","57.192449015000079","62ea6ed5-1b21-4c5a-8ee9-a38614d827df","700003731"
"GRYPHON ALPHA","FPSO","FPSO GRYPHON ALPHA","TOTALENERGIES UPSTREAM UK LIMITED","REMOVED","SAGE","","1993-01-01","","","","2026-02-18","MODIFY","1.5694483020000689","59.360305962000041","0ed97d08-23c8-4c42-a411-4d90e70cc4b0","700002027"
"CULZEAN LIVING QTRS AND UTILITY (ULQ)","PLATFORM","CULZEAN ULQ PLATFORM (UTILITY AND LIVING QTRS)","TOTALENERGIES UPSTREAM UK LIMITED","ACTIVE","","","","","","","2026-02-18","NO CHANGE","1.9079641820000575","57.190247097000054","af56ff5c-ed5d-4354-b0b1-ab2ae2270e18","700003768"
"FRIGG CDP1","PLATFORM","FRIGG CDP1","TOTALENERGIES UPSTREAM UK LIMITED","ABANDONED","","","1975-09-01","","","","2026-02-18","NO CHANGE","2.0602290920000428","59.874741888000074","d9d3f723-9eb8-4e98-8115-0cc79587504b","700002314"
"ELGIN A WHP","PLATFORM","ELGIN A WELLHEAD PRODUCTION STEEL","TOTALENERGIES UPSTREAM UK LIMITED","ACTIVE","Graben Area Export Line (GAEL)","","2000-03-01","","","","2026-02-18","NO CHANGE","1.8385540860000447","57.01161191500006","00944471-1d55-48d5-8dcb-76fc1e6f9e74","700002140"
"FRIGG TCP 2","PLATFORM","FRIGG TCP 2","TOTALENERGIES UPSTREAM UK LIMITED","ABANDONED","","","1977-06-01","","","","2026-02-18","NO CHANGE","2.065168682000035","59.879482516000053","8a29e9be-e42b-4e27-b909-5087768c78f1","700002312"
"ELLON / GRANT BUOY","BUOY","SUBSEA WELLHEAD MARKER BUOY","TOTALENERGIES UPSTREAM UK LIMITED","ACTIVE","","","2010-12-02","","","","2026-02-18","NO CHANGE","1.8015745400000469","60.597971639000036","71271400-c3f5-4d0e-b957-587866e969a9","700002728"
"DUNBAR","PLATFORM","WELLHEAD ACCOMMODATION STEEL","TOTALENERGIES UPSTREAM UK LIMITED","ACTIVE","Frigg UK System","","","","","","2026-02-18","NO CHANGE","1.6508777510000527","60.628908954000053","f882d2c1-cd15-46c5-bfd5-09e53ea09405","700002138"
"ELGIN PUQ","PLATFORM","PRODUCTION UTILITIES JACKUP","TOTALENERGIES UPSTREAM UK LIMITED","ACTIVE","Forties Pipeline System (FPS)","","","","","","2026-02-18","NO CHANGE","1.836305254000024","57.011054254000044","07b5bdcb-8d10-4ec2-a62d-da5aa0aedd52","700002139"
"CULZEAN PROCESSING PLATFORM (CPF)","PLATFORM","CULZEAN CPF (CENTRAL PROCESSING PLATFORM)","TOTALENERGIES UPSTREAM UK LIMITED","ACTIVE","","","","","","","2026-02-18","NO CHANGE","1.909759154000028","57.191253343000028","e2885541-22d0-47c7-a1c3-58d0f49372c5","700003767"
"WEST FRANKLIN WHP","PLATFORM","WEST FRANKLIN WELLHEAD PRODUCTION STEEL","TOTALENERGIES UPSTREAM UK LIMITED","ACTIVE","Graben Area Export Line (GAEL)","","2011-09-01","","","","2026-02-18","NO CHANGE","1.8057510260000527","56.959312456000077","37e8ff33-0210-4ab5-a035-d2cfbdaecb15","700002141"
"FRIGG TP 1","PLATFORM","FRIGG TP 1","TOTALENERGIES UPSTREAM UK LIMITED","ABANDONED","","","1976-01-01","","","","2026-02-18","NO CHANGE","2.0628912060000744","59.879160991000049","9fe69727-1e91-48e7-89e0-e5b7bbdb554b","700002311"
"FRANKLIN WHP","PLATFORM","FRANKLIN","TOTALENERGIES UPSTREAM UK LIMITED","ACTIVE","","","2001-08-01","","","","2026-02-18","NO CHANGE","1.8686465650000628","56.966213847000063","2c9d20de-d125-4b46-aaaa-66d1278a66b1","700003787"
"ALWYN NORTH NAA","PLATFORM","DRILLING & ACCOMMODATION STEEL","TOTALENERGIES UPSTREAM UK LIMITED","ACTIVE","Frigg UK System","","","","","","2026-02-18","NO CHANGE","1.7358612140000673","60.808742942000038","50d905b6-1199-4afc-ae89-0a367b37d519","700002136"
"ALWYN NORTH NAB","PLATFORM","PRODUCTION STEEL","TOTALENERGIES UPSTREAM UK LIMITED","ACTIVE","Frigg UK System","","","","","","2026-02-18","NO CHANGE","1.7336613590000525","60.809609670000043","a4db3b56-c96d-4f91-a4a9-1b14d7e416c1","700002137"
"MCP01","PLATFORM","MANIFOLD COMPRESSION CONCRETE GRAVITY BASE","TOTALENERGIES UPSTREAM UK LIMITED","ABANDONED","","","","","","","2026-02-18","NO CHANGE","-0.28799510299995745","58.826840051000033","5dd940d0-14c3-4c36-bed2-59e562589734","700002142"
"AUDREY A (WD)","PLATFORM","AUDREY A PLATFORM","SPIRIT ENERGY","REMOVED","A-Fields","","","2023-07-01","Removed","","2026-02-18","NO CHANGE","2.0144225140000458","53.539632364000056","39f13013-66dc-4aed-88bc-7a5916ebfe87","700003529"
"AUDREY B (XW)","PLATFORM","AUDREY B PLATFORM","SPIRIT ENERGY","REMOVED","A-Fields","","","2023-07-01","Removed","","2026-02-18","NO CHANGE","1.9694793060000393","53.56779345700005","6aa872f8-f61f-4dc2-9bd1-14c8eb39b71e","700003528"
"ROSE BUOY: 47/15B- 6W","BUOY","ROSE MOORING BUOY","SPIRIT ENERGY","ABANDONED","","","2004-07-15","","","","2026-02-18","NO CHANGE","0.9079226800000697","53.666430482000067","3cae4862-1a88-455a-9a8f-02967fac3c38","700002492"
"SOUTH MORECAMBE DP3","PLATFORM","REMOTE DRILLING PLATFORM","SPIRIT ENERGY","ABANDONED","","","","","","","2026-02-18","NO CHANGE","-3.5615779789999351","53.815863767000053","378759d5-ee36-4348-908c-8cf8b4014784","700002016"
"CHISWICK PLATFORM","PLATFORM","CHISWICK PLATFORM","SPIRIT ENERGY","ACTIVE","Greater Markham Area","","2006-08-19","","","","2026-02-18","NO CHANGE","2.745794457000045","53.939207926000051","f939741f-e7f3-49cb-96a0-ff3b62fcc6d9","700002620"
"GROVE PLATFORM","PLATFORM","GROVE PLATFORM","SPIRIT ENERGY","ACTIVE","Greater Markham Area","","2006-07-02","","","","2026-02-18","NO CHANGE","2.8537008290000472","53.715830346000075","3bd3897a-265e-476c-912c-ca7e0c420433","700002621"
"NORTH MORECAMBE DPPA","PLATFORM","REMOTE DRILLING AND PRODUCTION PLATFORM","SPIRIT ENERGY","ACTIVE","East Irish Sea Fields / Morecombe Fields","","","","","","2026-02-18","NO CHANGE","-3.6721992979999527","53.959690565000074","8b8ff45c-f6d4-49a3-9b6a-448f74ac59e1","700002012"
"SOUTH MORECAMBE AP1","PLATFORM","ACCOMMODATION PLATFORM","SPIRIT ENERGY","ACTIVE","East Irish Sea Fields / Morecombe Fields","","","","","","2026-02-18","NO CHANGE","-3.5832882549999567","53.845711684000037","566b1498-692e-46e4-96eb-0b66c80bc98e","700002013"
"SOUTH MORECAMBE CPP1","PLATFORM","CENTRAL PRODUCTION PLTFM CPP1","SPIRIT ENERGY","ACTIVE","East Irish Sea Fields / Morecombe Fields","","","","","","2026-02-18","NO CHANGE","-3.58211648799994","53.845903503000045","8d2f4ba6-ba4c-444d-ab5b-4c710b5a7ffb","700002014"
"SOUTH MORECAMBE DP1","PLATFORM","DRILLING PLATFORM DP1","SPIRIT ENERGY","ACTIVE","East Irish Sea Fields / Morecombe Fields","","","","","","2026-02-18","NO CHANGE","-3.5805052669999782","53.84616673000005","8417b2aa-754a-431e-a9e9-2810a8fb3dc5","700002015"
"SOUTH MORECAMBE DP6","PLATFORM","REMOTE DRILLING PLATFORM","SPIRIT ENERGY","ACTIVE","East Irish Sea Fields / Morecombe Fields","","","","","","2026-02-18","NO CHANGE","-3.6179898439999647","53.864230986000052","db2f5756-9f58-43cf-b93d-be43f561ca04","700002018"
"SOUTH MORECAMBE DP8","PLATFORM","REMOTE DRILLING PLATFORM","SPIRIT ENERGY","ACTIVE","East Irish Sea Fields / Morecombe Fields","","","","","","2026-02-18","NO CHANGE","-3.6241719119999516","53.891047084000036","e4cf3fcd-8090-49b9-a2e7-8db74c7cc57f","700002019"
"SOUTH MORECAMBE FL1","PLATFORM","FLARE PLATFORM","SPIRIT ENERGY","ACTIVE","East Irish Sea Fields / Morecombe Fields","","","","","","2026-02-18","NO CHANGE","-3.5821525749999523","53.846752730000048","d6c03b15-81a5-4ce6-a34b-e81f73163c41","700002020"
"YORK PLATFORM","PLATFORM","YORK PLATFORM","SPIRIT ENERGY","ACTIVE","York Platform","","2012-10-26","","","","2026-02-18","NO CHANGE","0.43269548700004634","53.886019077000071","7a43c8e5-a63d-4d2d-a3e9-23eb1c36bdad","710000088"
"SEAN PD","PLATFORM","SEAN PP-PD PLATFORM COMPLEX","ONE-DYAS","ACTIVE","Sean System","","","","","","2026-02-18","NO CHANGE","2.8612154140000712","53.188930937000066","a274738e-1a71-4dbc-93ec-00c8691d9602","700002086"
"SEAN PP","PLATFORM","SEAN PP-PD PLATFORM COMPLEX","ONE-DYAS","ACTIVE","Sean System","","","","","","2026-02-18","NO CHANGE","2.8602487990000327","53.188380909000045","1aea6a34-2521-4297-8953-d32f196f0b07","700002170"
"SEAN RD","PLATFORM","SEAN RD REMOTE PLATFORM","ONE-DYAS","ACTIVE","Sean System","","","","","","2026-02-18","NO CHANGE","2.826232381000068","53.225397606000058","297cc795-613d-4a39-9683-c567b4e01951","700002157"
"SHELL 17 UK 49/25A (W. CARDINAL BUOY)","BUOY","SHELL 17 UK 49/25A (W. CARDINAL BUOY)","ONE-DYAS","ACTIVE","","","","","","","2026-02-18","NO CHANGE","2.8118231390000687","53.227375702000074","bd306142-a42d-47cc-a10d-50184bab335a","700002240"
"SURFACE MOORING BUOY 1","OTHER (SURFACE)","MOORING BUOY 1 LOCATED BETWEEN ROMEO AND PAP PLATFORMS","ONE-DYAS","ACTIVE","","","","","","","2026-02-18","NO CHANGE","2.8500321860000213","53.199997561000032","c9aaf2f9-1224-4c91-83df-04a8a78f9923","700003770"
"SURFACE MOORING BUOY 2","OTHER (SURFACE)","MOORING BUOY 2 LOCATED BETWEEN ROMEO AND PAP PLATFORMS","ONE-DYAS","ACTIVE","","","","","","","2026-02-18","NO CHANGE","2.8167022450000445","53.183327595000037","11283cd7-dcc3-44f0-a7d2-8ed3b06af8a3","700003772"
"CLEETON WLTR","PLATFORM","WELLHEAD STEEL","PERENCO OIL & GAS","ACTIVE","ECA","","","","","","2026-02-18","MODIFY","0.72656974100004845","54.033025547000079","d92b426f-6098-4768-8b1d-7bf7abe336f8","700002159"
"AMETHYST A1D","PLATFORM","WELLHEAD STEEL","PERENCO OIL & GAS","NOT IN USE","AMETHYST","","","","","","2026-02-18","NO CHANGE","0.722652073000063","53.610687012000028","7fe69d1c-08b0-4f8f-a51a-555238737900","700001902"
"AMETHYST A2D","PLATFORM","WELLHEAD STEEL","PERENCO OIL & GAS","NOT IN USE","AMETHYST","","","","","","2026-02-18","NO CHANGE","0.789119951000032","53.622506577000081","8b225d07-a136-42ad-b400-210474c1a7df","700001903"
"AMETHYST B1D","PLATFORM","WELLHEAD STEEL","PERENCO OIL & GAS","NOT IN USE","AMETHYST","","","","","","2026-02-18","NO CHANGE","0.8773272970000221","53.561041784000054","bd1e61b9-04bd-46ad-b51e-d98c5d580674","700001904"
"BESSEMER A","PLATFORM","WELLHEAD STEEL","PERENCO OIL & GAS","ACTIVE","INDEFATIGABLE","","","","","","2026-02-18","NO CHANGE","2.4844669280000744","53.197432397000057","26a37543-3caf-4c9a-a4ec-332fa31b92ed","700001907"
"CLEETON CC","PLATFORM","COMPRESSION STEEL","PERENCO OIL & GAS","ACTIVE","ECA","","","","","","2026-02-18","NO CHANGE","0.72712017700007436","54.032719894000081","c61f2373-e679-43f9-8be0-02dffd90bd97","700001913"
"CLEETON PQ","PLATFORM","PRODUCTION & ACCOMMODATION STEEL","PERENCO OIL & GAS","ACTIVE","ECA","","","","","","2026-02-18","NO CHANGE","0.726357609000047","54.032602501000042","f9e35c1e-1624-4f37-8412-812b46c3e591","700001912"
"CLEETON RISER TOWER","PLATFORM","WELLHEAD STEEL","PERENCO OIL & GAS","ACTIVE","ECA","","","","","","2026-02-18","NO CHANGE","0.72741843900007552","54.033248645000072","b6358e5f-78e1-4c8e-87c3-986d0420d5b3","700002159"
"DAVY A","PLATFORM","WELLHEAD STEEL","PERENCO OIL & GAS","ACTIVE","INDEFATIGABLE","","","","","","2026-02-18","NO CHANGE","2.8947838070000671","53.00441139000003","6aec0f22-8772-455c-97ba-c081a070c8de","700001914"
"EXCALIBUR EA","PLATFORM","WELLHEAD STEEL","PERENCO OIL & GAS","ACTIVE","LAPS","","","","","","2026-02-18","NO CHANGE","1.3432205050000334","53.464352143000042","475e85a2-0c6c-4b9e-932f-d1e778ef4be6","700002037"
"HOTON","PLATFORM","HOTON","PERENCO OIL & GAS","ACTIVE","WEST SOLE","","","","","","2026-02-18","NO CHANGE","1.2063089010000567","53.80276075300003","252a211c-e2a9-4a8c-86f3-683257f30362","700002166"
"HYDE","PLATFORM","WELLHEAD STEEL","PERENCO OIL & GAS","ACTIVE","WEST SOLE","","","","","","2026-02-18","NO CHANGE","1.0271947780000232","53.806588843000043","da061ede-0266-4723-a0fe-111920b242c1","700001922"
"INDE AC","PLATFORM","COMPRESSION STEEL","PERENCO OIL & GAS","ACTIVE","INDEFATIGABLE","","","","","","2026-02-18","NO CHANGE","2.5735767270000451","53.322851697000033","943059b7-51ca-40c7-8e40-de1cb5a57349","700001923"
"INDE AD","PLATFORM","DRILLING & ACCOMMODATION STEEL","PERENCO OIL & GAS","ACTIVE","INDEFATIGABLE","","","","","","2026-02-18","NO CHANGE","2.5675940580000542","53.362219681000056","df475276-a888-4252-bf97-8fe47e8cca83","700001924"
"INDE AP","PLATFORM","PRODUCTION STEEL","PERENCO OIL & GAS","ACTIVE","INDEFATIGABLE","","","","","","2026-02-18","NO CHANGE","2.5684187170000428","53.362749016000066","a92b8e94-a2f6-4bed-bfc0-f924e465d92b","700001925"
"INDE AQ","PLATFORM","ACCOMMODATION STEEL","PERENCO OIL & GAS","ACTIVE","INDEFATIGABLE","","","","","","2026-02-18","NO CHANGE","2.57443250700004","53.323475079000048","0d0a7652-057f-452e-9be5-860d28d621aa","700002148"
"INDE AT","PLATFORM","TERMINAL/RISER STEEL","PERENCO OIL & GAS","ACTIVE","INDEFATIGABLE","","","","","","2026-02-18","NO CHANGE","2.572936741000035","53.322301082000081","d4bdffae-9698-4791-9ade-2f164af4a830","700001926"
"INDE BD","PLATFORM","DRILLING & ACCOMMODATION STEEL","PERENCO OIL & GAS","ACTIVE","INDEFATIGABLE","","","","","","2026-02-18","NO CHANGE","2.5230900970000221","53.391326996000032","ce2a5379-46b9-45c0-8de9-a9a3abfa3554","700001927"
"INDE BP","PLATFORM","PRODUCTION STEEL","PERENCO OIL & GAS","ACTIVE","INDEFATIGABLE","","","","","","2026-02-18","NO CHANGE","2.5237614060000624","53.391806029000065","ef3abcca-d667-4eec-8506-4982a1473901","700001928"
"INDE CD","PLATFORM","DRILLING & ACCOMMODATION STEEL","PERENCO OIL & GAS","ACTIVE","INDEFATIGABLE","","","","","","2026-02-18","NO CHANGE","2.5655162830000222","53.306653620000077","16c0acfc-a78d-479d-b3bb-cbd9311b68ff","700002161"
"INDE CP","PLATFORM","PRODUCTION STEEL","PERENCO OIL & GAS","ACTIVE","INDEFATIGABLE","","","","","","2026-02-18","NO CHANGE","2.5662897170000747","53.307121734000077","eb4caa48-0440-400d-95d3-6fb96dd38d78","700001929"
"INDE D","PLATFORM","WELLHEAD STEEL","PERENCO OIL & GAS","ACTIVE","INDEFATIGABLE","","","","","","2026-02-18","NO CHANGE","2.4988852520000364","53.30170793700006","4dc1a1be-e19a-4610-95fc-f6ffd7fcd116","700001930"
"LANCELOT A","PLATFORM","WELLHEAD STEEL","PERENCO OIL & GAS","ACTIVE","LAPS","","","","","","2026-02-18","NO CHANGE","1.3738916120000226","53.409370830000057","ff714349-63b5-4bb5-aa8c-d49cd6c564c6","700002039"
"LEMAN 27 AC","PLATFORM","COMPRESSION STEEL","PERENCO OIL & GAS","ACTIVE","LEMAN","","","","","","2026-02-18","NO CHANGE","2.2337094410000304","53.054143723000038","9c4449d4-f823-4473-8246-0274118109f5","700001931"
"LEMAN 27 AD","PLATFORM","DRILLING STEEL","PERENCO OIL & GAS","ACTIVE","LEMAN","","","","","","2026-02-18","NO CHANGE","2.2321284220000734","53.053279497000062","6d2ed73a-07b4-4c25-b78f-c73c05ead266","700002149"
"LEMAN 27 AP (PERENCO)","PLATFORM","PRODUCTION STEEL","PERENCO OIL & GAS","ACTIVE","LEMAN","","","","","","2026-02-18","NO CHANGE","2.2329263250000508","53.053716120000047","0b13dbcf-4380-495e-b589-ec069fa05001","700001932"
"LEMAN 27 BC","PLATFORM","COMPRESSION STEEL","PERENCO OIL & GAS","ACTIVE","LEMAN","","","","","","2026-02-18","NO CHANGE","2.2839511150000362","53.051421687000072","7aa63518-8981-4c77-a2e6-61c2a630dac8",""
"LEMAN AQ","PLATFORM","ACCOMMODATION STEEL","PERENCO OIL & GAS","ACTIVE","LEMAN","","","","","","2026-02-18","NO CHANGE","2.2345813240000325","53.054616768000074","674f58db-6eb3-49a0-bb49-f68ca521b3f4","700001933"
"LEMAN AX","PLATFORM","COMPRESSION STEEL","PERENCO OIL & GAS","ACTIVE","LEMAN","","","","","","2026-02-18","NO CHANGE","2.2334547490000318","53.054621820000079","58c010b4-075a-4bdc-b051-89a1ee9a6134","700001934"
"LEMAN BD (PERENCO)","PLATFORM","DRILLING & ACCOMMODATION STEEL","PERENCO OIL & GAS","ACTIVE","LEMAN","","","","","","2026-02-18","NO CHANGE","2.2836045930000637","53.05031946400004","c76c821a-1c80-4f6f-9710-7bfca5c75a88","700001935"
"LEMAN BP (PERENCO)","PLATFORM","PRODUCTION STEEL","PERENCO OIL & GAS","ACTIVE","LEMAN","","","","","","2026-02-18","NO CHANGE","2.2842827840000268","53.050808987000039","3adb0051-480d-4e04-a139-a117a9347996","700001936"
"LEMAN BT (PERENCO)","PLATFORM","TERMINAL / RISER STEEL","PERENCO OIL & GAS","ACTIVE","LEMAN","","","","","","2026-02-18","NO CHANGE","2.2849610830000415","53.051289510000061","0dccee4c-973e-4f92-88bc-82bd31be6475","700002162"
"LEMAN CD (PERENCO)","PLATFORM","DRILLING & ACCOMMODATION STEEL","PERENCO OIL & GAS","ACTIVE","LEMAN","","","","","","2026-02-18","NO CHANGE","2.2553703750000409","53.025712592000048","c1a6bca7-86c4-43f3-a23c-04c0e4f54c34","700002150"
"LEMAN CP (PERENCO)","PLATFORM","PRODUCTION STEEL","PERENCO OIL & GAS","ACTIVE","LEMAN","","","","","","2026-02-18","NO CHANGE","2.2560327830000233","53.02621111600007","91ac490e-0c36-467e-8d98-d301ef88303d","700001937"
"LEMAN DD","PLATFORM","DRILLING & ACCOMMODATION STEEL","PERENCO OIL & GAS","ACTIVE","LEMAN","","","","","","2026-02-18","NO CHANGE","2.3388606330000243","53.01627250100006","9e711b42-11ff-45cc-952b-a3c92d0b864d","700001938"
"LEMAN DP","PLATFORM","PRODUCTION STEEL","PERENCO OIL & GAS","ACTIVE","LEMAN","","","","","","2026-02-18","NO CHANGE","2.3396882380000648","53.016744526000082","7b3cd1ae-c8c6-4a57-a767-3fc456a974f9","700001939"
"LEMAN ED","PLATFORM","DRILLING & ACCOMMODATION STEEL","PERENCO OIL & GAS","ACTIVE","LEMAN","","","","","","2026-02-18","NO CHANGE","2.2096540200000732","53.06011727300006","35cd281f-fb70-4535-8bc9-a63ecd3555b1","700001940"
"LEMAN EP","PLATFORM","PRODUCTION STEEL","PERENCO OIL & GAS","ACTIVE","LEMAN","","","","","","2026-02-18","NO CHANGE","2.2103194340000414","53.060454272000072","34c226e5-02f4-492b-9e14-7bda2fbbb139","700001941"
"LEMAN FD","PLATFORM","DRILLING & ACCOMMODATION STEEL","PERENCO OIL & GAS","ACTIVE","LEMAN","","","","","","2026-02-18","NO CHANGE","2.3136344290000466","53.040032672000052","4fa47bbd-ae28-46f7-a4e5-8cc735938601","700001942"
"LEMAN FP","PLATFORM","PRODUCTION STEEL","PERENCO OIL & GAS","ACTIVE","LEMAN","","","","","","2026-02-18","NO CHANGE","2.314583338000034","53.04038879400008","93d89588-2226-41a5-8923-1a569e12d1fa","700001943"
"LEMAN G (PERENCO)","PLATFORM","WELLHEAD ACCOMMODATION STEEL","PERENCO OIL & GAS","ACTIVE","LEMAN","","","","","","2026-02-18","NO CHANGE","2.3803657260000364","53.036722288000078","9a92d587-9efd-4173-bac8-a517e385f694","700001944"
"LEMAN H","PLATFORM","WELLHEAD ACCOMMODATION STEEL","PERENCO OIL & GAS","ACTIVE","LEMAN","","","","","","2026-02-18","NO CHANGE","2.2137237630000755","53.003991749000079","58c3f1b1-5d23-4406-9f5e-adfb621ed268","700002151"
"MALORY","PLATFORM","WELLHEAD STEEL","PERENCO OIL & GAS","ACTIVE","LAPS","","","","","","2026-02-18","NO CHANGE","1.2428221980000558","53.543107133000035","2aa242a4-aa78-47b7-af73-38fa760ef029","700002040"
"MINERVA","PLATFORM","MINERVA PLATFORM","PERENCO OIL & GAS","ACTIVE","ECA","","","","","","2026-02-18","NO CHANGE","0.59350170000004709","53.949357900000052","69a80bbb-a573-4f32-95a4-2a85d1bff7af","700002548"
"NEPTUNE","PLATFORM","NEPTUNE PLATFORM","PERENCO OIL & GAS","ACTIVE","ECA","","","","","","2026-02-18","NO CHANGE","0.78914139400006889","53.983360684000047","82b7824a-77d4-4917-861c-2cd8548a06b6","700001894"
"PICKERILL A","PLATFORM","WELLHEAD STEEL","PERENCO OIL & GAS","NOT IN USE","PICKERILL","","","","","","2026-02-18","NO CHANGE","1.0759396600000741","53.549181941000029","a28407e3-3ee5-4a54-b74a-a21acc1cdea4","700001952"
"PICKERILL B","PLATFORM","WELLHEAD STEEL","PERENCO OIL & GAS","NOT IN USE","PICKERILL","","","","","","2026-02-18","NO CHANGE","1.1591944880000256","53.524145492000059","a334ebd4-1af6-44fb-a7d1-b605ac498141","700001953"
"RAVENSPURN NORTH CC","PLATFORM","PRODUCTION & ACCOMMODATION CONCRETE GRAVITY BASED","PERENCO OIL & GAS","ACTIVE","RAVENSPURN NORTH","","","","","","2026-02-18","NO CHANGE","1.1008357160000628","54.030631161000031","0c713031-46f2-4238-b262-fdebe6b7425f","700001954"
"RAVENSPURN NORTH CCW","PLATFORM","WELLHEAD STEEL","PERENCO OIL & GAS","ACTIVE","RAVENSPURN NORTH","","","","","","2026-02-18","NO CHANGE","1.1022190170000385","54.031114603000049","d584d6c1-8060-4cc2-a560-9c4b4c01d687","700001956"
"RAVENSPURN NORTH ST2","PLATFORM","WELLHEAD STEEL","PERENCO OIL & GAS","ACTIVE","RAVENSPURN NORTH","","","","","","2026-02-18","NO CHANGE","1.0330703290000542","54.053981169000053","a6de4011-32f8-4c0c-a8ed-49bf095fa8d3","700002164"
"RAVENSPURN NORTH ST3","PLATFORM","WELLHEAD STEEL","PERENCO OIL & GAS","ACTIVE","RAVENSPURN NORTH","","","","","","2026-02-18","NO CHANGE","0.91338895000006914","54.072647992000043","ef42ac0d-1c31-4d09-ae0d-cb42a567c65b","700001955"
"RAVENSPURN SOUTH A","PLATFORM","WELLHEAD STEEL","PERENCO OIL & GAS","ACTIVE","RAVENSPURN SOUTH","","","","","","2026-02-18","NO CHANGE","0.96499206100003221","54.028760212000066","186b1b9e-c5d6-4398-8f49-c2b72140b423","700001957"
"RAVENSPURN SOUTH B","PLATFORM","WELLHEAD STEEL","PERENCO OIL & GAS","ACTIVE","RAVENSPURN SOUTH","","","","","","2026-02-18","NO CHANGE","0.89859968700005766","54.059389557000031","d15576e3-2eca-410b-9836-cf7a0a1c37e2","700001958"
"RAVENSPURN SOUTH C","PLATFORM","WELLHEAD STEEL","PERENCO OIL & GAS","ACTIVE","RAVENSPURN SOUTH","","","","","","2026-02-18","NO CHANGE","0.82368343100006314","54.082523339000034","4c99a28f-ae82-4d80-ab97-fc4e21cf0ddd","700001959"
"TRENT","PLATFORM","WELLHEAD STEEL","PERENCO OIL & GAS","ACTIVE","TRENT TYNE & TORS","","","","","","2026-02-18","NO CHANGE","1.6585037990000728","54.298927137000078","4307cce6-d5a6-4a90-a25c-71113b313900","700001961"
"WAVENEY","PLATFORM","PRODUCTION STEEL","PERENCO OIL & GAS","ACTIVE","LAPS","","","","","","2026-02-18","NO CHANGE","1.3029210020000619","53.352365903000077","c6d208a0-749d-4b0a-a03f-0af2d28f59c1","700001967"
"WEST SOLE A (6 LEG)","PLATFORM","WELLHEAD STEEL","PERENCO OIL & GAS","ACTIVE","WEST SOLE","","","","","","2026-02-18","NO CHANGE","1.1479865200000745","53.702527621000058","d1f40b1d-58c1-4c06-85ea-979fcb63775d","700001966"
"WEST SOLE A (8 LEG)","PLATFORM","PRODUCTION & ACCOMMODATION STEEL","PERENCO OIL & GAS","ACTIVE","WEST SOLE","","","","","","2026-02-18","NO CHANGE","1.14848171400007","53.702631353000072","b577a212-4aee-4232-b555-4e37bad87a99","700001963"
"WEST SOLE A PP","PLATFORM","PRODUCTION STEEL","PERENCO OIL & GAS","ACTIVE","WEST SOLE","","","","","","2026-02-18","NO CHANGE","1.1492650090000325","53.702781357000049","895c7755-6592-4338-a5cb-1d83d49ae25e","700002165"
"WEST SOLE A SP","PLATFORM","WELLHEAD STEEL","PERENCO OIL & GAS","ACTIVE","WEST SOLE","","","","","","2026-02-18","NO CHANGE","1.1472484130000566","53.702481314000067","cd5731c1-b48e-4c22-8d84-793b5cd7c5d2","700001964"
"WEST SOLE B","PLATFORM","PRODUCTION & ACCOMMODATION STEEL","PERENCO OIL & GAS","ACTIVE","WEST SOLE","","","","","","2026-02-18","NO CHANGE","1.1178655950000689","53.718564727000057","acbfe39d-affb-43ae-8f63-20987d96f66f","700001965"
"WEST SOLE C","PLATFORM","PRODUCTION & ACCOMMODATION STEEL","PERENCO OIL & GAS","ACTIVE","WEST SOLE","","","","","","2026-02-18","NO CHANGE","1.0793497890000481","53.752564791000054","d11c011f-208f-4b4a-9086-f3e2c4c91a3f","700002153"
"A1 PICKERILL BUOY","BUOY","PICKERILL A BUOY WEST A1","PERENCO OIL & GAS","ACTIVE","PICKERILL","","","","","","2026-02-18","NO CHANGE","1.0684088740000561","53.549103886000069","d881ecd7-91f2-4bd9-9ddb-521335297c0d",""
"A2 PICKERILL A BUOY","BUOY","PICKERILL A BUOY NORTH A2","PERENCO OIL & GAS","ACTIVE","PICKERILL","","","","","","2026-02-18","NO CHANGE","1.0756004600000324","53.553624968000065","035a9c5c-57ec-4efa-9ea4-3b3ade767aba",""
"A3 PICKERILL A BUOY","BUOY","PICKERILL A BUOY EAST A3","PERENCO OIL & GAS","ACTIVE","PICKERILL","","","","","","2026-02-18","NO CHANGE","1.0831916320000232","53.549341795000032","8b3dc3e2-fac3-4886-b4e3-de85551d9743",""
"A4 PICKERILL A BUOY","BUOY","PICKERILL A BUOY SOUTH A4","PERENCO OIL & GAS","ACTIVE","PICKERILL","","","","","","2026-02-18","NO CHANGE","1.0759999400000311","53.544821166000077","4295477e-5248-49b3-aad5-c3caae87839f",""
"AOKA MIZU","FPSO","AOKA MIZU FPSO","PRAX GROUP","ACTIVE","","","2018-12-14","","","","2026-02-18","NO CHANGE","-3.8690869369999632","60.179919657000028","8ad8e54b-455a-46a6-a48b-01cb3120073d","700003827"
"EIDER A","PLATFORM","PRODUCTION & DRILLING STEEL","TAQA EUROPA B.V.","NOT IN USE","Brent System","","","2025-10-22","Topside has been removed","","2026-02-18","MODIFY","1.159820547000038","61.356814610000072","0730959f-f299-4633-a74d-1b9c1751123c","700002072"
"BRAE B","PLATFORM","PRODUCTION DRILLING STEEL","TAQA EUROPA B.V.","NOT IN USE","Brae-Forties Pipeline","","","2023-06-01","topside has been removed","","2026-02-18","MODIFY","1.3458703750000609","58.791769029000079","7031bd30-5e19-4104-bfa1-fa662ec89273","700002030"
"CORMORANT A","PLATFORM","PRODUCTION & DRILLING CONCRETE","TAQA EUROPA B.V.","NOT IN USE","Brent System","","","","","","2026-02-18","NO CHANGE","1.0712832950000575","61.102113430000031","65455a40-1085-47cc-b0b1-c320e56b82ca","700002068"
"CORMORANT NORTH","PLATFORM","PRODUCTION & DRILLING STEEL","TAQA EUROPA B.V.","NOT IN USE","FLAGS","","","","","","2026-02-18","NO CHANGE","1.1479831000000331","61.23993063000006","d7b68aba-7d40-4bf4-b979-07f85afd7ed2","700002069"
"TERN","PLATFORM","TERN PLATFORM","TAQA EUROPA B.V.","NOT IN USE","Brent System","","1996-09-25","","","","2026-02-18","NO CHANGE","0.91793458000006467","61.275519411000062","9f7111f4-73c1-4007-87f1-d2c57c9e8058","700002090"
"BRAE A","PLATFORM","PRODUCTION DRILLING STEEL","TAQA EUROPA B.V.","ACTIVE","Brae-Forties Pipeline","","","","","","2026-02-18","NO CHANGE","1.2803716830000553","58.692035575000034","a39c9536-6901-496a-8f82-786c62c749be","700002029"
"BRAE EAST","PLATFORM","PRODUCTION DRILLING STEEL","TAQA EUROPA B.V.","NOT IN USE","Brae-Forties Pipeline","","","","","","2026-02-18","NO CHANGE","1.5255137620000596","58.875568891000057","ce16b05c-b53a-40e6-b1d8-0a6dc5023045","700002031"
"HARDING","PLATFORM","PRODUCTION & DRILLING STEEL","TAQA EUROPA B.V.","ACTIVE","","","","","","","2026-02-18","NO CHANGE","1.5147710990000292","59.278903559000071","159c9790-0ef8-4967-a032-b4100dfaba4a","700001921"
"HARDING OLS BUOY","BUOY","HARDING OFFLOADING BUOY","TAQA EUROPA B.V.","ACTIVE","","","","","","","2026-02-18","NO CHANGE","1.5505192900000679","59.276436814000078","94530e03-bc09-4801-8bf0-63203a14141d","700001969"
"BACTON GAS TERMINAL","TERMINAL","BACTON GAS TERMINAL","unknown","ACTIVE","","N","","","","","2021-01-01","NO CHANGE","1.4573239720000402","52.857018527000037","2ba7f971-57fe-4e46-b46a-fe4f2ca1a867","700002375"
"BARROW-IN-FURNESS GAS TERMINAL","TERMINAL","BARROW-IN-FURNESS GAS TERMINAL","unknown","ACTIVE","","N","","","","","2021-01-01","NO CHANGE","-3.1828205579999462","54.092391568000039","2194e037-8f05-434d-b948-f3685b38631a","700002373"
"BRAYMORE POINT","TERMINAL","BRAYMORE POINT","unknown","ACTIVE","","N","","","","","2021-01-01","NO CHANGE","-6.2243473149999318","53.642040180000038","ca614f10-e4e2-4349-ada6-5d1cea2b7bac","700002472"
"CORSEWALL POINT","TERMINAL","CORESWALL POINT","unknown","ACTIVE","","N","","","","","2021-01-01","NO CHANGE","-5.177591437999979","54.97967183600008","f7dd0bcc-1832-46b8-9eb6-ce1214065ba6","700002432"
"CRUDEN BAY TANKS","TERMINAL","CRUDEN BAY TANKS","unknown","ACTIVE","","N","","","","","2021-01-01","NO CHANGE","-1.8903152839999393","57.383932655000081","33f20f9f-a202-4872-8cf3-afa7b3806aa4","700002381"
"DUNROD POINT","TERMINAL","DUNROD POINT","unknown","ACTIVE","","N","","","","","2021-01-01","NO CHANGE","-4.1221059529999593","54.786494766000033","9cfd38a2-8adb-4364-b2bc-d9ff373437e5","700002435"
"EASINGTON/DIMLINGTON GAS TERMINAL","TERMINAL","EASINGTON/DIMLINGTON GAS TERMINAL","unknown","ACTIVE","","N","","","","","2021-01-01","NO CHANGE","0.11359765800006016","53.658200998000041","ed8f1bc4-4f48-48d9-b8a7-b654216db8be","700002378"
"FLOTTA MARINE OIL TERMINAL","TERMINAL","FLOTTA MARINE OIL TERMINAL","unknown","ACTIVE","","N","","","","","2021-01-01","NO CHANGE","-3.11962138399997","58.838855773000034","10e91839-7c30-468f-b747-77d564c7fd35","700002379"
"GLEN MOOAN","TERMINAL","GLEN MOOAN","unknown","ACTIVE","","N","","","","","2021-01-01","NO CHANGE","-4.5996463419999714","54.26797728400004","ac4b692a-40ee-475f-8ee6-b6ff2269aa3b","700002471"
"ISLAND MAGEE","TERMINAL","ISLAND MAGEE","unknown","ACTIVE","","N","","","","","2021-01-01","NO CHANGE","-5.7546575759999428","54.852243768000051","84dae1e8-4251-4e5d-ae03-93015d00a836","700002433"
"LOUGHSHINNY","TERMINAL","LOUGHSHINNY","unknown","ACTIVE","","N","","","","","2021-01-01","NO CHANGE","-6.0900070339999388","53.535659638000027","d3113467-d963-4845-96df-f2644cde64ed","700002434"
"NIGG BAY","TERMINAL","NIGG BAY","unknown","ACTIVE","","N","","","","","2021-01-01","NO CHANGE","-3.9250341559999811","57.746459511000069","bc3f74df-8487-43d6-8f20-f76e0231da59","700002431"
"POINT OF AYR","TERMINAL","POINT OF AYR","unknown","ACTIVE","Liverpool Bay","N","","","","","2021-01-01","NO CHANGE","-3.3384495629999265","53.352941861000033","3ec5c9f9-ce01-43bc-a23d-ca67e2c2f0a9","700002430"
"ST FERGUS GAS TERMINAL","TERMINAL","ST FERGUS GAS TERMINAL","unknown","ACTIVE","","N","","","","","2021-01-01","NO CHANGE","-1.8379774299999667","57.576137348000032","a44987b5-5295-4eb8-91f2-53d916acec8c","700002376"
"SULLOM VOE OIL TERMINAL","TERMINAL","SULLOM VOE OIL TERMINAL","unknown","ACTIVE","","N","","","","","2021-01-01","NO CHANGE","-1.268575177999935","60.461150580000037","f36a9b11-b0c1-44b0-9ec5-aba59c043a2e","700002380"
"TEESSIDE OIL STORAGE DEPOT","TERMINAL","TEESSIDE OIL STORAGE DEPOT","unknown","ACTIVE","","N","","","","","2021-01-01","NO CHANGE","-1.2103527029999555","54.63633857800005","810321c2-f0ac-46f7-991f-0ff2ba58c1d3","700002382"
"TEESSIDE TERMINAL","TERMINAL","TEESSIDE TERMINAL","unknown","ACTIVE","","N","","","","","2021-01-01","NO CHANGE","-1.1299926759999721","54.619668556000079","486f7b30-6b0d-48e5-9a0b-ba48ac03883d","700002377"
"THEDDLETHORPE GAS TERMINAL","TERMINAL","THEDDLETHORPE GAS TERMINAL","unknown","ACTIVE","","N","","","","","2021-01-01","NO CHANGE","0.23465912400007483","53.360749293000026","88bb3242-9470-4ec1-974a-2ead03a2cb17","700002374"
"BABBAGE","PLATFORM","BABBAGE","NEO ENERGY GROUP","ACTIVE","","","2009-09-20","","","","2026-02-18","NO CHANGE","1.2192293730000756","53.963012313000036","a2480ab4-a44c-447b-b644-dbaa2f4ec403","700003029"
"FPSO GLOBAL PRODUCER III","FPSO","FPSO GLOBAL PRODUCER III","NEO ENERGY GROUP","ACTIVE","Global Producer FPSO","","2001-09-01","","","","2026-02-18","NO CHANGE","0.86261496800005943","58.352846918000068","1f6b40c5-7c00-4328-9788-7194c0e9d156","700002028"
"PENGUINS FPSO","FPSO","PENGUINS FPSO FPSO","ADURA ENERGY","ACTIVE","","","2024-07-22","","","","2026-02-18","NO CHANGE","1.5465723520000552","61.583124100000077","5006fb7a-4d87-4729-9fc4-22ea9184e0b0",""
"PENGUINS WAVERIDER","MONITOR BUOY","5 flashes in 10 seconds","ADURA ENERGY","ACTIVE","","","2025-01-22","","","","2026-02-18","NO CHANGE","1.5267443660000595","61.577146559000028","40379364-128f-49e1-9ea8-8403c9f37569",""
"PIERCE WAVERIDER","MONITOR BUOY","FL(5)Y.15S","ADURA ENERGY","ACTIVE","","","2025-04-13","","","","2026-02-18","NO CHANGE","2.2698166370000763","57.156033304000061","52ec33c9-ae01-4d77-8c8a-4e2b56f6996b",""
"BRENT C","PLATFORM","BRENT C PLATFORM","SHELL PLC","NOT IN USE","","","1978-07-01","","","","2026-02-18","NO CHANGE","1.7200934950000715","61.095625662000032","20f5b898-9312-4f4c-ba59-0c639f865857",""
"BARQUE PB","PLATFORM","BARQUE PB","SHELL PLC","ACTIVE","","","1990-04-01","","","","2026-02-18","NO CHANGE","1.5251812310000332","53.612420860000043","f9a3dbb0-5f79-4e2e-9891-23d3a2fae0c1",""
"BARQUE PL","PLATFORM","BARQUE PL","SHELL PLC","ACTIVE","","","1994-08-10","","","","2026-02-18","NO CHANGE","1.6323300020000602","53.567218120000064","a71c1963-70a6-41b3-943f-b309d5555c6e",""
"BRENT A","PLATFORM","BRENT A","SHELL PLC","NOT IN USE","","","1976-05-01","","","","2026-02-18","NO CHANGE","1.7036859620000655","61.034384161000048","34713e69-cd22-43a7-90cf-1082a80dc503",""
"BRENT B","PLATFORM","BRENT B","SHELL PLC","NOT IN USE","","","1975-09-01","","","","2026-02-18","NO CHANGE","1.7113689780000527","61.055335877000061","5595b6c1-182f-4460-a318-b8c9233f9fcb",""
"BRENT D","PLATFORM","BRENT D","SHELL PLC","NOT IN USE","","","1976-07-01","","","","2026-02-18","NO CHANGE","1.7344305920000238","61.131838060000064","73266aa7-07a0-43b1-ae90-922ea7f63d76",""
"JACKDAW","PLATFORM","JACKDAW PLATFORM","ADURA ENERGY","ACTIVE","","","2023-08-05","","","","2026-02-18","NO CHANGE","2.3792401750000636","56.900382943000068","281f09b2-2b76-48bc-9513-9c3ba0266b01",""
"BRIGANTINE BG","PLATFORM","BRIGANTINE BG","SHELL PLC","ACTIVE","","","","","","","2026-02-18","NO CHANGE","2.655009691000032","53.401741874000038","a67e333c-2b70-4651-855c-c1ee38fe9d96",""
"BRIGANTINE BR","PLATFORM","BRIGANTINE BR","SHELL PLC","ACTIVE","","","","","","","2026-02-18","NO CHANGE","2.696805328000039","53.441976483000076","8ae677f9-d558-41b6-b7f9-39f79067094e",""
"CARAVEL QR","PLATFORM","CARAVEL QR","SHELL PLC","ACTIVE","","","2007-08-12","","","","2026-02-18","NO CHANGE","2.8975705100000368","53.429213180000033","18cab728-f0b1-4a33-ab1d-fc65af666fcf",""
"CARRACK QA","PLATFORM","CARRACK QA","SHELL PLC","ACTIVE","","","","","","","2026-02-18","NO CHANGE","2.7908971250000718","53.578798240000026","82d4d1ba-1800-4864-8ffc-f8a9cc58447a",""
"CLIPPER PC","PLATFORM","CLIPPER PC","SHELL PLC","ACTIVE","","","1991-01-01","","","","2026-02-18","NO CHANGE","1.7320256280000308","53.45876323300007","b5a60863-f367-4151-84f4-f2e08cf78ee2",""
"CLIPPER PH","PLATFORM","CLIPPER PH","SHELL PLC","ACTIVE","","","2014-07-04","","","","2026-02-18","NO CHANGE","1.7292313790000549","53.458483665000074","69da04f8-38c7-49d7-8691-19409030247b",""
"CLIPPER PM","PLATFORM","CLIPPER PM","SHELL PLC","ACTIVE","","","1994-04-22","","","","2026-02-18","NO CHANGE","1.732645949000073","53.458566934000032","397ead78-2e25-4728-8d3b-544d0692a10e",""
"CLIPPER PR","PLATFORM","CLIPPER PR","SHELL PLC","ACTIVE","","","","","","","2026-02-18","NO CHANGE","1.7333491270000536","53.458243619000029","de181eef-da45-40f0-81dc-0ca6a0a229d7",""
"CLIPPER PT","PLATFORM","CLIPPER PT","SHELL PLC","ACTIVE","","","1990-04-01","","","","2026-02-18","NO CHANGE","1.73089810700003","53.458566915000063","77290eac-0363-4065-a46d-c5e923f46ac5",""
"CLIPPER PW","PLATFORM","CLIPPER PW","SHELL PLC","ACTIVE","","","1989-08-01","","","","2026-02-18","NO CHANGE","1.7306617490000349","53.459534876000077","28a732ef-e940-459c-b9bf-3c5930449b7e",""
"CORVETTE CV","PLATFORM","CORVETTE CV","SHELL PLC","ACTIVE","","","","","","","2026-02-18","NO CHANGE","2.6213492230000384","53.231180450000068","751f304c-92ad-4f5d-9c3d-25bc5aebabc3",""
"CUTTER QC","PLATFORM","CUTTER QC","SHELL PLC","ACTIVE","","","2005-07-04","","","","2026-02-18","NO CHANGE","2.6224015340000619","53.694847710000033","85d59890-81ef-483a-a1a1-0fd727cfb360",""
"GALLEON PG","PLATFORM","GALLEON PG","SHELL PLC","ACTIVE","","","1990-01-01","","","","2026-02-18","NO CHANGE","1.7982777680000481","53.519814882000048","74f3d92b-0de2-4dd2-b427-72612d372e92",""
"GALLEON PN","PLATFORM","GALLEON PN","SHELL PLC","ACTIVE","","","1990-01-01","","","","2026-02-18","NO CHANGE","1.9171968330000482","53.461962134000032","85276f8b-fdd8-4059-afeb-407302c27676",""
"GANNET A","PLATFORM","GANNET A","ADURA ENERGY","ACTIVE","","","1991-01-01","","","","2026-02-18","NO CHANGE","0.99842459700005293","57.184375644000056","cb7bd07c-2cfd-43ef-af0d-30997273750f",""
"LEMAN AC","PLATFORM","LEMAN AC","SHELL PLC","ACTIVE","","","2014-08-18","","","","2026-02-18","NO CHANGE","2.1302703200000224","53.090429026000038","609f276e-18ae-4080-9842-b2282c0030ec",""
"LEMAN AD1","PLATFORM","LEMAN AD1","SHELL PLC","ACTIVE","","","1967-06-01","","","","2026-02-18","NO CHANGE","2.128195043000062","53.089289610000037","14e69b16-24ed-40f4-8e45-2fda2c6ef973",""
"LEMAN AD2","PLATFORM","LEMAN AD2","SHELL PLC","ACTIVE","","","1969-09-01","","","","2026-02-18","NO CHANGE","2.1300645520000216","53.089782753000065","16921d3e-9f0b-4cec-b4c6-ff4d40259f5e",""
"LEMAN AK","PLATFORM","LEMAN AK","SHELL PLC","ACTIVE","","","1975-02-01","","","","2026-02-18","NO CHANGE","2.1291846510000596","53.090067963000081","35580d45-e655-42ad-be51-103dd1edd644",""
"LEMAN AP","PLATFORM","LEMAN AP","SHELL PLC","ACTIVE","","","1967-08-01","","","","2026-02-18","NO CHANGE","2.1291965420000452","53.089543577000029","f9afd31c-7d76-4235-b298-4692d64c81a9",""
"LEMAN BD","PLATFORM","LEMAN BD","SHELL PLC","ACTIVE","","","1969-06-01","","","","2026-02-18","NO CHANGE","2.1840380450000225","53.075809801000048","023e2dfc-45ce-43da-9559-89ddd102bf96",""
"LEMAN BP","PLATFORM","LEMAN BP","SHELL PLC","ACTIVE","","","1969-09-01","","","","2026-02-18","NO CHANGE","2.1850737450000679","53.076068510000027","b73e635d-d546-49d5-a2f6-db09802484d3",""
"LEMAN BT","PLATFORM","LEMAN BT","SHELL PLC","ACTIVE","","","1970-06-01","","","","2026-02-18","NO CHANGE","2.1798015880000321","53.080783413000063","0bb948c4-fad9-43f0-be24-166e3cae5b29",""
"LEMAN CD","PLATFORM","LEMAN CD","SHELL PLC","ACTIVE","","","1970-07-01","","","","2026-02-18","NO CHANGE","2.1608232010000279","53.096097642000075","55d21bd5-4550-4052-8ce3-40b6e63e170a",""
"LEMAN CP","PLATFORM","LEMAN CP","SHELL PLC","ACTIVE","","","1970-07-01","","","","2026-02-18","NO CHANGE","2.1619678480000744","53.096432803000027","6f93723f-eae3-4cab-9359-f132c8f623e3",""
"LEMAN D","PLATFORM","LEMAN D","SHELL PLC","ACTIVE","","","1971-09-01","","","","2026-02-18","NO CHANGE","2.1843178300000545","53.008776432000047","60334791-c56b-4d04-a8ff-eafcba66a139",""
"LEMAN E","PLATFORM","LEMAN E","SHELL PLC","ACTIVE","","","1982-01-01","","","","2026-02-18","NO CHANGE","2.1869033310000532","53.05201437900007","b116feee-51cc-46d2-9a0e-5fd6ec9eb0bd",""
"LEMAN F","PLATFORM","LEMAN F","SHELL PLC","ACTIVE","","","1985-12-01","","","","2026-02-18","NO CHANGE","2.065628476000029","53.108031788000062","b14c1d2b-c525-4a99-ba2c-d0018c030f92",""
"LEMAN G","PLATFORM","LEMAN G","SHELL PLC","ACTIVE","","","1986-01-01","","","","2026-02-18","NO CHANGE","2.1031788710000683","53.117302610000081","f9784b9b-eee3-4491-b1d9-7752f6fb3dee",""
"NELSON A","PLATFORM","NELSON A","ADURA ENERGY","ACTIVE","","","","","","","2026-02-18","NO CHANGE","1.1439990790000252","57.662228230000039","ee9b960a-24a0-41f2-8d38-02dd9f5e565f",""
"OFF BOTNEY GROUND","BUOY","OFF BOTNEY GROUND","SHELL PLC","ACTIVE","","","2007-07-02","","","","2026-02-18","NO CHANGE","2.8455000000000723","53.351666696000052","30fb3b7a-0ebb-48c5-984b-1a28f8fa261a",""
"PIERCE FPSO HAEWENE BRIM","FPSO","PIERCE FPSO HAEWENE BRIM","ADURA ENERGY","ACTIVE","","","","","","","2026-02-18","NO CHANGE","2.2930916770000636","57.160787241000037","a673c7ba-b9da-4216-ab2c-be71c5522915",""
"SHAMROCK QS","PLATFORM","SHAMROCK QS","SHELL PLC","ACTIVE","","","2007-08-21","","","","2026-02-18","NO CHANGE","2.9224530280000636","53.469519132000073","84487364-4fe7-4ee3-9d7c-a3811a459524",""
"SHEARWATER A","PLATFORM","SHEARWATER A","ADURA ENERGY","ACTIVE","","","1997-07-18","","","","2026-02-18","NO CHANGE","1.9538074900000311","57.031546667000043","6d6a3007-3f02-4870-b275-5bfef6de68a4",""
"SHEARWATER C","PLATFORM","SHEARWATER C","ADURA ENERGY","ACTIVE","","","1999-05-02","","","","2026-02-18","NO CHANGE","1.9534250260000476","57.030391021000071","0c7317ed-88c0-40f8-9b4a-bba043afb536",""
"SKIFF PS","PLATFORM","SKIFF PS","SHELL PLC","ACTIVE","","","","","","","2026-02-18","NO CHANGE","1.8841196370000262","53.448929057000043","fefa3d91-4e90-4b2e-94a0-86d4628da9f7",""
"VICTORY SURFACE WAVESCAN","MONITOR BUOY","4 LEDs Yellow (590nm) FL(5) 20S","ADURA ENERGY","ACTIVE","","","2023-09-05","","","2025-10-07","2026-02-18","NO CHANGE","-1.8972333729999491","60.988733397000033","df3b17b6-ceb5-4a76-bd71-3ce912d00655",""
"ROUGH BD","PLATFORM","ROUGH BD","CENTRICA STORAGE HOLDINGS","ACTIVE","","","1984-01-01","","","","2026-02-18","NO CHANGE","0.44051973900002395","53.833077036000077","768a37e5-82e8-4284-998a-c51da57d4884","700001890"
"ROUGH BP","PLATFORM","ROUGH BP","CENTRICA STORAGE HOLDINGS","ACTIVE","","","1984-01-01","","","","2026-02-18","NO CHANGE","0.44160303100005649","53.833772059000069","8650c995-7b36-44eb-a5a3-0633614ad4d5","700001891"
"ROUGH CD","PLATFORM","ROUGH CD","CENTRICA STORAGE HOLDINGS","ACTIVE","","","1985-01-01","","","","2026-02-18","NO CHANGE","0.44249132400005919","53.83443881200003","e2f6d721-20fd-44a8-9fa2-63508e0ddc39","700001892"
"ROUGH AD","PLATFORM","ROUGH AD","CENTRICA STORAGE HOLDINGS","NOT IN USE","","","1975-01-01","","","","2026-02-18","NO CHANGE","0.46979669400002422","53.824467087000073","94631e9f-dda9-48f4-be3a-9355ff741980","700001889"
"ROUGH AP","PLATFORM","ROUGH AP","CENTRICA STORAGE HOLDINGS","NOT IN USE","","","1975-01-01","","","","2026-02-18","NO CHANGE","0.47065838200006738","53.824883810000074","95277267-11ac-4f7f-8c9e-b2011cbf1e13","700001888"
"BEATRICE AP","PLATFORM","PRODUCTION STEEL","REPSOL RESOURCES UK","ABANDONED","","","","","","","2026-02-18","NO CHANGE","-3.0890167129999782","58.114116727000066","2b353f24-10f9-4256-a456-bbaafcb302bc","700002118"
"BEATRICE AD","PLATFORM","DRILLING & ACCOMMODATION STEEL","REPSOL RESOURCES UK","ABANDONED","","","","","","","2026-02-18","NO CHANGE","-3.0876832939999304","58.114633373000061","426436f1-9f42-4f29-825f-c12f98fb2013","700002119"
"BEATRICE CSS","PLATFORM","PRODUCTION","REPSOL RESOURCES UK","ABANDONED","","","","","","","2026-02-18","NO CHANGE","-3.0212832789999311","58.147416735000036","be516e4a-20eb-4cf8-986d-90e89868bf49","700002120"
"BEATRICE B","PLATFORM","PRODUCTION & ACCOMMODATION","REPSOL RESOURCES UK","ABANDONED","","","","","","","2026-02-18","NO CHANGE","-3.0216666809999424","58.147250004000057","0b3a53d7-7914-4ec6-b63e-0e00ec30e99c","700002121"
"BEATRICE C","PLATFORM","INJECTION STEEL","REPSOL RESOURCES UK","ABANDONED","","","","","","","2026-02-18","NO CHANGE","-3.15333327999997","58.09406677100003","336c3d30-8f19-4f0a-9bdd-d6af98d7863e","700002122"
"SALTIRE","PLATFORM","DRILLING PRODUCTION STEEL","REPSOL RESOURCES UK","ABANDONED","Flotta System","","","","","","2026-02-18","NO CHANGE","0.33420601900002112","58.416806815000029","4f5b9312-0b8d-4d6d-9800-c76fbeed6582","700002129"
"TARTAN A","PLATFORM","PRODUCTION LIFT","REPSOL RESOURCES UK","NOT IN USE","","","","","","","2026-02-18","NO CHANGE","0.072033352000062223","58.369249997000054","1137b508-9c1d-46dc-aa50-b06667cde3b5","700002133"
"MONTROSE BLP PLATFORM","PLATFORM","MONTROSE BLP PLATFORM","REPSOL RESOURCES UK","ACTIVE","","","2014-06-21","","","","2026-02-18","NO CHANGE","1.38688869300006","57.45113925000004","b03a8233-355f-4f69-82f8-390b0d6f17a2","700003749"
"PIPER B","PLATFORM","DRILLING PRODUCTION & ACCOMMODATION FIXED STEEL","REPSOL RESOURCES UK","ACTIVE","Flotta System","","","","","","2026-02-18","NO CHANGE","0.2495722690000548","58.460737366000046","7e55a207-e0cb-4d2d-82f2-9e892d938905","700002128"
"FULMAR AD","PLATFORM","WELLHEAD STEEL","REPSOL RESOURCES UK","ACTIVE","Fulmar Gas Pipeline","","","","","","2026-02-18","NO CHANGE","2.1536045470000431","56.49204659600008","7b7b4291-ce3a-4631-9feb-20bfccda5ecd","700002169"
"ROSS","FPSO","FPSO BLEOHOLM BLUEWATER","REPSOL RESOURCES UK","ACTIVE","Ross FPSO","","","","","","2026-02-18","NO CHANGE","-1.4399092459999565","58.10090716600007","dfdc623d-8dd1-4ddd-b56f-dfd97fd88bb2","700002125"
"CLAYMORE CPP","PLATFORM","PRODUCTION DRILLING STEEL","REPSOL RESOURCES UK","ACTIVE","Flotta System","","","","","","2026-02-18","NO CHANGE","-0.25507753899995578","58.448705235000034","496da53d-5530-4d57-a494-a16c3bfedf25","700002127"
"CLAYMORE CAP","PLATFORM","ACCOMMODATION STEEL","REPSOL RESOURCES UK","ACTIVE","Flotta System","","","","","","2026-02-18","NO CHANGE","-0.25752732099994091","58.449088536000033","38ae4bbc-82e5-471d-8f52-b8dfcbbe6553","700002126"
"CLYDE","PLATFORM","PRODUCTION DRILING STEEL","REPSOL RESOURCES UK","ACTIVE","Norpipe Oil Pipeline","","","","","","2026-02-18","NO CHANGE","2.2870017760000678","56.451963047000049","70cd1087-a412-497b-9317-a6662da10cae","700002123"
"AUK A","PLATFORM","PRODUCTION & DRILLING STEEL","REPSOL RESOURCES UK","ACTIVE","Norpipe Oil Pipeline","","","","","","2026-02-18","NO CHANGE","2.0619225290000713","56.399929948000079","062004c9-0197-42f3-ba78-097357b5fe15","700002059"
"ARBROATH","PLATFORM","WELLHEAD ACCOMMODATION","REPSOL RESOURCES UK","ACTIVE","Forties Pipeline System (FPS)","","","","","","2026-02-18","NO CHANGE","1.381665516000055","57.374298852000038","00c161ff-1e3c-49ea-ba4c-2f9044d23f53","700001906"
"FULMAR A","PLATFORM","PRODUCTION & DRILLING STEEL","REPSOL RESOURCES UK","ACTIVE","Fulmar Gas Pipeline","","","","","","2026-02-18","NO CHANGE","2.1531713240000272","56.492963345000078","58ee676f-4c9d-437f-ba21-0a62461b6b35","700002073"
"MONTROSE A","PLATFORM","PRODUCTION & DRILLING STEEL","REPSOL RESOURCES UK","ACTIVE","Forties Pipeline System (FPS)","","","","","","2026-02-18","NO CHANGE","1.3867829410000354","57.45003226700004","cbf085a2-3460-43ea-8e66-421470cf7862","700001950"
"FLOTTA SINGLE POINT MOORING SPM1","PLATFORM","FLOTTA SINGLE POINT MOORING SPM1","REPSOL RESOURCES UK","NOT IN USE","","","","","","2026-02-18","2026-02-18","ADD","-3.1239471349999803","58.869369472000074","e192bd85-cf58-4c29-91be-5627e38aff94",""
"FLOTTA SINGLE POINT MOORING SPM2","PLATFORM","FLOTTA SINGLE POINT MOORING SPM2","REPSOL RESOURCES UK","NOT IN USE","","","","","","2026-02-18","2026-02-18","ADD","-3.098462139999981","58.871124702000031","42d2f06c-b842-4ca0-8c4a-63dcee7aae98",""
